# generated by p2m_box_uv.py - box UVs replicate Prop2Mesh's cl_meshlab.lua
v -61.863468 -34.497021 12.556767
v -61.532661 -32.122791 18.547523
v -61.863487 -31.792416 18.356802
v -52.597008 -30.488152 25.584682
v -53.228703 -34.240479 19.770174
v -52.597008 -34.467674 19.901352
v 61.863499 -5.632790 31.959562
v 61.863499 0.002577 36.713646
v 61.863499 -6.372725 36.155895
v -61.863468 0.002582 -36.713753
v -61.863468 5.637912 -31.959669
v -61.863468 6.377840 -36.155998
v 61.863468 -23.596529 -28.124380
v 61.863468 -24.857594 -20.860228
v 61.863468 -28.121748 -23.599167
v 61.863499 11.102055 30.495483
v 61.863499 6.377848 36.155891
v 61.863499 5.637919 31.959562
v 61.863487 -16.223740 28.104784
v 61.863499 -12.554283 34.499538
v 61.863487 -18.354305 31.794960
v 61.863499 16.228918 28.104784
v 61.863499 12.559418 34.499531
v 61.863499 11.102055 30.495483
v 61.863468 0.002591 -32.452698
v 61.863468 -6.372674 -36.155998
v 61.863468 0.002591 -36.713753
v -61.863499 -12.554285 34.499538
v -61.863487 -16.223743 28.104784
v -61.863487 -18.354307 31.794964
v 61.863487 -24.857603 20.860096
v 61.863468 -23.596552 28.124260
v 61.863487 -28.121748 23.599049
v 61.863499 24.862757 20.860140
v 61.863499 23.601717 28.124279
v 61.863499 20.862745 24.860146
v 61.863468 -20.857582 24.860102
v 61.863487 -18.354305 31.794960
v 61.863468 -23.596552 28.124260
v 61.863468 -5.632770 -31.959681
v 61.863468 -12.554237 -34.499638
v 61.863468 -6.372674 -36.155998
v -61.863499 16.228916 28.104784
v -61.863499 12.559416 34.499531
v -61.863499 18.359442 31.794970
v -61.863499 28.107388 16.226288
v -61.863499 28.126902 23.599073
v -61.863499 31.797581 18.356802
v -61.863468 -28.121758 -23.599161
v -61.863468 -28.102249 -16.226387
v -61.863468 -24.857601 -20.860222
v 61.863468 -11.096880 -30.495558
v 61.863468 -18.354277 -31.795057
v 61.863468 -12.554237 -34.499638
v 61.863499 31.962206 5.635286
v 61.863499 34.502167 12.556780
v 61.863499 30.498098 11.099422
v -61.863468 -23.596554 28.124260
v -61.863487 -24.857607 20.860096
v -61.863487 -28.121752 23.599049
v 61.863499 30.498093 -11.099503
v 61.863499 36.158524 -6.375309
v 61.863499 31.962206 -5.635393
v 61.863468 -31.792414 -18.356909
v 61.863468 -30.492935 -11.099534
v 61.863468 -34.497017 -12.556892
v -61.863487 24.862745 -20.860209
v -61.863499 31.797573 -18.356915
v -61.863487 28.126896 -23.599161
v 61.863468 -36.153351 -6.375328
v 61.863468 -32.450073 -0.000063
v 61.863468 -36.711109 -0.000063
v -61.863499 30.498087 -11.099509
v -61.863499 36.158516 -6.375315
v -61.863499 34.502167 -12.556898
v -61.863499 -6.372727 36.155895
v -61.863487 -11.096922 30.495483
v -61.863499 -12.554285 34.499538
v 61.863487 -31.792414 18.356802
v 61.863487 -24.857603 20.860096
v 61.863487 -28.121748 23.599049
v 61.863468 -18.354277 -31.795057
v 61.863468 -20.857582 -24.860214
v 61.863468 -23.596529 -28.124380
v 61.863487 -11.096919 30.495483
v 61.863499 -6.372725 36.155895
v 61.863499 -12.554283 34.499538
v 61.863499 20.862745 24.860146
v 61.863499 18.359446 31.794973
v 61.863499 16.228918 28.104784
v -61.863499 24.862751 20.860134
v -61.863499 23.601715 28.124273
v -61.863499 28.126902 23.599073
v 61.863468 28.107388 -16.226368
v 61.863499 34.502174 -12.556892
v 61.863499 30.498093 -11.099503
v -61.863499 32.455242 -0.000063
v -61.863499 36.158516 6.375208
v -61.863499 36.716274 -0.000069
v -61.863468 -36.711117 -0.000056
v -61.863468 -31.957062 5.635293
v -61.863468 -32.450081 -0.000056
v -61.863468 -34.497021 -12.556886
v -61.863468 -31.957043 -5.635405
v -61.863468 -30.492941 -11.099534
v -61.863499 11.102051 30.495483
v -61.863499 6.377846 36.155891
v -61.863499 12.559416 34.499531
v 61.532677 18.550179 32.125320
v 61.863499 12.559418 34.499531
v 61.863499 18.359446 31.794973
v 61.532677 12.689870 34.857998
v 61.863499 6.377848 36.155891
v 61.863499 12.559418 34.499531
v 61.532677 23.846912 28.416513
v 61.863499 18.359446 31.794973
v 61.863499 23.601717 28.124279
v 61.532677 0.002577 37.095123
v 61.863499 6.377848 36.155891
v 61.532677 6.444088 36.531559
v -61.532661 -28.413973 -23.844362
v -61.863468 -31.792423 -18.356901
v -61.863468 -28.121758 -23.599161
v -61.863468 -36.711117 -0.000056
v -61.532661 -36.529030 6.441442
v -61.863468 -36.153358 6.375215
v 61.863499 31.797583 18.356802
v 61.532677 28.419138 23.844269
v 61.863499 28.126905 23.599073
v 61.532661 -34.855469 12.687231
v 61.863468 -36.153351 6.375208
v 61.863468 -34.497017 12.556761
v 61.863499 34.502167 12.556780
v 61.532677 32.127945 18.547523
v 61.863499 31.797583 18.356802
v 61.532677 -12.684741 34.857979
v 61.863487 -18.354305 31.794960
v 61.863499 -12.554283 34.499538
v 61.863499 36.158524 6.375215
v 61.532677 34.860626 12.687225
v 61.863499 34.502167 12.556780
v 61.532661 -23.841734 28.416500
v 61.863487 -18.354305 31.794960
v 61.532661 -18.545033 32.125282
v 61.863468 -12.554237 -34.499638
v 61.532661 -6.438926 -36.531670
v 61.863468 -6.372674 -36.155998
v 61.532661 -28.413969 23.844263
v 61.863468 -23.596552 28.124260
v 61.532661 -23.841734 28.416500
v -61.863468 -18.354286 -31.795057
v -61.532661 -23.841740 -28.416613
v -61.863468 -23.596539 -28.124380
v 61.532661 -28.413969 23.844263
v 61.863487 -31.792414 18.356802
v 61.863487 -28.121748 23.599049
v 61.863468 -18.354277 -31.795057
v 61.532661 -12.684714 -34.858101
v 61.863468 -12.554237 -34.499638
v 61.532661 -32.122787 18.547516
v 61.863468 -34.497017 12.556761
v 61.863487 -31.792414 18.356802
v 61.532677 32.127945 -18.547623
v 61.863499 34.502174 -12.556892
v 61.863499 31.797583 -18.356915
v -61.863468 -36.153358 -6.375321
v -61.532661 -37.092594 -0.000056
v -61.863468 -36.711117 -0.000056
v 61.532677 28.419138 -23.844362
v 61.863499 31.797583 -18.356915
v 61.863487 28.126905 -23.599161
v 61.532661 -36.529026 6.441436
v 61.863468 -36.711109 -0.000063
v 61.863468 -36.153351 6.375208
v 61.863487 23.601721 -28.124367
v 61.532677 28.419138 -23.844362
v 61.863487 28.126905 -23.599161
v 61.532661 -37.092590 -0.000063
v 61.863468 -36.153351 -6.375328
v 61.863468 -36.711109 -0.000063
v 61.532677 -12.684741 34.857979
v 61.863499 -6.372725 36.155895
v 61.532677 -6.438952 36.531563
v 61.532661 -36.529026 -6.441580
v 61.863468 -34.497017 -12.556892
v 61.863468 -36.153351 -6.375328
v -61.863468 12.559411 -34.499638
v -61.532661 6.444093 -36.531658
v -61.863468 6.377840 -36.155998
v 61.532661 -32.122787 -18.547628
v 61.863468 -34.497017 -12.556892
v 61.532661 -34.855469 -12.687369
v 61.532661 6.444101 -36.531658
v 61.863468 12.559420 -34.499638
v 61.863468 6.377849 -36.155998
v 61.532661 -28.413963 -23.844362
v 61.863468 -31.792414 -18.356909
v 61.532661 -32.122787 -18.547628
v -61.863499 12.559416 34.499531
v -61.532677 18.550177 32.125317
v -61.863499 18.359442 31.794970
v 61.532661 -28.413963 -23.844362
v 61.863468 -23.596529 -28.124380
v 61.863468 -28.121748 -23.599167
v -61.863468 -36.153358 6.375215
v -61.532661 -34.855476 12.687238
v -61.863468 -34.497021 12.556767
v 61.532661 -23.841730 -28.416613
v 61.863468 -18.354277 -31.795057
v 61.863468 -23.596529 -28.124380
v 61.532677 34.860622 -12.687344
v 61.863499 36.158524 -6.375309
v 61.863499 34.502174 -12.556892
v -61.863468 -34.497021 -12.556886
v -61.532661 -36.529030 -6.441574
v -61.863468 -36.153358 -6.375321
v 52.596981 -25.582186 -30.490789
v 51.997570 -30.388262 -25.500990
v 51.997555 -25.498360 -30.390903
v -53.547108 24.214060 28.854078
v -53.228714 19.772837 34.243011
v -53.228714 25.418718 30.289743
v 53.228714 0.002602 39.540417
v 53.547108 6.543285 37.094059
v 53.228714 6.868740 38.939705
v -53.547096 -18.830612 32.619999
v -53.228714 -13.521052 37.155834
v -53.547108 -12.880096 35.394749
v 53.228714 -6.863559 38.939705
v 53.547108 0.002590 37.666317
v 53.228714 0.002602 39.540417
v 53.228714 19.772840 34.243015
v 53.547108 24.214062 28.854082
v 53.228714 25.418720 30.289747
v -53.547108 24.214056 -28.854153
v -53.228703 30.292322 -25.416172
v -53.228703 25.418703 -30.289801
v -53.547096 18.835787 -32.620075
v -53.228703 25.418703 -30.289801
v -53.228703 19.772806 -34.243088
v 53.547096 -18.830608 32.619995
v 53.228714 -13.521049 37.155834
v 53.228703 -19.767672 34.242996
v 53.228714 30.292345 25.416050
v 53.547108 32.622616 18.833122
v 53.228714 34.245644 19.770164
v -53.547096 -28.851532 24.211401
v -53.228703 -34.240479 19.770174
v -53.228703 -30.287178 25.416073
v 53.228703 13.526232 -37.155945
v 53.547096 6.543299 -37.094177
v 53.228687 6.868727 -38.939808
v 53.547096 -35.392246 -12.882720
v 53.228703 -38.937176 -6.866196
v 53.228703 -37.153316 -13.523687
v 53.228714 37.158474 13.523575
v 53.547108 37.096722 6.540630
v 53.228714 38.942337 6.866058
v 53.228703 -34.240475 19.770172
v 53.547096 -28.851528 24.211397
v 53.228703 -30.287174 25.416069
v 53.228703 19.772816 -34.243084
v 53.547096 12.885262 -35.394855
v 53.228703 13.526232 -37.155945
v 53.228703 -37.153309 13.523582
v 53.547108 -32.617447 18.833097
v 53.228703 -34.240475 19.770172
v 53.228703 38.942337 -6.866184
v 53.547108 37.668949 -0.000071
v 53.547108 37.096722 -6.540761
v -53.547108 35.397388 12.882604
v -53.228714 34.245640 19.770163
v -53.228714 37.158466 13.523572
v 53.228703 37.158466 -13.523694
v 53.547108 37.096722 -6.540761
v 53.547108 35.397388 -12.882723
v 53.547096 -24.208883 28.854044
v 53.228703 -19.767672 34.242996
v 53.228703 -25.413555 30.289673
v -53.547108 -32.617451 18.833101
v -53.228703 -37.153316 13.523584
v -53.228703 -34.240479 19.770174
v -53.547108 32.622616 18.833120
v -53.228714 30.292341 25.416048
v -53.228714 34.245640 19.770163
v 53.228703 34.245644 -19.770290
v 53.547096 28.856710 -24.211498
v 53.228703 30.292332 -25.416168
v 53.228714 -13.521049 37.155834
v 53.547108 -6.538125 37.094063
v 53.228714 -6.863559 38.939705
v 53.228703 30.292332 -25.416168
v 53.547108 24.214066 -28.854151
v 53.228703 25.418713 -30.289797
v 53.547096 -24.208893 -28.854170
v 53.228687 -30.287174 -25.416176
v 53.228687 -25.413540 -30.289816
v 53.228703 25.418713 -30.289797
v 53.547096 18.835796 -32.620071
v 53.228703 19.772816 -34.243084
v 53.228714 30.292345 25.416050
v 53.547108 24.214062 28.854082
v 53.547119 28.856710 24.211416
v -53.547108 37.096718 6.540627
v -53.228714 37.158466 13.523572
v -53.228714 38.942333 6.866055
v -53.547096 -35.392250 -12.882717
v -53.228687 -34.240479 -19.770287
v -53.228703 -37.153320 -13.523685
v -53.547081 0.002582 -37.666431
v -53.228687 6.868719 -38.939808
v -53.228687 0.002582 -39.540520
v -53.228703 37.158459 -13.523697
v -53.547108 37.096718 -6.540763
v -53.228703 38.942333 -6.866187
v -53.547108 6.543283 37.094059
v -53.228714 0.002600 39.540417
v -53.228714 6.868737 38.939705
v 53.228687 0.002591 -39.540520
v 53.547081 -6.538086 -37.094177
v 53.228687 -6.863534 -38.939808
v 53.228703 37.158466 -13.523694
v 53.547108 32.622616 -18.833229
v 53.228703 34.245644 -19.770290
v -53.228714 39.543060 -0.000063
v -53.547108 37.096718 6.540627
v -53.228714 38.942333 6.866055
v -51.997581 37.282467 -13.568821
v -52.597008 39.200695 -6.911761
v -51.997581 39.072285 -6.889118
v 52.597008 19.904007 -34.470291
v 51.997581 25.503527 -30.390873
v 52.596992 25.587353 -30.490757
v -52.597008 39.200695 6.911617
v -51.997581 37.282471 13.568708
v -51.997581 39.072285 6.888980
v 52.597008 13.615966 37.402363
v 51.997593 19.838793 34.357307
v 51.997581 13.571368 37.279816
v -51.997555 -25.498369 -30.390900
v -52.596981 -19.898821 -34.470306
v -51.997555 -19.833607 -34.357391
v 52.597019 19.904007 34.470200
v 51.997581 25.503536 30.390829
v 51.997593 19.838793 34.357307
v -51.997593 19.838789 34.357304
v -52.597008 13.615963 37.402363
v -51.997581 13.571364 37.279816
v 52.597008 25.587362 30.490702
v 51.997581 30.393419 25.500866
v 51.997581 25.503536 30.390829
v -52.596992 0.002582 -39.802876
v -51.997570 6.891637 -39.069744
v -51.997570 0.002582 -39.672474
v 52.597008 34.472839 19.901342
v 51.997581 30.393419 25.500866
v 52.597008 30.493317 25.584679
v 51.997581 -30.388262 25.500885
v 52.596992 -25.582184 30.490644
v 51.997570 -25.498369 30.390753
v 52.597008 37.404995 13.613316
v 51.997581 34.359924 19.836136
v 52.597008 34.472839 19.901342
v -51.997570 -39.669857 -0.000050
v -52.597008 -39.195564 6.911623
v -52.596992 -39.800251 -0.000050
v 52.597008 39.200703 6.911620
v 51.997581 37.282478 13.568711
v 52.597008 37.404995 13.613316
v -51.997581 -30.388266 25.500887
v -52.596992 -25.582186 30.490648
v -52.597008 -30.488152 25.584682
v 52.597008 39.200703 6.911620
v 51.997581 39.675007 -0.000059
v 51.997581 39.072289 6.888983
v 52.597008 -13.610784 37.402348
v 51.997581 -6.886477 39.069641
v 51.997581 -13.566198 37.279819
v 52.597008 39.200703 -6.911758
v 51.997581 39.675007 -0.000059
v 52.597008 39.805408 -0.000059
v 51.997570 -39.669849 -0.000053
v 52.597008 -39.195557 6.911620
v 51.997581 -39.067131 6.888983
v 52.597008 39.200703 -6.911758
v 51.997581 37.282471 -13.568817
v 51.997581 39.072289 -6.889115
v -52.597008 39.200695 -6.911761
v -51.997581 39.674999 -0.000063
v -51.997581 39.072285 -6.889118
v -51.997581 -37.277309 -13.568827
v -52.596992 -39.195538 -6.911742
v -52.596992 -37.399857 -13.613425
v 51.997581 -37.277302 -13.568830
v 52.596992 -39.195530 -6.911746
v 51.997570 -39.067120 -6.889096
v 52.597008 0.002602 39.802753
v 51.997593 6.891645 39.069660
v 51.997581 0.002602 39.672356
v 52.596992 -34.467670 -19.901455
v 51.997581 -37.277302 -13.568830
v 51.997570 -34.354740 -19.836267
v -51.997581 30.393415 25.500862
v -52.597008 25.587358 30.490698
v -51.997581 25.503532 30.390825
v 52.596992 -6.909083 -39.198170
v 51.997570 -13.566161 -37.279949
v 51.997570 -6.886434 -39.069744
v -52.597008 13.615963 37.402363
v -51.997593 6.891643 39.069660
v -51.997581 13.571364 37.279816
v -52.597008 34.472836 19.901340
v -51.997581 30.393415 25.500862
v -51.997581 34.359921 19.836132
v -51.997555 -19.833607 -34.357391
v -52.596992 -13.610768 -37.402466
v -51.997570 -13.566170 -37.279949
v 52.596981 -19.898811 -34.470310
v 51.997555 -25.498360 -30.390903
v 51.997555 -19.833599 -34.357395
v -51.997581 -37.277309 -13.568827
v -52.596992 -34.467678 -19.901453
v -51.997570 -34.354752 -19.836264
v 51.997581 -6.886477 39.069641
v 52.597008 0.002602 39.802753
v 51.997581 0.002602 39.672356
v 52.596992 0.002591 -39.802876
v 51.997570 6.891645 -39.069744
v 52.596992 6.914289 -39.198170
v 51.997570 -37.277294 13.568724
v 52.597008 -34.467670 19.901350
v 51.997581 -34.354740 19.836142
v 52.597008 34.472839 -19.901455
v 51.997581 30.393419 -25.500984
v 51.997581 34.359924 -19.836254
v 52.596981 -19.898811 -34.470310
v 53.228687 -25.413540 -30.289816
v 52.596981 -25.582186 -30.490789
v 52.597008 13.615966 37.402363
v 53.228714 19.772840 34.243015
v 52.597019 19.904007 34.470200
v 52.596981 -25.582186 -30.490789
v 53.228687 -30.287174 -25.416176
v 52.596992 -30.488148 -25.584816
v -53.228703 19.772806 -34.243088
v -52.596992 13.615969 -37.402454
v -53.228703 13.526222 -37.155945
v -52.597008 -13.610787 37.402348
v -53.228703 -19.767673 34.243000
v -52.597008 -19.898851 34.470188
v 52.596992 -30.488148 -25.584816
v 53.228687 -34.240467 -19.770290
v 52.596992 -34.467670 -19.901455
v 53.228687 6.868727 -38.939808
v 52.596992 0.002591 -39.802876
v 52.596992 6.914289 -39.198170
v 52.597008 25.587362 30.490702
v 53.228714 30.292345 25.416050
v 52.597008 30.493317 25.584679
v -52.597008 13.615963 37.402363
v -53.228714 6.868737 38.939705
v -52.597019 6.914287 39.198093
v 52.596992 -25.582184 30.490644
v 53.228703 -30.287174 25.416069
v 53.228703 -25.413555 30.289673
v 53.228687 -6.863534 -38.939808
v 52.596992 -13.610759 -37.402466
v 52.596992 -6.909083 -39.198170
v 53.228687 0.002591 -39.540520
v 52.596992 -6.909083 -39.198170
v 52.596992 0.002591 -39.802876
v 53.228703 25.418713 -30.289797
v 52.597008 19.904007 -34.470291
v 52.596992 25.587353 -30.490757
v 52.597008 -39.195557 6.911620
v 53.228703 -39.537895 -0.000053
v 53.228703 -38.937180 6.866071
v 53.228703 30.292332 -25.416168
v 52.596992 25.587353 -30.490757
v 52.597008 30.493317 -25.584810
v 52.597008 -6.909121 39.198040
v 53.228714 -13.521049 37.155834
v 53.228714 -6.863559 38.939705
v 53.228703 34.245644 -19.770290
v 52.597008 30.493317 -25.584810
v 52.597008 34.472839 -19.901455
v 52.597008 -34.467670 19.901350
v 53.228703 -37.153309 13.523582
v 53.228703 -34.240475 19.770172
v 52.596992 -39.195530 -6.911746
v 53.228703 -39.537895 -0.000053
v 52.596992 -39.800247 -0.000053
v 52.597008 -30.488148 25.584679
v 53.228703 -34.240475 19.770172
v 53.228703 -30.287174 25.416069
v 53.228714 30.292345 25.416050
v 52.597008 34.472839 19.901342
v 52.597008 30.493317 25.584679
v 53.228703 13.526232 -37.155945
v 52.596992 6.914289 -39.198170
v 52.596992 13.615978 -37.402454
v -52.597019 6.914287 39.198093
v -53.228714 0.002600 39.540417
v -52.597008 0.002600 39.802753
v 52.597008 -19.898849 34.470184
v 53.228703 -25.413555 30.289673
v 53.228703 -19.767672 34.242996
v 53.228714 38.942337 6.866058
v 52.597008 39.805408 -0.000059
v 52.597008 39.200703 6.911620
v 52.597008 -13.610784 37.402348
v 53.228703 -19.767672 34.242996
v 53.228714 -13.521049 37.155834
v 53.228714 37.158474 13.523575
v 52.597008 39.200703 6.911620
v 52.597008 37.404995 13.613316
v -53.228687 6.868719 -38.939808
v -52.596992 0.002582 -39.802876
v -53.228687 0.002582 -39.540520
v 53.228714 34.245644 19.770164
v 52.597008 37.404995 13.613316
v 52.597008 34.472839 19.901342
v 52.597008 0.002602 39.802753
v 53.228714 -6.863559 38.939705
v 53.228714 0.002602 39.540417
v -53.228687 -30.287184 -25.416172
v -52.596981 -25.582195 -30.490786
v -52.596992 -30.488157 -25.584814
v 52.597019 6.914289 39.198093
v 53.228714 0.002602 39.540417
v 53.228714 6.868740 38.939705
v -53.228714 34.245640 19.770163
v -52.597008 37.404987 13.613312
v -53.228714 37.158466 13.523572
v 52.597008 13.615966 37.402363
v 53.228714 6.868740 38.939705
v 53.228714 13.526232 37.155827
v -53.228687 -19.767649 -34.243111
v -52.596992 -13.610768 -37.402466
v -52.596981 -19.898821 -34.470306
v -53.228687 -34.240479 -19.770287
v -52.596992 -30.488157 -25.584814
v -52.596992 -34.467678 -19.901453
v 61.863468 -31.957056 5.635286
v 61.863468 -34.497017 12.556761
v 61.863468 -36.153351 6.375208
v -61.863499 5.637917 31.959562
v -61.863499 0.002575 36.713646
v -61.863499 6.377846 36.155891
v -61.863468 -31.792423 -18.356901
v -61.863468 -30.492941 -11.099534
v -61.863468 -28.102249 -16.226387
v 61.863468 -34.497017 12.556761
v 61.863487 -28.102243 16.226250
v 61.863487 -31.792414 18.356802
v 61.863499 32.455250 -0.000056
v 61.863499 36.158524 -6.375309
v 61.863499 36.716278 -0.000063
v -61.863487 -18.354307 31.794964
v -61.863468 -20.857586 24.860109
v -61.863468 -23.596554 28.124260
v 61.863487 16.228909 -28.104853
v 61.863468 12.559420 -34.499638
v 61.863487 18.359461 -31.795021
v -61.863468 -18.354286 -31.795057
v -61.863468 -20.857590 -24.860214
v -61.863468 -16.223740 -28.104853
v 61.863499 30.498098 11.099422
v 61.863499 31.797583 18.356802
v 61.863499 28.107393 16.226294
v -61.863487 -31.792416 18.356802
v -61.863487 -24.857607 20.860096
v -61.863487 -28.102249 16.226250
v 61.863499 32.455250 -0.000056
v 61.863499 36.158524 6.375215
v 61.863499 31.962206 5.635286
v -61.863468 -34.497021 12.556767
v -61.863487 -28.102249 16.226250
v -61.863487 -30.492929 11.099397
v -61.863499 30.498093 11.099422
v -61.863499 31.797581 18.356802
v -61.863499 34.502159 12.556773
v -61.863468 -34.497021 12.556767
v -61.863468 -31.957062 5.635293
v -61.863468 -36.153358 6.375215
v 61.863468 5.637921 -31.959669
v 61.863468 0.002591 -36.713753
v 61.863468 6.377849 -36.155998
v -61.863468 -12.554246 -34.499638
v -61.863468 -5.632778 -31.959681
v -61.863468 -6.372683 -36.155998
v -61.863468 -36.153358 -6.375321
v -61.863468 -32.450081 -0.000056
v -61.863468 -31.957043 -5.635405
v -61.863499 36.158516 -6.375315
v -61.863499 32.455242 -0.000063
v -61.863499 36.716274 -0.000069
v -61.863468 12.559411 -34.499638
v -61.863487 16.228901 -28.104853
v -61.863487 18.359451 -31.795033
v -61.863499 -5.632793 31.959562
v -61.863499 0.002575 36.713646
v -61.863499 0.002575 32.452595
v -61.863487 18.359451 -31.795033
v -61.863487 20.862719 -24.860228
v -61.863487 23.601711 -28.124367
v -61.863499 31.962200 5.635280
v -61.863499 34.502159 12.556773
v -61.863499 36.158516 6.375208
v -61.863468 28.107382 -16.226376
v -61.863499 34.502167 -12.556898
v -61.863499 31.797573 -18.356915
v -61.863468 -18.354286 -31.795057
v -61.863468 -11.096888 -30.495558
v -61.863468 -12.554246 -34.499638
v -61.863487 23.601711 -28.124367
v -61.863487 24.862745 -20.860209
v -61.863487 28.126896 -23.599161
v 61.863468 -28.121748 -23.599167
v 61.863468 -28.102243 -16.226387
v 61.863468 -31.792414 -18.356909
v 61.863487 24.862753 -20.860209
v 61.863499 31.797583 -18.356915
v 61.863468 28.107388 -16.226368
v -61.863468 -23.596539 -28.124380
v -61.863468 -24.857601 -20.860222
v -61.863468 -20.857590 -24.860214
v -61.863499 20.862741 24.860146
v -61.863499 18.359442 31.794970
v -61.863499 23.601715 28.124273
v 61.863499 28.107393 16.226294
v 61.863499 28.126905 23.599073
v 61.863499 24.862757 20.860140
v 61.863487 20.862726 -24.860228
v 61.863487 18.359461 -31.795021
v 61.863487 23.601721 -28.124367
v -61.863468 -6.372683 -36.155998
v -61.863468 0.002582 -32.452698
v -61.863468 0.002582 -36.713753
v 53.547096 -28.851528 24.211397
v 53.228703 -25.413555 30.289673
v 53.228703 -30.287174 25.416069
v 61.863468 5.637921 -31.959669
v 61.863468 12.559420 -34.499638
v 61.863487 11.102043 -30.495544
v -61.863468 5.637912 -31.959669
v -61.863468 12.559411 -34.499638
v -61.863468 6.377840 -36.155998
v 61.863499 5.637919 31.959562
v 61.863499 0.002577 36.713646
v 61.863499 0.002577 32.452595
v 61.863468 -34.497017 -12.556892
v 61.863468 -31.957037 -5.635411
v 61.863468 -36.153351 -6.375328
v 61.863468 -36.711109 -0.000063
v 61.863468 -31.957056 5.635286
v 61.863468 -36.153351 6.375208
v -61.863487 -31.792416 18.356802
v -61.532661 -28.413973 23.844269
v -61.863487 -28.121752 23.599049
v 61.863468 12.559420 -34.499638
v 61.532661 18.550171 -32.125393
v 61.863487 18.359461 -31.795021
v -61.532661 -23.841738 28.416508
v -61.863487 -18.354307 31.794964
v -61.863468 -23.596554 28.124260
v -61.863468 -23.596539 -28.124380
v -61.532661 -28.413973 -23.844362
v -61.863468 -28.121758 -23.599161
v -61.863499 23.601715 28.124273
v -61.532677 28.419136 23.844269
v -61.863499 28.126902 23.599073
v -61.532677 -6.438954 36.531563
v -61.863499 0.002575 36.713646
v -61.863499 -6.372727 36.155895
v -61.532677 0.002575 37.095123
v -61.863499 6.377846 36.155891
v -61.863499 0.002575 36.713646
v -61.532677 -12.684744 34.857979
v -61.863499 -6.372727 36.155895
v -61.863499 -12.554285 34.499538
v 61.863487 18.359461 -31.795021
v 61.532677 23.846903 -28.416588
v 61.863487 23.601721 -28.124367
v -61.532661 -28.413973 23.844269
v -61.863468 -23.596554 28.124260
v -61.863487 -28.121752 23.599049
v -61.863499 34.502167 -12.556898
v -61.532677 32.127934 -18.547623
v -61.863499 31.797573 -18.356915
v -61.863499 36.158516 6.375208
v -61.532677 34.860622 12.687219
v -61.532677 36.534199 6.441448
v -61.863499 36.716274 -0.000069
v -61.532677 36.534199 6.441448
v -61.532677 37.097752 -0.000069
v 61.532677 28.419138 23.844269
v 61.863499 23.601717 28.124279
v 61.863499 28.126905 23.599073
v -61.863499 36.158516 -6.375315
v -61.532677 37.097752 -0.000069
v -61.532677 36.534199 -6.441567
v -61.863487 23.601711 -28.124367
v -61.532677 28.419128 -23.844362
v -61.532677 23.846893 -28.416588
v -61.863499 36.158516 -6.375315
v -61.532677 34.860615 -12.687350
v -61.863499 34.502167 -12.556898
v -61.532661 -32.122795 -18.547623
v -61.863468 -34.497021 -12.556886
v -61.863468 -31.792423 -18.356901
v 61.532677 -6.438952 36.531563
v 61.863499 0.002577 36.713646
v 61.532677 0.002577 37.095123
v 61.863468 -6.372674 -36.155998
v 61.532661 0.002591 -37.095234
v 61.863468 0.002591 -36.713753
v 61.863499 36.716278 -0.000063
v 61.532677 36.534206 6.441454
v 61.863499 36.158524 6.375215
v -61.863499 31.797573 -18.356915
v -61.532677 28.419128 -23.844362
v -61.863487 28.126896 -23.599161
v -61.863487 -18.354307 31.794964
v -61.532677 -12.684744 34.857979
v -61.863499 -12.554285 34.499538
v -61.863487 18.359451 -31.795033
v -61.532677 23.846893 -28.416588
v -61.532661 18.550161 -32.125393
v -61.863499 31.797581 18.356802
v -61.532677 28.419136 23.844269
v -61.532677 32.127941 18.547523
v -61.863468 12.559411 -34.499638
v -61.532661 18.550161 -32.125393
v -61.532661 12.689876 -34.858086
v -61.863499 6.377846 36.155891
v -61.532677 12.689868 34.857998
v -61.863499 12.559416 34.499531
v -61.863499 18.359442 31.794970
v -61.532677 23.846910 28.416508
v -61.863499 23.601715 28.124273
v 61.532661 0.002591 -37.095234
v 61.863468 6.377849 -36.155998
v 61.863468 0.002591 -36.713753
v -61.863468 6.377840 -36.155998
v -61.532661 0.002582 -37.095234
v -61.863468 0.002582 -36.713753
v 61.863499 36.158524 -6.375309
v 61.532677 37.097759 -0.000063
v 61.863499 36.716278 -0.000063
v -61.863468 -6.372683 -36.155998
v -61.532661 0.002582 -37.095234
v -61.532661 -6.438935 -36.531670
v -61.863499 34.502159 12.556773
v -61.532677 32.127941 18.547523
v -61.532677 34.860622 12.687219
v -61.863468 -12.554246 -34.499638
v -61.532661 -6.438935 -36.531670
v -61.532661 -12.684723 -34.858101
v -61.863468 -18.354286 -31.795057
v -61.532661 -12.684723 -34.858101
v -61.532661 -18.545008 -32.125404
v 53.228687 -6.863534 -38.939808
v 53.547081 -12.880049 -35.394855
v 53.228687 -13.521030 -37.155930
v 53.228703 -39.537895 -0.000053
v 53.547096 -37.091553 6.540630
v 53.228703 -38.937180 6.866071
v -53.547119 18.835766 32.620003
v -53.228714 13.526229 37.155827
v -53.228714 19.772837 34.243011
v -53.547081 -18.830578 -32.620087
v -53.228687 -13.521040 -37.155930
v -53.228687 -19.767649 -34.243111
v 53.228714 6.868740 38.939705
v 53.547108 12.885248 35.394741
v 53.228714 13.526232 37.155827
v -53.547108 -6.538127 37.094063
v -53.228714 -13.521052 37.155834
v -53.228714 -6.863562 38.939705
v -53.228714 30.292341 25.416048
v -53.547108 24.214060 28.854078
v -53.228714 25.418718 30.289743
v 61.863487 24.862753 -20.860209
v 61.863487 23.601721 -28.124367
v 61.863487 28.126905 -23.599161
v 53.228687 -30.287174 -25.416176
v 53.547096 -32.617447 -18.833248
v 53.228687 -34.240467 -19.770290
v -53.547096 -24.208887 28.854048
v -53.228703 -19.767673 34.243000
v -53.547096 -18.830612 32.619999
v 53.228703 -38.937180 6.866071
v 53.547096 -35.392235 12.882591
v 53.228703 -37.153309 13.523582
v -53.547096 -28.851532 24.211401
v -53.228703 -25.413557 30.289675
v -53.547096 -24.208887 28.854048
v 53.228687 -19.767639 -34.243114
v 53.547096 -24.208893 -28.854170
v 53.228687 -25.413540 -30.289816
v 53.228687 -34.240467 -19.770290
v 53.547096 -35.392246 -12.882720
v 53.228703 -37.153316 -13.523687
v -53.547081 -12.880057 -35.394855
v -53.228687 -6.863543 -38.939808
v -53.228687 -13.521040 -37.155930
v -53.228703 38.942333 -6.866187
v -53.547108 37.668941 -0.000075
v -53.228714 39.543060 -0.000063
v 53.547096 -37.091553 -6.540743
v 53.228703 -39.537895 -0.000053
v 53.228703 -38.937176 -6.866196
v -53.547096 -35.392239 12.882595
v -53.228703 -38.937187 6.866074
v -53.228703 -37.153316 13.523584
v 53.228714 34.245644 19.770164
v 53.547108 35.397396 12.882607
v 53.228714 37.158474 13.523575
v -53.547096 -37.091560 6.540633
v -53.228703 -39.537903 -0.000050
v -53.228703 -38.937187 6.866074
v 53.228687 -13.521030 -37.155930
v 53.547081 -18.830568 -32.620090
v 53.228687 -19.767639 -34.243114
v -53.547096 -37.091560 -6.540740
v -53.228703 -39.537903 -0.000050
v -53.547096 -37.663799 -0.000050
v 53.228714 13.526232 37.155827
v 53.547119 18.835768 32.620007
v 53.228714 19.772840 34.243015
v -53.547096 -35.392250 -12.882717
v -53.228703 -38.937180 -6.866193
v -53.547096 -37.091560 -6.540740
v -53.547108 12.885246 35.394741
v -53.228714 6.868737 38.939705
v -53.228714 13.526229 37.155827
v -53.547096 -24.208902 -28.854166
v -53.228687 -30.287184 -25.416172
v -53.547081 -28.851538 -24.211514
v -53.547096 28.856701 -24.211500
v -53.228703 34.245636 -19.770294
v -53.228703 30.292322 -25.416172
v -53.547096 -32.617458 -18.833244
v -53.228687 -30.287184 -25.416172
v -53.228687 -34.240479 -19.770287
v -53.547096 12.885254 -35.394855
v -53.228703 19.772806 -34.243088
v -53.228703 13.526222 -37.155945
v -53.547108 0.002588 37.666317
v -53.228714 -6.863562 38.939705
v -53.228714 0.002600 39.540417
v 53.228687 6.868727 -38.939808
v 53.547081 0.002591 -37.666431
v 53.228687 0.002591 -39.540520
v -53.547096 -24.208902 -28.854166
v -53.228687 -19.767649 -34.243111
v -53.228687 -25.413548 -30.289814
v -53.547096 6.543290 -37.094177
v -53.228703 13.526222 -37.155945
v -53.228687 6.868719 -38.939808
v -53.228703 34.245636 -19.770294
v -53.547108 35.397385 -12.882726
v -53.228703 37.158459 -13.523697
v -53.547081 -6.538095 -37.094177
v -53.228687 0.002582 -39.540520
v -53.228687 -6.863543 -38.939808
v 53.228714 39.543064 -0.000059
v 53.547108 37.096722 6.540630
v 53.547108 37.668949 -0.000071
v -51.997593 6.891643 39.069660
v -52.597008 0.002600 39.802753
v -51.997581 0.002600 39.672356
v -51.997581 39.674999 -0.000063
v -52.597008 39.200695 6.911617
v -51.997581 39.072285 6.888980
v -51.997581 -6.886480 39.069641
v -52.597008 0.002600 39.802753
v -52.597008 -6.909123 39.198040
v -51.997581 -13.566201 37.279819
v -52.597008 -6.909123 39.198040
v -52.597008 -13.610787 37.402348
v 52.596992 25.587353 -30.490757
v 51.997581 30.393419 -25.500984
v 52.597008 30.493317 -25.584810
v -51.997581 -19.833639 34.357254
v -52.597008 -13.610787 37.402348
v -52.597008 -19.898851 34.470188
v 51.997581 -34.354740 19.836142
v 52.597008 -30.488148 25.584679
v 51.997581 -30.388262 25.500885
v -51.997570 -25.498373 30.390757
v -52.597008 -19.898851 34.470188
v -52.596992 -25.582186 30.490648
v 51.997581 -39.067131 6.888983
v 52.596992 -37.399841 13.613303
v 51.997570 -37.277294 13.568724
v 51.997581 -19.833635 34.357250
v 52.597008 -13.610784 37.402348
v 51.997581 -13.566198 37.279819
v 52.597008 37.404987 -13.613416
v 51.997581 34.359924 -19.836254
v 51.997581 37.282471 -13.568817
v -51.997581 -34.354744 19.836145
v -52.597008 -30.488152 25.584682
v -52.597008 -34.467674 19.901352
v 51.997570 -30.388262 -25.500990
v 52.596992 -34.467670 -19.901455
v 51.997570 -34.354740 -19.836267
v -51.997570 -37.277302 13.568727
v -52.597008 -34.467674 19.901352
v -52.596992 -37.399849 13.613306
v -52.597008 37.404987 13.613312
v -51.997581 34.359921 19.836132
v -51.997581 37.282471 13.568708
v -51.997581 -39.067139 6.888987
v -52.596992 -37.399849 13.613306
v -52.597008 -39.195564 6.911623
v 52.596992 0.002591 -39.802876
v 51.997570 -6.886434 -39.069744
v 51.997570 0.002591 -39.672474
v 51.997570 -25.498369 30.390753
v 52.597008 -19.898849 34.470184
v 51.997581 -19.833635 34.357250
v 52.596992 13.615978 -37.402454
v 51.997570 6.891645 -39.069744
v 51.997570 13.571381 -37.279922
v -51.997570 -39.067127 -6.889093
v -52.596992 -39.800251 -0.000050
v -52.596992 -39.195538 -6.911742
v -51.997581 34.359913 -19.836258
v -52.597008 37.404980 -13.613419
v -51.997581 37.282467 -13.568821
v 51.997570 -39.067120 -6.889096
v 52.596992 -39.800247 -0.000053
v 51.997570 -39.669849 -0.000053
v -51.997581 30.393410 -25.500988
v -52.597008 34.472832 -19.901459
v -51.997581 34.359913 -19.836258
v 52.596992 -13.610759 -37.402466
v 51.997555 -19.833599 -34.357395
v 51.997570 -13.566161 -37.279949
v -52.596992 25.587343 -30.490761
v -51.997581 30.393410 -25.500988
v -51.997581 25.503517 -30.390875
v -51.997570 -34.354752 -19.836264
v -52.596992 -30.488157 -25.584814
v -51.997570 -30.388271 -25.500988
v 52.597008 13.615966 37.402363
v 51.997593 6.891645 39.069660
v 52.597019 6.914289 39.198093
v -51.997570 -30.388271 -25.500988
v -52.596981 -25.582195 -30.490786
v -51.997555 -25.498369 -30.390900
v -52.596992 13.615969 -37.402454
v -51.997581 19.838783 -34.357368
v -51.997570 13.571371 -37.279922
v -51.997581 25.503532 30.390825
v -52.597019 19.904003 34.470196
v -51.997593 19.838789 34.357304
v -51.997570 6.891637 -39.069744
v -52.596992 13.615969 -37.402454
v -51.997570 13.571371 -37.279922
v 52.596992 13.615978 -37.402454
v 51.997581 19.838793 -34.357365
v 52.597008 19.904007 -34.470291
v -52.597008 19.903997 -34.470295
v -51.997581 25.503517 -30.390875
v -51.997581 19.838783 -34.357368
v -51.997570 -13.566170 -37.279949
v -52.596992 -6.909092 -39.198170
v -51.997570 -6.886443 -39.069744
v -51.997570 -6.886443 -39.069744
v -52.596992 0.002582 -39.802876
v -51.997570 0.002582 -39.672474
v -52.597008 0.002600 39.802753
v -53.228714 -6.863562 38.939705
v -52.597008 -6.909123 39.198040
v -53.228714 19.772837 34.243011
v -52.597008 13.615963 37.402363
v -52.597019 19.904003 34.470196
v 52.596992 -34.467670 -19.901455
v 53.228703 -37.153316 -13.523687
v 52.596992 -37.399849 -13.613428
v 53.228703 19.772816 -34.243084
v 52.596992 13.615978 -37.402454
v 52.597008 19.904007 -34.470291
v -53.228687 0.002582 -39.540520
v -52.596992 -6.909092 -39.198170
v -53.228687 -6.863543 -38.939808
v -53.228687 -25.413548 -30.289814
v -52.596981 -19.898821 -34.470306
v -52.596981 -25.582195 -30.490786
v -53.228687 -6.863543 -38.939808
v -52.596992 -13.610768 -37.402466
v -53.228687 -13.521040 -37.155930
v -53.228703 -37.153320 -13.523685
v -52.596992 -34.467678 -19.901453
v -52.596992 -37.399857 -13.613425
v -53.228703 13.526222 -37.155945
v -52.596992 6.914280 -39.198170
v -53.228687 6.868719 -38.939808
v -52.596992 -39.195538 -6.911742
v -53.228703 -37.153320 -13.523685
v -52.596992 -37.399857 -13.613425
v -53.228703 30.292322 -25.416172
v -52.596992 25.587343 -30.490761
v -53.228703 25.418703 -30.289801
v -53.228703 -39.537903 -0.000050
v -52.596992 -39.195538 -6.911742
v -52.596992 -39.800251 -0.000050
v 52.597008 39.805408 -0.000059
v 53.228703 38.942337 -6.866184
v 52.597008 39.200703 -6.911758
v -53.228714 38.942333 6.866055
v -52.597008 39.805401 -0.000063
v -53.228714 39.543060 -0.000063
v -52.597008 -34.467674 19.901352
v -53.228703 -37.153316 13.523584
v -52.596992 -37.399849 13.613306
v -52.596992 -37.399849 13.613306
v -53.228703 -38.937187 6.866074
v -52.597008 -39.195564 6.911623
v -53.228703 25.418703 -30.289801
v -52.597008 19.903997 -34.470295
v -53.228703 19.772806 -34.243088
v 52.597019 19.904007 34.470200
v 53.228714 25.418720 30.289747
v 52.597008 25.587362 30.490702
v -53.228703 37.158459 -13.523697
v -52.597008 34.472832 -19.901459
v -53.228703 34.245636 -19.770294
v -52.597008 -19.898851 34.470188
v -53.228703 -25.413557 30.289675
v -52.596992 -25.582186 30.490648
v -53.228703 37.158459 -13.523697
v -52.597008 39.200695 -6.911761
v -52.597008 37.404980 -13.613419
v -52.596992 -25.582186 30.490648
v -53.228703 -30.287178 25.416073
v -52.597008 -30.488152 25.584682
v -53.228703 38.942333 -6.866187
v -52.597008 39.805401 -0.000063
v -52.597008 39.200695 -6.911761
v 52.597008 39.200703 -6.911758
v 53.228703 37.158466 -13.523694
v 52.597008 37.404987 -13.613416
v -53.228714 37.158466 13.523572
v -52.597008 39.200695 6.911617
v -53.228714 38.942333 6.866055
v -52.597008 -39.195564 6.911623
v -53.228703 -39.537903 -0.000050
v -52.596992 -39.800251 -0.000050
v 52.596992 -37.399841 13.613303
v 53.228703 -38.937180 6.866071
v 53.228703 -37.153309 13.523582
v -52.597008 -6.909123 39.198040
v -53.228714 -13.521052 37.155834
v -52.597008 -13.610787 37.402348
v 53.228703 37.158466 -13.523694
v 52.597008 34.472839 -19.901455
v 52.597008 37.404987 -13.613416
v -53.228703 34.245636 -19.770294
v -52.597008 30.493307 -25.584814
v -53.228703 30.292322 -25.416172
v -53.228714 30.292341 25.416048
v -52.597008 34.472836 19.901340
v -53.228714 34.245640 19.770163
v 52.596992 -39.195530 -6.911746
v 53.228703 -37.153316 -13.523687
v 53.228703 -38.937176 -6.866196
v -53.228714 30.292341 25.416048
v -52.597008 25.587358 30.490698
v -52.597008 30.493315 25.584677
v -53.228714 25.418718 30.289743
v -52.597019 19.904003 34.470196
v -52.597008 25.587358 30.490698
v 52.596992 -13.610759 -37.402466
v 53.228687 -19.767639 -34.243114
v 52.596981 -19.898811 -34.470310
v -61.863468 -34.497021 12.556767
v -61.532661 -34.855476 12.687238
v -61.532661 -32.122791 18.547523
v -52.597008 -30.488152 25.584682
v -53.228703 -30.287178 25.416073
v -53.228703 -34.240479 19.770174
v 61.863499 -5.632790 31.959562
v 61.863499 0.002577 32.452595
v 61.863499 0.002577 36.713646
v -61.863468 0.002582 -36.713753
v -61.863468 0.002582 -32.452698
v -61.863468 5.637912 -31.959669
v 61.863468 -23.596529 -28.124380
v 61.863468 -20.857582 -24.860214
v 61.863468 -24.857594 -20.860228
v 61.863499 11.102055 30.495483
v 61.863499 12.559418 34.499531
v 61.863499 6.377848 36.155891
v 61.863487 -16.223740 28.104784
v 61.863487 -11.096919 30.495483
v 61.863499 -12.554283 34.499538
v 61.863499 16.228918 28.104784
v 61.863499 18.359446 31.794973
v 61.863499 12.559418 34.499531
v 61.863468 0.002591 -32.452698
v 61.863468 -5.632770 -31.959681
v 61.863468 -6.372674 -36.155998
v -61.863499 -12.554285 34.499538
v -61.863487 -11.096922 30.495483
v -61.863487 -16.223743 28.104784
v 61.863487 -24.857603 20.860096
v 61.863468 -20.857582 24.860102
v 61.863468 -23.596552 28.124260
v 61.863499 24.862757 20.860140
v 61.863499 28.126905 23.599073
v 61.863499 23.601717 28.124279
v 61.863468 -20.857582 24.860102
v 61.863487 -16.223740 28.104784
v 61.863487 -18.354305 31.794960
v 61.863468 -5.632770 -31.959681
v 61.863468 -11.096880 -30.495558
v 61.863468 -12.554237 -34.499638
v -61.863499 16.228916 28.104784
v -61.863499 11.102051 30.495483
v -61.863499 12.559416 34.499531
v -61.863499 28.107388 16.226288
v -61.863499 24.862751 20.860134
v -61.863499 28.126902 23.599073
v -61.863468 -28.121758 -23.599161
v -61.863468 -31.792423 -18.356901
v -61.863468 -28.102249 -16.226387
v 61.863468 -11.096880 -30.495558
v 61.863468 -16.223730 -28.104853
v 61.863468 -18.354277 -31.795057
v 61.863499 31.962206 5.635286
v 61.863499 36.158524 6.375215
v 61.863499 34.502167 12.556780
v -61.863468 -23.596554 28.124260
v -61.863468 -20.857586 24.860109
v -61.863487 -24.857607 20.860096
v 61.863499 30.498093 -11.099503
v 61.863499 34.502174 -12.556892
v 61.863499 36.158524 -6.375309
v 61.863468 -31.792414 -18.356909
v 61.863468 -28.102243 -16.226387
v 61.863468 -30.492935 -11.099534
v -61.863487 24.862745 -20.860209
v -61.863468 28.107382 -16.226376
v -61.863499 31.797573 -18.356915
v 61.863468 -36.153351 -6.375328
v 61.863468 -31.957037 -5.635411
v 61.863468 -32.450073 -0.000063
v -61.863499 30.498087 -11.099509
v -61.863499 31.962200 -5.635399
v -61.863499 36.158516 -6.375315
v -61.863499 -6.372727 36.155895
v -61.863499 -5.632793 31.959562
v -61.863487 -11.096922 30.495483
v 61.863487 -31.792414 18.356802
v 61.863487 -28.102243 16.226250
v 61.863487 -24.857603 20.860096
v 61.863468 -18.354277 -31.795057
v 61.863468 -16.223730 -28.104853
v 61.863468 -20.857582 -24.860214
v 61.863487 -11.096919 30.495483
v 61.863499 -5.632790 31.959562
v 61.863499 -6.372725 36.155895
v 61.863499 20.862745 24.860146
v 61.863499 23.601717 28.124279
v 61.863499 18.359446 31.794973
v -61.863499 24.862751 20.860134
v -61.863499 20.862741 24.860146
v -61.863499 23.601715 28.124273
v 61.863468 28.107388 -16.226368
v 61.863499 31.797583 -18.356915
v 61.863499 34.502174 -12.556892
v -61.863499 32.455242 -0.000063
v -61.863499 31.962200 5.635280
v -61.863499 36.158516 6.375208
v -61.863468 -36.711117 -0.000056
v -61.863468 -36.153358 6.375215
v -61.863468 -31.957062 5.635293
v -61.863468 -34.497021 -12.556886
v -61.863468 -36.153358 -6.375321
v -61.863468 -31.957043 -5.635405
v -61.863499 11.102051 30.495483
v -61.863499 5.637917 31.959562
v -61.863499 6.377846 36.155891
v 61.532677 18.550179 32.125320
v 61.532677 12.689870 34.857998
v 61.863499 12.559418 34.499531
v 61.532677 12.689870 34.857998
v 61.532677 6.444088 36.531559
v 61.863499 6.377848 36.155891
v 61.532677 23.846912 28.416513
v 61.532677 18.550179 32.125320
v 61.863499 18.359446 31.794973
v 61.532677 0.002577 37.095123
v 61.863499 0.002577 36.713646
v 61.863499 6.377848 36.155891
v -61.532661 -28.413973 -23.844362
v -61.532661 -32.122795 -18.547623
v -61.863468 -31.792423 -18.356901
v -61.863468 -36.711117 -0.000056
v -61.532661 -37.092594 -0.000056
v -61.532661 -36.529030 6.441442
v 61.863499 31.797583 18.356802
v 61.532677 32.127945 18.547523
v 61.532677 28.419138 23.844269
v 61.532661 -34.855469 12.687231
v 61.532661 -36.529026 6.441436
v 61.863468 -36.153351 6.375208
v 61.863499 34.502167 12.556780
v 61.532677 34.860626 12.687225
v 61.532677 32.127945 18.547523
v 61.532677 -12.684741 34.857979
v 61.532661 -18.545033 32.125282
v 61.863487 -18.354305 31.794960
v 61.863499 36.158524 6.375215
v 61.532677 36.534206 6.441454
v 61.532677 34.860626 12.687225
v 61.532661 -23.841734 28.416500
v 61.863468 -23.596552 28.124260
v 61.863487 -18.354305 31.794960
v 61.863468 -12.554237 -34.499638
v 61.532661 -12.684714 -34.858101
v 61.532661 -6.438926 -36.531670
v 61.532661 -28.413969 23.844263
v 61.863487 -28.121748 23.599049
v 61.863468 -23.596552 28.124260
v -61.863468 -18.354286 -31.795057
v -61.532661 -18.545008 -32.125404
v -61.532661 -23.841740 -28.416613
v 61.532661 -28.413969 23.844263
v 61.532661 -32.122787 18.547516
v 61.863487 -31.792414 18.356802
v 61.863468 -18.354277 -31.795057
v 61.532661 -18.544998 -32.125404
v 61.532661 -12.684714 -34.858101
v 61.532661 -32.122787 18.547516
v 61.532661 -34.855469 12.687231
v 61.863468 -34.497017 12.556761
v 61.532677 32.127945 -18.547623
v 61.532677 34.860622 -12.687344
v 61.863499 34.502174 -12.556892
v -61.863468 -36.153358 -6.375321
v -61.532661 -36.529030 -6.441574
v -61.532661 -37.092594 -0.000056
v 61.532677 28.419138 -23.844362
v 61.532677 32.127945 -18.547623
v 61.863499 31.797583 -18.356915
v 61.532661 -36.529026 6.441436
v 61.532661 -37.092590 -0.000063
v 61.863468 -36.711109 -0.000063
v 61.863487 23.601721 -28.124367
v 61.532677 23.846903 -28.416588
v 61.532677 28.419138 -23.844362
v 61.532661 -37.092590 -0.000063
v 61.532661 -36.529026 -6.441580
v 61.863468 -36.153351 -6.375328
v 61.532677 -12.684741 34.857979
v 61.863499 -12.554283 34.499538
v 61.863499 -6.372725 36.155895
v 61.532661 -36.529026 -6.441580
v 61.532661 -34.855469 -12.687369
v 61.863468 -34.497017 -12.556892
v -61.863468 12.559411 -34.499638
v -61.532661 12.689876 -34.858086
v -61.532661 6.444093 -36.531658
v 61.532661 -32.122787 -18.547628
v 61.863468 -31.792414 -18.356909
v 61.863468 -34.497017 -12.556892
v 61.532661 6.444101 -36.531658
v 61.532661 12.689884 -34.858086
v 61.863468 12.559420 -34.499638
v 61.532661 -28.413963 -23.844362
v 61.863468 -28.121748 -23.599167
v 61.863468 -31.792414 -18.356909
v -61.863499 12.559416 34.499531
v -61.532677 12.689868 34.857998
v -61.532677 18.550177 32.125317
v 61.532661 -28.413963 -23.844362
v 61.532661 -23.841730 -28.416613
v 61.863468 -23.596529 -28.124380
v -61.863468 -36.153358 6.375215
v -61.532661 -36.529030 6.441442
v -61.532661 -34.855476 12.687238
v 61.532661 -23.841730 -28.416613
v 61.532661 -18.544998 -32.125404
v 61.863468 -18.354277 -31.795057
v 61.532677 34.860622 -12.687344
v 61.532677 36.534206 -6.441561
v 61.863499 36.158524 -6.375309
v -61.863468 -34.497021 -12.556886
v -61.532661 -34.855476 -12.687363
v -61.532661 -36.529030 -6.441574
v 52.596981 -25.582186 -30.490789
v 52.596992 -30.488148 -25.584816
v 51.997570 -30.388262 -25.500990
v -53.547108 24.214060 28.854078
v -53.547119 18.835766 32.620003
v -53.228714 19.772837 34.243011
v 53.228714 0.002602 39.540417
v 53.547108 0.002590 37.666317
v 53.547108 6.543285 37.094059
v -53.547096 -18.830612 32.619999
v -53.228703 -19.767673 34.243000
v -53.228714 -13.521052 37.155834
v 53.228714 -6.863559 38.939705
v 53.547108 -6.538125 37.094063
v 53.547108 0.002590 37.666317
v 53.228714 19.772840 34.243015
v 53.547119 18.835768 32.620007
v 53.547108 24.214062 28.854082
v -53.547108 24.214056 -28.854153
v -53.547096 28.856701 -24.211500
v -53.228703 30.292322 -25.416172
v -53.547096 18.835787 -32.620075
v -53.547108 24.214056 -28.854153
v -53.228703 25.418703 -30.289801
v 53.547096 -18.830608 32.619995
v 53.547108 -12.880095 35.394749
v 53.228714 -13.521049 37.155834
v 53.228714 30.292345 25.416050
v 53.547119 28.856710 24.211416
v 53.547108 32.622616 18.833122
v -53.547096 -28.851532 24.211401
v -53.547108 -32.617451 18.833101
v -53.228703 -34.240479 19.770174
v 53.228703 13.526232 -37.155945
v 53.547096 12.885262 -35.394855
v 53.547096 6.543299 -37.094177
v 53.547096 -35.392246 -12.882720
v 53.547096 -37.091553 -6.540743
v 53.228703 -38.937176 -6.866196
v 53.228714 37.158474 13.523575
v 53.547108 35.397396 12.882607
v 53.547108 37.096722 6.540630
v 53.228703 -34.240475 19.770172
v 53.547108 -32.617447 18.833097
v 53.547096 -28.851528 24.211397
v 53.228703 19.772816 -34.243084
v 53.547096 18.835796 -32.620071
v 53.547096 12.885262 -35.394855
v 53.228703 -37.153309 13.523582
v 53.547096 -35.392235 12.882591
v 53.547108 -32.617447 18.833097
v 53.228703 38.942337 -6.866184
v 53.228714 39.543064 -0.000059
v 53.547108 37.668949 -0.000071
v -53.547108 35.397388 12.882604
v -53.547108 32.622616 18.833120
v -53.228714 34.245640 19.770163
v 53.228703 37.158466 -13.523694
v 53.228703 38.942337 -6.866184
v 53.547108 37.096722 -6.540761
v 53.547096 -24.208883 28.854044
v 53.547096 -18.830608 32.619995
v 53.228703 -19.767672 34.242996
v -53.547108 -32.617451 18.833101
v -53.547096 -35.392239 12.882595
v -53.228703 -37.153316 13.523584
v -53.547108 32.622616 18.833120
v -53.547119 28.856707 24.211414
v -53.228714 30.292341 25.416048
v 53.228703 34.245644 -19.770290
v 53.547108 32.622616 -18.833229
v 53.547096 28.856710 -24.211498
v 53.228714 -13.521049 37.155834
v 53.547108 -12.880095 35.394749
v 53.547108 -6.538125 37.094063
v 53.228703 30.292332 -25.416168
v 53.547096 28.856710 -24.211498
v 53.547108 24.214066 -28.854151
v 53.547096 -24.208893 -28.854170
v 53.547081 -28.851528 -24.211517
v 53.228687 -30.287174 -25.416176
v 53.228703 25.418713 -30.289797
v 53.547108 24.214066 -28.854151
v 53.547096 18.835796 -32.620071
v 53.228714 30.292345 25.416050
v 53.228714 25.418720 30.289747
v 53.547108 24.214062 28.854082
v -53.547108 37.096718 6.540627
v -53.547108 35.397388 12.882604
v -53.228714 37.158466 13.523572
v -53.547096 -35.392250 -12.882717
v -53.547096 -32.617458 -18.833244
v -53.228687 -34.240479 -19.770287
v -53.547081 0.002582 -37.666431
v -53.547096 6.543290 -37.094177
v -53.228687 6.868719 -38.939808
v -53.228703 37.158459 -13.523697
v -53.547108 35.397385 -12.882726
v -53.547108 37.096718 -6.540763
v -53.547108 6.543283 37.094059
v -53.547108 0.002588 37.666317
v -53.228714 0.002600 39.540417
v 53.228687 0.002591 -39.540520
v 53.547081 0.002591 -37.666431
v 53.547081 -6.538086 -37.094177
v 53.228703 37.158466 -13.523694
v 53.547108 35.397388 -12.882723
v 53.547108 32.622616 -18.833229
v -53.228714 39.543060 -0.000063
v -53.547108 37.668941 -0.000075
v -53.547108 37.096718 6.540627
v -51.997581 37.282467 -13.568821
v -52.597008 37.404980 -13.613419
v -52.597008 39.200695 -6.911761
v 52.597008 19.904007 -34.470291
v 51.997581 19.838793 -34.357365
v 51.997581 25.503527 -30.390873
v -52.597008 39.200695 6.911617
v -52.597008 37.404987 13.613312
v -51.997581 37.282471 13.568708
v 52.597008 13.615966 37.402363
v 52.597019 19.904007 34.470200
v 51.997593 19.838793 34.357307
v -51.997555 -25.498369 -30.390900
v -52.596981 -25.582195 -30.490786
v -52.596981 -19.898821 -34.470306
v 52.597019 19.904007 34.470200
v 52.597008 25.587362 30.490702
v 51.997581 25.503536 30.390829
v -51.997593 19.838789 34.357304
v -52.597019 19.904003 34.470196
v -52.597008 13.615963 37.402363
v 52.597008 25.587362 30.490702
v 52.597008 30.493317 25.584679
v 51.997581 30.393419 25.500866
v -52.596992 0.002582 -39.802876
v -52.596992 6.914280 -39.198170
v -51.997570 6.891637 -39.069744
v 52.597008 34.472839 19.901342
v 51.997581 34.359924 19.836136
v 51.997581 30.393419 25.500866
v 51.997581 -30.388262 25.500885
v 52.597008 -30.488148 25.584679
v 52.596992 -25.582184 30.490644
v 52.597008 37.404995 13.613316
v 51.997581 37.282478 13.568711
v 51.997581 34.359924 19.836136
v -51.997570 -39.669857 -0.000050
v -51.997581 -39.067139 6.888987
v -52.597008 -39.195564 6.911623
v 52.597008 39.200703 6.911620
v 51.997581 39.072289 6.888983
v 51.997581 37.282478 13.568711
v -51.997581 -30.388266 25.500887
v -51.997570 -25.498373 30.390757
v -52.596992 -25.582186 30.490648
v 52.597008 39.200703 6.911620
v 52.597008 39.805408 -0.000059
v 51.997581 39.675007 -0.000059
v 52.597008 -13.610784 37.402348
v 52.597008 -6.909121 39.198040
v 51.997581 -6.886477 39.069641
v 52.597008 39.200703 -6.911758
v 51.997581 39.072289 -6.889115
v 51.997581 39.675007 -0.000059
v 51.997570 -39.669849 -0.000053
v 52.596992 -39.800247 -0.000053
v 52.597008 -39.195557 6.911620
v 52.597008 39.200703 -6.911758
v 52.597008 37.404987 -13.613416
v 51.997581 37.282471 -13.568817
v -52.597008 39.200695 -6.911761
v -52.597008 39.805401 -0.000063
v -51.997581 39.674999 -0.000063
v -51.997581 -37.277309 -13.568827
v -51.997570 -39.067127 -6.889093
v -52.596992 -39.195538 -6.911742
v 51.997581 -37.277302 -13.568830
v 52.596992 -37.399849 -13.613428
v 52.596992 -39.195530 -6.911746
v 52.597008 0.002602 39.802753
v 52.597019 6.914289 39.198093
v 51.997593 6.891645 39.069660
v 52.596992 -34.467670 -19.901455
v 52.596992 -37.399849 -13.613428
v 51.997581 -37.277302 -13.568830
v -51.997581 30.393415 25.500862
v -52.597008 30.493315 25.584677
v -52.597008 25.587358 30.490698
v 52.596992 -6.909083 -39.198170
v 52.596992 -13.610759 -37.402466
v 51.997570 -13.566161 -37.279949
v -52.597008 13.615963 37.402363
v -52.597019 6.914287 39.198093
v -51.997593 6.891643 39.069660
v -52.597008 34.472836 19.901340
v -52.597008 30.493315 25.584677
v -51.997581 30.393415 25.500862
v -51.997555 -19.833607 -34.357391
v -52.596981 -19.898821 -34.470306
v -52.596992 -13.610768 -37.402466
v 52.596981 -19.898811 -34.470310
v 52.596981 -25.582186 -30.490789
v 51.997555 -25.498360 -30.390903
v -51.997581 -37.277309 -13.568827
v -52.596992 -37.399857 -13.613425
v -52.596992 -34.467678 -19.901453
v 51.997581 -6.886477 39.069641
v 52.597008 -6.909121 39.198040
v 52.597008 0.002602 39.802753
v 52.596992 0.002591 -39.802876
v 51.997570 0.002591 -39.672474
v 51.997570 6.891645 -39.069744
v 51.997570 -37.277294 13.568724
v 52.596992 -37.399841 13.613303
v 52.597008 -34.467670 19.901350
v 52.597008 34.472839 -19.901455
v 52.597008 30.493317 -25.584810
v 51.997581 30.393419 -25.500984
v 52.596981 -19.898811 -34.470310
v 53.228687 -19.767639 -34.243114
v 53.228687 -25.413540 -30.289816
v 52.597008 13.615966 37.402363
v 53.228714 13.526232 37.155827
v 53.228714 19.772840 34.243015
v 52.596981 -25.582186 -30.490789
v 53.228687 -25.413540 -30.289816
v 53.228687 -30.287174 -25.416176
v -53.228703 19.772806 -34.243088
v -52.597008 19.903997 -34.470295
v -52.596992 13.615969 -37.402454
v -52.597008 -13.610787 37.402348
v -53.228714 -13.521052 37.155834
v -53.228703 -19.767673 34.243000
v 52.596992 -30.488148 -25.584816
v 53.228687 -30.287174 -25.416176
v 53.228687 -34.240467 -19.770290
v 53.228687 6.868727 -38.939808
v 53.228687 0.002591 -39.540520
v 52.596992 0.002591 -39.802876
v 52.597008 25.587362 30.490702
v 53.228714 25.418720 30.289747
v 53.228714 30.292345 25.416050
v -52.597008 13.615963 37.402363
v -53.228714 13.526229 37.155827
v -53.228714 6.868737 38.939705
v 52.596992 -25.582184 30.490644
v 52.597008 -30.488148 25.584679
v 53.228703 -30.287174 25.416069
v 53.228687 -6.863534 -38.939808
v 53.228687 -13.521030 -37.155930
v 52.596992 -13.610759 -37.402466
v 53.228687 0.002591 -39.540520
v 53.228687 -6.863534 -38.939808
v 52.596992 -6.909083 -39.198170
v 53.228703 25.418713 -30.289797
v 53.228703 19.772816 -34.243084
v 52.597008 19.904007 -34.470291
v 52.597008 -39.195557 6.911620
v 52.596992 -39.800247 -0.000053
v 53.228703 -39.537895 -0.000053
v 53.228703 30.292332 -25.416168
v 53.228703 25.418713 -30.289797
v 52.596992 25.587353 -30.490757
v 52.597008 -6.909121 39.198040
v 52.597008 -13.610784 37.402348
v 53.228714 -13.521049 37.155834
v 53.228703 34.245644 -19.770290
v 53.228703 30.292332 -25.416168
v 52.597008 30.493317 -25.584810
v 52.597008 -34.467670 19.901350
v 52.596992 -37.399841 13.613303
v 53.228703 -37.153309 13.523582
v 52.596992 -39.195530 -6.911746
v 53.228703 -38.937176 -6.866196
v 53.228703 -39.537895 -0.000053
v 52.597008 -30.488148 25.584679
v 52.597008 -34.467670 19.901350
v 53.228703 -34.240475 19.770172
v 53.228714 30.292345 25.416050
v 53.228714 34.245644 19.770164
v 52.597008 34.472839 19.901342
v 53.228703 13.526232 -37.155945
v 53.228687 6.868727 -38.939808
v 52.596992 6.914289 -39.198170
v -52.597019 6.914287 39.198093
v -53.228714 6.868737 38.939705
v -53.228714 0.002600 39.540417
v 52.597008 -19.898849 34.470184
v 52.596992 -25.582184 30.490644
v 53.228703 -25.413555 30.289673
v 53.228714 38.942337 6.866058
v 53.228714 39.543064 -0.000059
v 52.597008 39.805408 -0.000059
v 52.597008 -13.610784 37.402348
v 52.597008 -19.898849 34.470184
v 53.228703 -19.767672 34.242996
v 53.228714 37.158474 13.523575
v 53.228714 38.942337 6.866058
v 52.597008 39.200703 6.911620
v -53.228687 6.868719 -38.939808
v -52.596992 6.914280 -39.198170
v -52.596992 0.002582 -39.802876
v 53.228714 34.245644 19.770164
v 53.228714 37.158474 13.523575
v 52.597008 37.404995 13.613316
v 52.597008 0.002602 39.802753
v 52.597008 -6.909121 39.198040
v 53.228714 -6.863559 38.939705
v -53.228687 -30.287184 -25.416172
v -53.228687 -25.413548 -30.289814
v -52.596981 -25.582195 -30.490786
v 52.597019 6.914289 39.198093
v 52.597008 0.002602 39.802753
v 53.228714 0.002602 39.540417
v -53.228714 34.245640 19.770163
v -52.597008 34.472836 19.901340
v -52.597008 37.404987 13.613312
v 52.597008 13.615966 37.402363
v 52.597019 6.914289 39.198093
v 53.228714 6.868740 38.939705
v -53.228687 -19.767649 -34.243111
v -53.228687 -13.521040 -37.155930
v -52.596992 -13.610768 -37.402466
v -53.228687 -34.240479 -19.770287
v -53.228687 -30.287184 -25.416172
v -52.596992 -30.488157 -25.584814
v 61.863468 -31.957056 5.635286
v 61.863487 -30.492924 11.099397
v 61.863468 -34.497017 12.556761
v -61.863499 5.637917 31.959562
v -61.863499 0.002575 32.452595
v -61.863499 0.002575 36.713646
v -61.863468 -31.792423 -18.356901
v -61.863468 -34.497021 -12.556886
v -61.863468 -30.492941 -11.099534
v 61.863468 -34.497017 12.556761
v 61.863487 -30.492924 11.099397
v 61.863487 -28.102243 16.226250
v 61.863499 32.455250 -0.000056
v 61.863499 31.962206 -5.635393
v 61.863499 36.158524 -6.375309
v -61.863487 -18.354307 31.794964
v -61.863487 -16.223743 28.104784
v -61.863468 -20.857586 24.860109
v 61.863487 16.228909 -28.104853
v 61.863487 11.102043 -30.495544
v 61.863468 12.559420 -34.499638
v -61.863468 -18.354286 -31.795057
v -61.863468 -23.596539 -28.124380
v -61.863468 -20.857590 -24.860214
v 61.863499 30.498098 11.099422
v 61.863499 34.502167 12.556780
v 61.863499 31.797583 18.356802
v -61.863487 -31.792416 18.356802
v -61.863487 -28.121752 23.599049
v -61.863487 -24.857607 20.860096
v 61.863499 32.455250 -0.000056
v 61.863499 36.716278 -0.000063
v 61.863499 36.158524 6.375215
v -61.863468 -34.497021 12.556767
v -61.863487 -31.792416 18.356802
v -61.863487 -28.102249 16.226250
v -61.863499 30.498093 11.099422
v -61.863499 28.107388 16.226288
v -61.863499 31.797581 18.356802
v -61.863468 -34.497021 12.556767
v -61.863487 -30.492929 11.099397
v -61.863468 -31.957062 5.635293
v 61.863468 5.637921 -31.959669
v 61.863468 0.002591 -32.452698
v 61.863468 0.002591 -36.713753
v -61.863468 -12.554246 -34.499638
v -61.863468 -11.096888 -30.495558
v -61.863468 -5.632778 -31.959681
v -61.863468 -36.153358 -6.375321
v -61.863468 -36.711117 -0.000056
v -61.863468 -32.450081 -0.000056
v -61.863499 36.158516 -6.375315
v -61.863499 31.962200 -5.635399
v -61.863499 32.455242 -0.000063
v -61.863468 12.559411 -34.499638
v -61.863487 11.102036 -30.495544
v -61.863487 16.228901 -28.104853
v -61.863499 -5.632793 31.959562
v -61.863499 -6.372727 36.155895
v -61.863499 0.002575 36.713646
v -61.863487 18.359451 -31.795033
v -61.863487 16.228901 -28.104853
v -61.863487 20.862719 -24.860228
v -61.863499 31.962200 5.635280
v -61.863499 30.498093 11.099422
v -61.863499 34.502159 12.556773
v -61.863468 28.107382 -16.226376
v -61.863499 30.498087 -11.099509
v -61.863499 34.502167 -12.556898
v -61.863468 -18.354286 -31.795057
v -61.863468 -16.223740 -28.104853
v -61.863468 -11.096888 -30.495558
v -61.863487 23.601711 -28.124367
v -61.863487 20.862719 -24.860228
v -61.863487 24.862745 -20.860209
v 61.863468 -28.121748 -23.599167
v 61.863468 -24.857594 -20.860228
v 61.863468 -28.102243 -16.226387
v 61.863487 24.862753 -20.860209
v 61.863487 28.126905 -23.599161
v 61.863499 31.797583 -18.356915
v -61.863468 -23.596539 -28.124380
v -61.863468 -28.121758 -23.599161
v -61.863468 -24.857601 -20.860222
v -61.863499 20.862741 24.860146
v -61.863499 16.228916 28.104784
v -61.863499 18.359442 31.794970
v 61.863499 28.107393 16.226294
v 61.863499 31.797583 18.356802
v 61.863499 28.126905 23.599073
v 61.863487 20.862726 -24.860228
v 61.863487 16.228909 -28.104853
v 61.863487 18.359461 -31.795021
v -61.863468 -6.372683 -36.155998
v -61.863468 -5.632778 -31.959681
v -61.863468 0.002582 -32.452698
v 53.547096 -28.851528 24.211397
v 53.547096 -24.208883 28.854044
v 53.228703 -25.413555 30.289673
v 61.863468 5.637921 -31.959669
v 61.863468 6.377849 -36.155998
v 61.863468 12.559420 -34.499638
v -61.863468 5.637912 -31.959669
v -61.863487 11.102036 -30.495544
v -61.863468 12.559411 -34.499638
v 61.863499 5.637919 31.959562
v 61.863499 6.377848 36.155891
v 61.863499 0.002577 36.713646
v 61.863468 -34.497017 -12.556892
v 61.863468 -30.492935 -11.099534
v 61.863468 -31.957037 -5.635411
v 61.863468 -36.711109 -0.000063
v 61.863468 -32.450073 -0.000063
v 61.863468 -31.957056 5.635286
v -61.863487 -31.792416 18.356802
v -61.532661 -32.122791 18.547523
v -61.532661 -28.413973 23.844269
v 61.863468 12.559420 -34.499638
v 61.532661 12.689884 -34.858086
v 61.532661 18.550171 -32.125393
v -61.532661 -23.841738 28.416508
v -61.532661 -18.545034 32.125286
v -61.863487 -18.354307 31.794964
v -61.863468 -23.596539 -28.124380
v -61.532661 -23.841740 -28.416613
v -61.532661 -28.413973 -23.844362
v -61.863499 23.601715 28.124273
v -61.532677 23.846910 28.416508
v -61.532677 28.419136 23.844269
v -61.532677 -6.438954 36.531563
v -61.532677 0.002575 37.095123
v -61.863499 0.002575 36.713646
v -61.532677 0.002575 37.095123
v -61.532677 6.444086 36.531559
v -61.863499 6.377846 36.155891
v -61.532677 -12.684744 34.857979
v -61.532677 -6.438954 36.531563
v -61.863499 -6.372727 36.155895
v 61.863487 18.359461 -31.795021
v 61.532661 18.550171 -32.125393
v 61.532677 23.846903 -28.416588
v -61.532661 -28.413973 23.844269
v -61.532661 -23.841738 28.416508
v -61.863468 -23.596554 28.124260
v -61.863499 34.502167 -12.556898
v -61.532677 34.860615 -12.687350
v -61.532677 32.127934 -18.547623
v -61.863499 36.158516 6.375208
v -61.863499 34.502159 12.556773
v -61.532677 34.860622 12.687219
v -61.863499 36.716274 -0.000069
v -61.863499 36.158516 6.375208
v -61.532677 36.534199 6.441448
v 61.532677 28.419138 23.844269
v 61.532677 23.846912 28.416513
v 61.863499 23.601717 28.124279
v -61.863499 36.158516 -6.375315
v -61.863499 36.716274 -0.000069
v -61.532677 37.097752 -0.000069
v -61.863487 23.601711 -28.124367
v -61.863487 28.126896 -23.599161
v -61.532677 28.419128 -23.844362
v -61.863499 36.158516 -6.375315
v -61.532677 36.534199 -6.441567
v -61.532677 34.860615 -12.687350
v -61.532661 -32.122795 -18.547623
v -61.532661 -34.855476 -12.687363
v -61.863468 -34.497021 -12.556886
v 61.532677 -6.438952 36.531563
v 61.863499 -6.372725 36.155895
v 61.863499 0.002577 36.713646
v 61.863468 -6.372674 -36.155998
v 61.532661 -6.438926 -36.531670
v 61.532661 0.002591 -37.095234
v 61.863499 36.716278 -0.000063
v 61.532677 37.097759 -0.000063
v 61.532677 36.534206 6.441454
v -61.863499 31.797573 -18.356915
v -61.532677 32.127934 -18.547623
v -61.532677 28.419128 -23.844362
v -61.863487 -18.354307 31.794964
v -61.532661 -18.545034 32.125286
v -61.532677 -12.684744 34.857979
v -61.863487 18.359451 -31.795033
v -61.863487 23.601711 -28.124367
v -61.532677 23.846893 -28.416588
v -61.863499 31.797581 18.356802
v -61.863499 28.126902 23.599073
v -61.532677 28.419136 23.844269
v -61.863468 12.559411 -34.499638
v -61.863487 18.359451 -31.795033
v -61.532661 18.550161 -32.125393
v -61.863499 6.377846 36.155891
v -61.532677 6.444086 36.531559
v -61.532677 12.689868 34.857998
v -61.863499 18.359442 31.794970
v -61.532677 18.550177 32.125317
v -61.532677 23.846910 28.416508
v 61.532661 0.002591 -37.095234
v 61.532661 6.444101 -36.531658
v 61.863468 6.377849 -36.155998
v -61.863468 6.377840 -36.155998
v -61.532661 6.444093 -36.531658
v -61.532661 0.002582 -37.095234
v 61.863499 36.158524 -6.375309
v 61.532677 36.534206 -6.441561
v 61.532677 37.097759 -0.000063
v -61.863468 -6.372683 -36.155998
v -61.863468 0.002582 -36.713753
v -61.532661 0.002582 -37.095234
v -61.863499 34.502159 12.556773
v -61.863499 31.797581 18.356802
v -61.532677 32.127941 18.547523
v -61.863468 -12.554246 -34.499638
v -61.863468 -6.372683 -36.155998
v -61.532661 -6.438935 -36.531670
v -61.863468 -18.354286 -31.795057
v -61.863468 -12.554246 -34.499638
v -61.532661 -12.684723 -34.858101
v 53.228687 -6.863534 -38.939808
v 53.547081 -6.538086 -37.094177
v 53.547081 -12.880049 -35.394855
v 53.228703 -39.537895 -0.000053
v 53.547096 -37.663792 -0.000054
v 53.547096 -37.091553 6.540630
v -53.547119 18.835766 32.620003
v -53.547108 12.885246 35.394741
v -53.228714 13.526229 37.155827
v -53.547081 -18.830578 -32.620087
v -53.547081 -12.880057 -35.394855
v -53.228687 -13.521040 -37.155930
v 53.228714 6.868740 38.939705
v 53.547108 6.543285 37.094059
v 53.547108 12.885248 35.394741
v -53.547108 -6.538127 37.094063
v -53.547108 -12.880096 35.394749
v -53.228714 -13.521052 37.155834
v -53.228714 30.292341 25.416048
v -53.547119 28.856707 24.211414
v -53.547108 24.214060 28.854078
v 61.863487 24.862753 -20.860209
v 61.863487 20.862726 -24.860228
v 61.863487 23.601721 -28.124367
v 53.228687 -30.287174 -25.416176
v 53.547081 -28.851528 -24.211517
v 53.547096 -32.617447 -18.833248
v -53.547096 -24.208887 28.854048
v -53.228703 -25.413557 30.289675
v -53.228703 -19.767673 34.243000
v 53.228703 -38.937180 6.866071
v 53.547096 -37.091553 6.540630
v 53.547096 -35.392235 12.882591
v -53.547096 -28.851532 24.211401
v -53.228703 -30.287178 25.416073
v -53.228703 -25.413557 30.289675
v 53.228687 -19.767639 -34.243114
v 53.547081 -18.830568 -32.620090
v 53.547096 -24.208893 -28.854170
v 53.228687 -34.240467 -19.770290
v 53.547096 -32.617447 -18.833248
v 53.547096 -35.392246 -12.882720
v -53.547081 -12.880057 -35.394855
v -53.547081 -6.538095 -37.094177
v -53.228687 -6.863543 -38.939808
v -53.228703 38.942333 -6.866187
v -53.547108 37.096718 -6.540763
v -53.547108 37.668941 -0.000075
v 53.547096 -37.091553 -6.540743
v 53.547096 -37.663792 -0.000054
v 53.228703 -39.537895 -0.000053
v -53.547096 -35.392239 12.882595
v -53.547096 -37.091560 6.540633
v -53.228703 -38.937187 6.866074
v 53.228714 34.245644 19.770164
v 53.547108 32.622616 18.833122
v 53.547108 35.397396 12.882607
v -53.547096 -37.091560 6.540633
v -53.547096 -37.663799 -0.000050
v -53.228703 -39.537903 -0.000050
v 53.228687 -13.521030 -37.155930
v 53.547081 -12.880049 -35.394855
v 53.547081 -18.830568 -32.620090
v -53.547096 -37.091560 -6.540740
v -53.228703 -38.937180 -6.866193
v -53.228703 -39.537903 -0.000050
v 53.228714 13.526232 37.155827
v 53.547108 12.885248 35.394741
v 53.547119 18.835768 32.620007
v -53.547096 -35.392250 -12.882717
v -53.228703 -37.153320 -13.523685
v -53.228703 -38.937180 -6.866193
v -53.547108 12.885246 35.394741
v -53.547108 6.543283 37.094059
v -53.228714 6.868737 38.939705
v -53.547096 -24.208902 -28.854166
v -53.228687 -25.413548 -30.289814
v -53.228687 -30.287184 -25.416172
v -53.547096 28.856701 -24.211500
v -53.547108 32.622608 -18.833233
v -53.228703 34.245636 -19.770294
v -53.547096 -32.617458 -18.833244
v -53.547081 -28.851538 -24.211514
v -53.228687 -30.287184 -25.416172
v -53.547096 12.885254 -35.394855
v -53.547096 18.835787 -32.620075
v -53.228703 19.772806 -34.243088
v -53.547108 0.002588 37.666317
v -53.547108 -6.538127 37.094063
v -53.228714 -6.863562 38.939705
v 53.228687 6.868727 -38.939808
v 53.547096 6.543299 -37.094177
v 53.547081 0.002591 -37.666431
v -53.547096 -24.208902 -28.854166
v -53.547081 -18.830578 -32.620087
v -53.228687 -19.767649 -34.243111
v -53.547096 6.543290 -37.094177
v -53.547096 12.885254 -35.394855
v -53.228703 13.526222 -37.155945
v -53.228703 34.245636 -19.770294
v -53.547108 32.622608 -18.833233
v -53.547108 35.397385 -12.882726
v -53.547081 -6.538095 -37.094177
v -53.547081 0.002582 -37.666431
v -53.228687 0.002582 -39.540520
v 53.228714 39.543064 -0.000059
v 53.228714 38.942337 6.866058
v 53.547108 37.096722 6.540630
v -51.997593 6.891643 39.069660
v -52.597019 6.914287 39.198093
v -52.597008 0.002600 39.802753
v -51.997581 39.674999 -0.000063
v -52.597008 39.805401 -0.000063
v -52.597008 39.200695 6.911617
v -51.997581 -6.886480 39.069641
v -51.997581 0.002600 39.672356
v -52.597008 0.002600 39.802753
v -51.997581 -13.566201 37.279819
v -51.997581 -6.886480 39.069641
v -52.597008 -6.909123 39.198040
v 52.596992 25.587353 -30.490757
v 51.997581 25.503527 -30.390873
v 51.997581 30.393419 -25.500984
v -51.997581 -19.833639 34.357254
v -51.997581 -13.566201 37.279819
v -52.597008 -13.610787 37.402348
v 51.997581 -34.354740 19.836142
v 52.597008 -34.467670 19.901350
v 52.597008 -30.488148 25.584679
v -51.997570 -25.498373 30.390757
v -51.997581 -19.833639 34.357254
v -52.597008 -19.898851 34.470188
v 51.997581 -39.067131 6.888983
v 52.597008 -39.195557 6.911620
v 52.596992 -37.399841 13.613303
v 51.997581 -19.833635 34.357250
v 52.597008 -19.898849 34.470184
v 52.597008 -13.610784 37.402348
v 52.597008 37.404987 -13.613416
v 52.597008 34.472839 -19.901455
v 51.997581 34.359924 -19.836254
v -51.997581 -34.354744 19.836145
v -51.997581 -30.388266 25.500887
v -52.597008 -30.488152 25.584682
v 51.997570 -30.388262 -25.500990
v 52.596992 -30.488148 -25.584816
v 52.596992 -34.467670 -19.901455
v -51.997570 -37.277302 13.568727
v -51.997581 -34.354744 19.836145
v -52.597008 -34.467674 19.901352
v -52.597008 37.404987 13.613312
v -52.597008 34.472836 19.901340
v -51.997581 34.359921 19.836132
v -51.997581 -39.067139 6.888987
v -51.997570 -37.277302 13.568727
v -52.596992 -37.399849 13.613306
v 52.596992 0.002591 -39.802876
v 52.596992 -6.909083 -39.198170
v 51.997570 -6.886434 -39.069744
v 51.997570 -25.498369 30.390753
v 52.596992 -25.582184 30.490644
v 52.597008 -19.898849 34.470184
v 52.596992 13.615978 -37.402454
v 52.596992 6.914289 -39.198170
v 51.997570 6.891645 -39.069744
v -51.997570 -39.067127 -6.889093
v -51.997570 -39.669857 -0.000050
v -52.596992 -39.800251 -0.000050
v -51.997581 34.359913 -19.836258
v -52.597008 34.472832 -19.901459
v -52.597008 37.404980 -13.613419
v 51.997570 -39.067120 -6.889096
v 52.596992 -39.195530 -6.911746
v 52.596992 -39.800247 -0.000053
v -51.997581 30.393410 -25.500988
v -52.597008 30.493307 -25.584814
v -52.597008 34.472832 -19.901459
v 52.596992 -13.610759 -37.402466
v 52.596981 -19.898811 -34.470310
v 51.997555 -19.833599 -34.357395
v -52.596992 25.587343 -30.490761
v -52.597008 30.493307 -25.584814
v -51.997581 30.393410 -25.500988
v -51.997570 -34.354752 -19.836264
v -52.596992 -34.467678 -19.901453
v -52.596992 -30.488157 -25.584814
v 52.597008 13.615966 37.402363
v 51.997581 13.571368 37.279816
v 51.997593 6.891645 39.069660
v -51.997570 -30.388271 -25.500988
v -52.596992 -30.488157 -25.584814
v -52.596981 -25.582195 -30.490786
v -52.596992 13.615969 -37.402454
v -52.597008 19.903997 -34.470295
v -51.997581 19.838783 -34.357368
v -51.997581 25.503532 30.390825
v -52.597008 25.587358 30.490698
v -52.597019 19.904003 34.470196
v -51.997570 6.891637 -39.069744
v -52.596992 6.914280 -39.198170
v -52.596992 13.615969 -37.402454
v 52.596992 13.615978 -37.402454
v 51.997570 13.571381 -37.279922
v 51.997581 19.838793 -34.357365
v -52.597008 19.903997 -34.470295
v -52.596992 25.587343 -30.490761
v -51.997581 25.503517 -30.390875
v -51.997570 -13.566170 -37.279949
v -52.596992 -13.610768 -37.402466
v -52.596992 -6.909092 -39.198170
v -51.997570 -6.886443 -39.069744
v -52.596992 -6.909092 -39.198170
v -52.596992 0.002582 -39.802876
v -52.597008 0.002600 39.802753
v -53.228714 0.002600 39.540417
v -53.228714 -6.863562 38.939705
v -53.228714 19.772837 34.243011
v -53.228714 13.526229 37.155827
v -52.597008 13.615963 37.402363
v 52.596992 -34.467670 -19.901455
v 53.228687 -34.240467 -19.770290
v 53.228703 -37.153316 -13.523687
v 53.228703 19.772816 -34.243084
v 53.228703 13.526232 -37.155945
v 52.596992 13.615978 -37.402454
v -53.228687 0.002582 -39.540520
v -52.596992 0.002582 -39.802876
v -52.596992 -6.909092 -39.198170
v -53.228687 -25.413548 -30.289814
v -53.228687 -19.767649 -34.243111
v -52.596981 -19.898821 -34.470306
v -53.228687 -6.863543 -38.939808
v -52.596992 -6.909092 -39.198170
v -52.596992 -13.610768 -37.402466
v -53.228703 -37.153320 -13.523685
v -53.228687 -34.240479 -19.770287
v -52.596992 -34.467678 -19.901453
v -53.228703 13.526222 -37.155945
v -52.596992 13.615969 -37.402454
v -52.596992 6.914280 -39.198170
v -52.596992 -39.195538 -6.911742
v -53.228703 -38.937180 -6.866193
v -53.228703 -37.153320 -13.523685
v -53.228703 30.292322 -25.416172
v -52.597008 30.493307 -25.584814
v -52.596992 25.587343 -30.490761
v -53.228703 -39.537903 -0.000050
v -53.228703 -38.937180 -6.866193
v -52.596992 -39.195538 -6.911742
v 52.597008 39.805408 -0.000059
v 53.228714 39.543064 -0.000059
v 53.228703 38.942337 -6.866184
v -53.228714 38.942333 6.866055
v -52.597008 39.200695 6.911617
v -52.597008 39.805401 -0.000063
v -52.597008 -34.467674 19.901352
v -53.228703 -34.240479 19.770174
v -53.228703 -37.153316 13.523584
v -52.596992 -37.399849 13.613306
v -53.228703 -37.153316 13.523584
v -53.228703 -38.937187 6.866074
v -53.228703 25.418703 -30.289801
v -52.596992 25.587343 -30.490761
v -52.597008 19.903997 -34.470295
v 52.597019 19.904007 34.470200
v 53.228714 19.772840 34.243015
v 53.228714 25.418720 30.289747
v -53.228703 37.158459 -13.523697
v -52.597008 37.404980 -13.613419
v -52.597008 34.472832 -19.901459
v -52.597008 -19.898851 34.470188
v -53.228703 -19.767673 34.243000
v -53.228703 -25.413557 30.289675
v -53.228703 37.158459 -13.523697
v -53.228703 38.942333 -6.866187
v -52.597008 39.200695 -6.911761
v -52.596992 -25.582186 30.490648
v -53.228703 -25.413557 30.289675
v -53.228703 -30.287178 25.416073
v -53.228703 38.942333 -6.866187
v -53.228714 39.543060 -0.000063
v -52.597008 39.805401 -0.000063
v 52.597008 39.200703 -6.911758
v 53.228703 38.942337 -6.866184
v 53.228703 37.158466 -13.523694
v -53.228714 37.158466 13.523572
v -52.597008 37.404987 13.613312
v -52.597008 39.200695 6.911617
v -52.597008 -39.195564 6.911623
v -53.228703 -38.937187 6.866074
v -53.228703 -39.537903 -0.000050
v 52.596992 -37.399841 13.613303
v 52.597008 -39.195557 6.911620
v 53.228703 -38.937180 6.866071
v -52.597008 -6.909123 39.198040
v -53.228714 -6.863562 38.939705
v -53.228714 -13.521052 37.155834
v 53.228703 37.158466 -13.523694
v 53.228703 34.245644 -19.770290
v 52.597008 34.472839 -19.901455
v -53.228703 34.245636 -19.770294
v -52.597008 34.472832 -19.901459
v -52.597008 30.493307 -25.584814
v -53.228714 30.292341 25.416048
v -52.597008 30.493315 25.584677
v -52.597008 34.472836 19.901340
v 52.596992 -39.195530 -6.911746
v 52.596992 -37.399849 -13.613428
v 53.228703 -37.153316 -13.523687
v -53.228714 30.292341 25.416048
v -53.228714 25.418718 30.289743
v -52.597008 25.587358 30.490698
v -53.228714 25.418718 30.289743
v -53.228714 19.772837 34.243011
v -52.597019 19.904003 34.470196
v 52.596992 -13.610759 -37.402466
v 53.228687 -13.521030 -37.155930
v 53.228687 -19.767639 -34.243114
vt 0.392399 -1.078032
vt 0.579610 -1.003837
vt 0.573650 -0.993513
vt -1.643657 0.799521
vt -1.663397 0.617818
vt -1.643657 0.621917
vt -0.998736 -0.176025
vt -1.147301 0.000081
vt -1.129872 -0.199148
vt -1.147305 0.000081
vt -0.998740 0.176185
vt -1.129875 0.199307
vt 0.878887 -0.737392
vt 0.651882 -0.776800
vt 0.737474 -0.878805
vt -0.952984 0.346939
vt -1.129872 0.199308
vt -0.998736 0.176185
vt -0.878274 -0.506992
vt -1.078111 -0.392321
vt -0.993592 -0.573572
vt -0.878274 0.507154
vt -1.078110 0.392482
vt -0.952984 0.346939
vt 1.014147 0.000081
vt 1.129875 -0.199146
vt 1.147305 0.000081
vt 1.078111 -0.392321
vt 0.878274 -0.506992
vt 0.993593 -0.573572
vt -0.651878 -0.776800
vt -0.878883 -0.737392
vt -0.737470 -0.878805
vt -0.651879 0.776961
vt -0.878884 0.737554
vt -0.776880 0.651961
vt -0.776878 -0.651799
vt -0.993592 -0.573572
vt -0.878883 -0.737392
vt 0.998740 -0.176024
vt 1.078114 -0.392320
vt 1.129875 -0.199146
vt 0.878274 0.507154
vt 1.078110 0.392482
vt 0.993593 0.573733
vt 0.507072 0.878356
vt 0.737471 0.878966
vt 0.573650 0.993674
vt -0.737474 -0.878805
vt -0.507075 -0.878195
vt -0.651882 -0.776800
vt 0.952986 -0.346778
vt 0.993596 -0.573571
vt 1.078114 -0.392320
vt -0.176103 0.998819
vt -0.392399 1.078193
vt -0.346857 0.953066
vt 0.878883 -0.737392
vt 0.651878 -0.776800
vt 0.737470 -0.878805
vt 0.346859 0.953065
vt 0.199228 1.129954
vt 0.176106 0.998819
vt 0.573653 -0.993513
vt 0.346860 -0.952904
vt 0.392403 -1.078032
vt -0.651882 0.776961
vt -0.573654 0.993674
vt -0.737474 0.878965
vt 0.199229 -1.129792
vt 0.000002 -1.014065
vt 0.000002 -1.147222
vt -0.346860 0.953065
vt -0.199229 1.129954
vt -0.392403 1.078193
vt 1.129872 -0.199148
vt 0.952984 -0.346779
vt 1.078111 -0.392321
vt -0.573650 -0.993513
vt -0.651878 -0.776800
vt -0.737470 -0.878805
vt 0.993596 -0.573571
vt 0.776882 -0.651799
vt 0.878887 -0.737392
vt -0.952984 -0.346779
vt -1.129872 -0.199148
vt -1.078111 -0.392321
vt -0.776880 0.651961
vt -0.993593 0.573733
vt -0.878274 0.507154
vt 0.651879 0.776961
vt 0.878884 0.737554
vt 0.737471 0.878966
vt 0.507074 0.878356
vt 0.392403 1.078193
vt 0.346859 0.953065
vt -0.000002 1.014226
vt 0.199225 1.129954
vt -0.000002 1.147384
vt -0.000002 -1.147222
vt 0.176103 -0.998658
vt -0.000002 -1.014065
vt -0.392403 -1.078032
vt -0.176106 -0.998658
vt -0.346860 -0.952904
vt 0.952984 0.346939
vt 1.129872 0.199308
vt 1.078110 0.392482
vt -1.003916 0.579693
vt -1.078110 0.392482
vt -0.993593 0.573733
vt -1.089312 0.396558
vt -1.129872 0.199308
vt -1.078110 0.392482
vt -0.888016 0.745216
vt -0.993593 0.573733
vt -0.878884 0.737554
vt -1.159223 0.000081
vt -1.129872 0.199308
vt -1.141611 0.201378
vt -0.745136 -0.887937
vt -0.573653 -0.993513
vt -0.737474 -0.878805
vt -0.000002 -1.147222
vt 0.201295 -1.141532
vt 0.199225 -1.129792
vt -0.573650 0.993674
vt -0.745133 0.888098
vt -0.737471 0.878966
vt -0.396476 -1.089233
vt -0.199225 -1.129792
vt -0.392399 -1.078032
vt -0.392399 1.078193
vt -0.579610 1.003998
vt -0.573650 0.993674
vt -1.089312 -0.396398
vt -0.993592 -0.573572
vt -1.078111 -0.392321
vt -0.199225 1.129954
vt -0.396476 1.089395
vt -0.392399 1.078193
vt -0.888016 -0.745054
vt -0.993592 -0.573572
vt -1.003915 -0.579532
vt 1.078114 -0.392320
vt 1.141615 -0.201216
vt 1.129875 -0.199146
vt -0.745133 -0.887937
vt -0.878883 -0.737392
vt -0.888016 -0.745054
vt -0.993596 -0.573571
vt -0.888019 -0.745054
vt -0.878887 -0.737392
vt -0.745133 -0.887937
vt -0.573650 -0.993513
vt -0.737470 -0.878805
vt 0.993596 -0.573571
vt 1.089316 -0.396397
vt 1.078114 -0.392320
vt -0.579610 -1.003837
vt -0.392399 -1.078032
vt -0.573650 -0.993513
vt 0.579613 1.003998
vt 0.392403 1.078193
vt 0.573654 0.993674
vt -0.199229 -1.129792
vt -0.000002 -1.159144
vt -0.000002 -1.147222
vt 0.745136 0.888098
vt 0.573654 0.993674
vt 0.737474 0.878966
vt -0.201295 -1.141532
vt 0.000002 -1.147222
vt -0.199225 -1.129792
vt 0.878886 0.737554
vt 0.745136 0.888098
vt 0.737474 0.878966
vt 0.000002 -1.159143
vt 0.199229 -1.129792
vt 0.000002 -1.147222
vt -1.089312 -0.396398
vt -1.129872 -0.199148
vt -1.141611 -0.201217
vt 0.201299 -1.141532
vt 0.392403 -1.078032
vt 0.199229 -1.129792
vt -1.078114 0.392482
vt -1.141614 0.201378
vt -1.129875 0.199307
vt 0.579613 -1.003837
vt 0.392403 -1.078032
vt 0.396480 -1.089233
vt 1.141614 0.201378
vt 1.078114 0.392482
vt 1.129875 0.199308
vt 0.745136 -0.887936
vt 0.573653 -0.993513
vt 0.579613 -1.003837
vt 1.078110 0.392482
vt 1.003916 0.579693
vt 0.993593 0.573733
vt 0.745136 -0.887936
vt 0.878887 -0.737392
vt 0.737474 -0.878805
vt 0.199225 -1.129792
vt 0.396476 -1.089234
vt 0.392399 -1.078032
vt 0.888019 -0.745054
vt 0.993596 -0.573571
vt 0.878887 -0.737392
vt 0.396479 1.089394
vt 0.199228 1.129954
vt 0.392403 1.078193
vt -0.392403 -1.078032
vt -0.201299 -1.141532
vt -0.199229 -1.129792
vt 1.643656 -0.952837
vt 1.624924 -0.796906
vt 1.624924 -0.949716
vt 0.901690 0.756689
vt 1.070094 0.617901
vt 0.946554 0.794335
vt -1.235638 0.000081
vt -1.159189 0.204478
vt -1.216866 0.214648
vt 1.019375 -0.588457
vt 1.161120 -0.422533
vt 1.106086 -0.402503
vt -1.216866 -0.214486
vt -1.177072 0.000081
vt -1.235638 0.000081
vt -1.070094 0.617901
vt -0.901690 0.756689
vt -0.946555 0.794335
vt -0.901692 0.756689
vt -0.794255 0.946635
vt -0.946556 0.794334
vt -1.019377 0.588618
vt -0.946556 0.794334
vt -1.070097 0.617900
vt -1.019375 -0.588457
vt -1.161120 -0.422533
vt -1.070094 -0.617740
vt -0.794252 0.946636
vt -0.588535 1.019457
vt -0.617818 1.070176
vt 0.756606 -0.901610
vt 0.617818 -1.070015
vt 0.794252 -0.946474
vt 1.161123 0.422695
vt 1.159193 0.204478
vt 1.216869 0.214648
vt 0.402585 -1.106008
vt 0.214569 -1.216787
vt 0.422615 -1.161041
vt -0.422612 1.161202
vt -0.204395 1.159273
vt -0.214564 1.216948
vt -0.617818 -1.070015
vt -0.756606 -0.901610
vt -0.794252 -0.946474
vt 1.070096 0.617900
vt 1.106089 0.402664
vt 1.161123 0.422695
vt -0.422612 -1.161041
vt -0.588534 -1.019295
vt -0.617818 -1.070015
vt 0.214568 1.216948
vt 0.000002 1.177155
vt 0.204399 1.159273
vt 0.402581 1.106168
vt 0.617818 1.070176
vt 0.422612 1.161202
vt 0.422615 1.161202
vt 0.204399 1.159273
vt 0.402585 1.106168
vt -0.901689 -0.756528
vt -1.070094 -0.617740
vt -0.946552 -0.794174
vt 0.588534 -1.019295
vt 0.422612 -1.161041
vt 0.617818 -1.070015
vt 0.588535 1.019457
vt 0.794251 0.946636
vt 0.617818 1.070176
vt 0.617822 1.070176
vt 0.756609 0.901772
vt 0.794255 0.946635
vt -1.161120 -0.422533
vt -1.159189 -0.204316
vt -1.216866 -0.214486
vt 0.794255 0.946635
vt 0.901692 0.756690
vt 0.946556 0.794335
vt 0.901693 -0.756528
vt 0.794256 -0.946474
vt 0.946557 -0.794173
vt 0.946556 0.794335
vt 1.019377 0.588619
vt 1.070096 0.617900
vt -0.794252 0.946636
vt -0.901690 0.756689
vt -0.756607 0.901772
vt 0.204395 1.159272
vt 0.422612 1.161202
vt 0.214564 1.216948
vt -0.402585 -1.106008
vt -0.617821 -1.070015
vt -0.422615 -1.161041
vt -1.177076 0.000081
vt -1.216869 0.214647
vt -1.235641 0.000081
vt -0.422616 1.161202
vt -0.204399 1.159272
vt -0.214568 1.216948
vt 1.159189 0.204478
vt 1.235638 0.000081
vt 1.216866 0.214648
vt 1.235641 0.000081
vt 1.159193 -0.204315
vt 1.216869 -0.214485
vt 0.422615 1.161202
vt 0.588538 1.019457
vt 0.617822 1.070176
vt -0.000002 1.235721
vt 0.204395 1.159272
vt 0.214564 1.216948
vt -1.624924 0.424026
vt -1.643657 0.215993
vt -1.624924 0.215285
vt -1.643657 0.622000
vt -1.624924 0.796985
vt -1.643656 0.799605
vt -1.643657 -0.215988
vt -1.624924 -0.424022
vt -1.624924 -0.215281
vt 1.643657 0.425499
vt 1.624925 0.619962
vt 1.624924 0.424105
vt 1.624924 -0.796824
vt 1.643656 -0.621838
vt 1.624924 -0.619800
vt 1.643657 0.622000
vt 1.624924 0.796986
vt 1.624925 0.619962
vt -1.624925 0.619962
vt -1.643657 0.425499
vt -1.624924 0.424105
vt 1.643657 -0.952834
vt 1.624924 -0.796902
vt 1.624924 -0.949713
vt 1.643656 0.000081
vt 1.624924 0.215364
vt 1.624924 0.000081
vt 1.643657 -0.621917
vt 1.624924 -0.796902
vt 1.643657 -0.799521
vt 1.624924 -0.949633
vt 1.643656 -0.799443
vt 1.624924 -0.796824
vt 1.643657 -0.425416
vt 1.624924 -0.619879
vt 1.643657 -0.621917
vt -1.624924 -0.000002
vt -1.643657 0.215988
vt -1.643656 -0.000002
vt 1.643657 -0.215988
vt 1.624924 -0.424022
vt 1.643657 -0.425416
vt -1.624924 0.796903
vt -1.643656 0.952833
vt -1.643657 0.799521
vt 1.643657 -0.215988
vt 1.624924 0.000002
vt 1.624924 -0.215281
vt 1.643657 -0.425337
vt 1.624924 -0.215202
vt 1.624924 -0.423944
vt 1.643657 0.215992
vt 1.624924 0.000002
vt 1.643657 0.000002
vt 1.624924 -0.000002
vt 1.643657 0.215988
vt 1.624924 0.215281
vt 1.643657 0.215992
vt 1.624924 0.424026
vt 1.624924 0.215285
vt -1.643657 0.215993
vt -1.624924 0.000002
vt -1.624924 0.215285
vt -1.624924 -0.424026
vt -1.643656 -0.215992
vt -1.643656 -0.425420
vt 1.624924 -0.424026
vt 1.643656 -0.215992
vt 1.624924 -0.215284
vt 1.643657 0.000081
vt 1.624925 0.215364
vt 1.624924 0.000081
vt 1.643656 -0.621920
vt 1.624924 -0.424026
vt 1.624924 -0.619883
vt -1.624924 -0.796902
vt -1.643657 -0.952834
vt -1.624924 -0.949713
vt -1.643656 -0.215909
vt -1.624924 -0.423943
vt -1.624924 -0.215201
vt -1.643657 0.425499
vt -1.624925 0.215364
vt -1.624924 0.424105
vt -1.643657 -0.621917
vt -1.624924 -0.796902
vt -1.624924 -0.619879
vt 1.624924 -0.619800
vt 1.643656 -0.425337
vt 1.624924 -0.423943
vt -1.643656 -0.621838
vt -1.624924 -0.796824
vt -1.624924 -0.619800
vt -1.624924 -0.424026
vt -1.643656 -0.621920
vt -1.624924 -0.619883
vt 1.624924 -0.215202
vt 1.643657 0.000081
vt 1.624924 0.000081
vt -1.643656 0.000081
vt -1.624924 0.215364
vt -1.643656 0.216072
vt 1.624924 0.424023
vt 1.643657 0.621917
vt 1.624924 0.619879
vt 1.643657 0.621920
vt 1.624924 0.796906
vt 1.624924 0.619883
vt -1.643656 -0.621838
vt -1.663396 -0.794173
vt -1.643656 -0.799443
vt 1.643657 0.425499
vt 1.663397 0.617901
vt 1.643657 0.622000
vt 1.643656 -0.952837
vt 1.663396 -0.794256
vt 1.643656 -0.799526
vt 1.663397 0.617900
vt 1.643656 0.425499
vt 1.663397 0.422694
vt -1.643657 -0.425337
vt -1.663397 -0.617740
vt -1.643657 -0.621839
vt 1.643656 -0.799526
vt 1.663396 -0.617822
vt 1.643656 -0.621920
vt -1.663396 0.214648
vt -1.643656 0.000081
vt -1.643656 0.216072
vt 1.643657 -0.952834
vt 1.663397 -0.794252
vt 1.643657 -0.799521
vt -1.643657 0.425499
vt -1.663397 0.214648
vt -1.643657 0.216071
vt 1.643656 -0.799443
vt 1.663397 -0.946474
vt 1.663397 -0.794174
vt -1.663396 -0.214485
vt -1.643656 -0.425336
vt -1.643656 -0.215909
vt -1.663396 0.000081
vt -1.643656 -0.215909
vt -1.643656 0.000081
vt -1.663397 0.794335
vt -1.643657 0.622000
vt -1.643656 0.799605
vt 1.643657 0.215988
vt 1.663397 -0.000002
vt 1.663397 0.214565
vt -1.663397 0.946635
vt -1.643656 0.799605
vt -1.643657 0.952916
vt 1.643657 -0.215910
vt 1.663397 -0.422533
vt 1.663397 -0.214486
vt 1.663397 0.617822
vt 1.643657 0.799525
vt 1.643657 0.621920
vt 1.643657 0.621917
vt 1.663397 0.422612
vt 1.663397 0.617818
vt 1.643656 -0.215992
vt 1.663397 -0.000002
vt 1.643656 -0.000002
vt 1.643657 0.799521
vt 1.663397 0.617818
vt 1.663397 0.794252
vt 1.663397 -0.794252
vt 1.643657 -0.621917
vt 1.643657 -0.799521
vt -1.663397 0.422695
vt -1.643656 0.216072
vt -1.643656 0.425499
vt -1.643657 0.216071
vt -1.663397 0.000081
vt -1.643657 0.000081
vt 1.643657 -0.621839
vt 1.663397 -0.794174
vt 1.663397 -0.617740
vt 1.663397 -0.214564
vt 1.643657 0.000002
vt 1.643657 -0.215988
vt 1.643657 -0.425337
vt 1.663397 -0.617740
vt 1.663397 -0.422533
vt 1.663397 -0.422612
vt 1.643657 -0.215988
vt 1.643657 -0.425416
vt 1.663396 0.214647
vt 1.643656 0.000081
vt 1.663396 0.000081
vt 1.663397 -0.617818
vt 1.643657 -0.425416
vt 1.643657 -0.621917
vt 1.643657 0.000081
vt 1.663397 -0.214486
vt 1.663397 0.000081
vt -1.663396 -0.794255
vt -1.643656 -0.952837
vt -1.643656 -0.799525
vt 1.643657 0.216072
vt 1.663397 0.000081
vt 1.663397 0.214648
vt -1.663397 -0.617818
vt -1.643657 -0.425416
vt -1.663397 -0.422612
vt 1.643657 0.425499
vt 1.663397 0.214648
vt 1.663397 0.422695
vt 1.663396 -0.617739
vt 1.643656 -0.425337
vt 1.643656 -0.621838
vt -1.663396 -0.617821
vt -1.643656 -0.799525
vt -1.643656 -0.621920
vt -0.176103 -0.998658
vt -0.392399 -1.078032
vt -0.199225 -1.129792
vt 0.998736 0.176185
vt 1.147301 0.000080
vt 1.129872 0.199308
vt -0.573653 -0.993513
vt -0.346860 -0.952904
vt -0.507075 -0.878195
vt -0.392399 -1.078032
vt -0.507070 -0.878195
vt -0.573650 -0.993513
vt 0.000002 1.014227
vt 0.199228 1.129954
vt 0.000002 1.147384
vt 0.993593 -0.573572
vt 0.776878 -0.651800
vt 0.878883 -0.737392
vt 0.878277 0.507153
vt 1.078114 0.392482
vt 0.993594 0.573733
vt -0.993596 -0.573571
vt -0.776882 -0.651800
vt -0.878277 -0.506992
vt -0.346857 0.953066
vt -0.573650 0.993674
vt -0.507072 0.878356
vt 0.573650 -0.993513
vt 0.651878 -0.776800
vt 0.507070 -0.878195
vt 0.000002 1.014227
vt -0.199225 1.129954
vt -0.176103 0.998819
vt 0.392399 -1.078032
vt 0.507070 -0.878195
vt 0.346856 -0.952904
vt 0.346857 0.953065
vt 0.573650 0.993674
vt 0.392399 1.078192
vt 0.392399 -1.078032
vt 0.176103 -0.998658
vt 0.199225 -1.129792
vt 0.998740 0.176185
vt 1.147305 0.000081
vt 1.129875 0.199308
vt -1.078114 -0.392320
vt -0.998740 -0.176024
vt -1.129875 -0.199146
vt -0.199229 -1.129792
vt -0.000002 -1.014065
vt -0.176106 -0.998658
vt -0.199229 1.129954
vt -0.000002 1.014226
vt -0.000002 1.147384
vt -1.078114 0.392482
vt -0.878277 0.507153
vt -0.993595 0.573733
vt 0.998736 -0.176025
vt 1.147301 0.000080
vt 1.014144 0.000080
vt -0.993595 0.573733
vt -0.776882 0.651960
vt -0.878886 0.737553
vt 0.176102 0.998819
vt 0.392399 1.078192
vt 0.199225 1.129954
vt -0.507074 0.878356
vt -0.392403 1.078193
vt -0.573654 0.993674
vt -0.993596 -0.573571
vt -0.952986 -0.346778
vt -1.078114 -0.392320
vt -0.878886 0.737553
vt -0.651882 0.776961
vt -0.737474 0.878965
vt 0.737474 -0.878805
vt 0.507075 -0.878195
vt 0.573653 -0.993513
vt 0.651882 0.776961
vt 0.573654 0.993674
vt 0.507074 0.878356
vt -0.878887 -0.737392
vt -0.651882 -0.776800
vt -0.776882 -0.651800
vt 0.776880 0.651961
vt 0.993593 0.573733
vt 0.878884 0.737554
vt -0.507072 0.878356
vt -0.737471 0.878966
vt -0.651879 0.776961
vt 0.776882 0.651960
vt 0.993594 0.573733
vt 0.878886 0.737554
vt -1.129875 -0.199146
vt -1.014147 0.000081
vt -1.147305 0.000081
vt -0.756606 -0.901610
vt -0.946552 -0.794174
vt -0.794252 -0.946474
vt 0.998740 0.176185
vt 1.078114 0.392482
vt 0.952986 0.346939
vt -0.998740 0.176185
vt -1.078114 0.392482
vt -1.129875 0.199307
vt -0.998736 0.176185
vt -1.147301 0.000081
vt -1.014144 0.000081
vt 0.392403 -1.078032
vt 0.176107 -0.998657
vt 0.199229 -1.129792
vt 0.000002 -1.147222
vt -0.176103 -0.998658
vt -0.199225 -1.129792
vt 0.573650 -0.993513
vt 0.745133 -0.887937
vt 0.737470 -0.878805
vt 1.078114 0.392482
vt 1.003919 0.579693
vt 0.993594 0.573733
vt 0.888016 -0.745054
vt 0.993593 -0.573572
vt 0.878883 -0.737392
vt -0.878887 -0.737392
vt -0.745136 -0.887937
vt -0.737474 -0.878805
vt 0.878884 0.737554
vt 0.745133 0.888098
vt 0.737471 0.878966
vt 1.141611 -0.201217
vt 1.147301 0.000080
vt 1.129872 -0.199148
vt 1.159223 0.000080
vt 1.129872 0.199308
vt 1.147301 0.000080
vt 1.089312 -0.396398
vt 1.129872 -0.199148
vt 1.078111 -0.392321
vt 0.993594 0.573733
vt 0.888018 0.745216
vt 0.878886 0.737554
vt 0.745133 -0.887937
vt 0.878883 -0.737392
vt 0.737470 -0.878805
vt -0.392403 1.078193
vt -0.579613 1.003998
vt -0.573654 0.993674
vt 0.199225 1.129954
vt 0.396476 1.089394
vt 0.201295 1.141694
vt -0.000002 1.147384
vt 0.201295 1.141694
vt -0.000002 1.159305
vt -0.745133 0.888098
vt -0.878884 0.737554
vt -0.737471 0.878966
vt -0.199229 1.129954
vt -0.000002 1.159305
vt -0.201299 1.141694
vt -0.878886 0.737553
vt -0.745136 0.888098
vt -0.888018 0.745215
vt -0.199229 1.129954
vt -0.396480 1.089394
vt -0.392403 1.078193
vt -0.579613 -1.003837
vt -0.392403 -1.078032
vt -0.573653 -0.993513
vt -1.141611 -0.201217
vt -1.147301 0.000081
vt -1.159223 0.000081
vt 1.129875 -0.199146
vt 1.159226 0.000081
vt 1.147305 0.000081
vt 0.000002 1.147384
vt -0.201295 1.141694
vt -0.199225 1.129954
vt -0.573654 0.993674
vt -0.745136 0.888098
vt -0.737474 0.878965
vt 0.993593 -0.573572
vt 1.089312 -0.396398
vt 1.078111 -0.392321
vt -0.993595 0.573733
vt -0.888018 0.745215
vt -1.003919 0.579693
vt 0.573650 0.993674
vt 0.745133 0.888098
vt 0.579610 1.003998
vt -1.078114 0.392482
vt -1.003919 0.579693
vt -1.089315 0.396559
vt 1.129872 0.199308
vt 1.089312 0.396558
vt 1.078110 0.392482
vt 0.993593 0.573733
vt 0.888016 0.745216
vt 0.878884 0.737554
vt 1.159226 0.000081
vt 1.129875 0.199308
vt 1.147305 0.000081
vt -1.129875 0.199307
vt -1.159226 0.000081
vt -1.147305 0.000081
vt 0.199228 1.129954
vt 0.000002 1.159305
vt 0.000002 1.147384
vt -1.129875 -0.199146
vt -1.159226 0.000081
vt -1.141615 -0.201217
vt 0.392399 1.078192
vt 0.579610 1.003998
vt 0.396476 1.089394
vt -1.078114 -0.392320
vt -1.141615 -0.201217
vt -1.089316 -0.396398
vt -0.993596 -0.573571
vt -1.089316 -0.396398
vt -1.003919 -0.579531
vt 1.216869 -0.214485
vt 1.106089 -0.402502
vt 1.161123 -0.422532
vt 0.000002 -1.235559
vt -0.204395 -1.159111
vt -0.214565 -1.216787
vt 1.019375 0.588618
vt 1.161120 0.422695
vt 1.070094 0.617901
vt -1.019378 -0.588456
vt -1.161123 -0.422532
vt -1.070097 -0.617739
vt -1.216866 0.214648
vt -1.106086 0.402664
vt -1.161120 0.422695
vt 1.159189 -0.204316
vt 1.161120 -0.422533
vt 1.216866 -0.214486
vt 0.794251 0.946636
vt 0.901690 0.756689
vt 0.946554 0.794335
vt 0.651882 0.776961
vt 0.878886 0.737554
vt 0.737474 0.878966
vt 0.794256 -0.946474
vt 0.588539 -1.019295
vt 0.617822 -1.070015
vt 0.901689 -0.756528
vt 1.070094 -0.617740
vt 1.019375 -0.588457
vt -0.214565 -1.216787
vt -0.402581 -1.106007
vt -0.422612 -1.161041
vt 0.756606 -0.901610
vt 0.946552 -0.794174
vt 0.901689 -0.756528
vt 1.070097 -0.617739
vt 0.901693 -0.756528
vt 0.946557 -0.794173
vt 0.617822 -1.070015
vt 0.402585 -1.106008
vt 0.422615 -1.161041
vt -1.106089 -0.402502
vt -1.216869 -0.214486
vt -1.161123 -0.422532
vt -0.214568 1.216948
vt -0.000002 1.177154
vt -0.000002 1.235721
vt 0.204398 -1.159111
vt 0.000002 -1.235559
vt 0.214569 -1.216787
vt 0.402581 -1.106007
vt 0.214565 -1.216787
vt 0.422612 -1.161041
vt -0.617818 1.070176
vt -0.402581 1.106169
vt -0.422612 1.161202
vt 0.204395 -1.159111
vt -0.000002 -1.235559
vt 0.214565 -1.216787
vt 1.161123 -0.422532
vt 1.019378 -0.588455
vt 1.070097 -0.617739
vt -0.204398 -1.159111
vt -0.000002 -1.235559
vt -0.000002 -1.176994
vt -1.161120 0.422695
vt -1.019375 0.588618
vt -1.070094 0.617901
vt -0.402585 -1.106008
vt -0.214569 -1.216787
vt -0.204398 -1.159111
vt 1.106086 0.402664
vt 1.216866 0.214648
vt 1.161120 0.422695
vt -0.901693 -0.756528
vt -0.794255 -0.946474
vt -0.756610 -0.901611
vt -0.756609 0.901772
vt -0.617822 1.070176
vt -0.794255 0.946635
vt -0.588539 -1.019296
vt -0.794255 -0.946474
vt -0.617821 -1.070015
vt -1.106089 0.402664
vt -1.070097 0.617900
vt -1.161123 0.422694
vt 1.177072 0.000081
vt 1.216866 -0.214486
vt 1.235638 0.000081
vt 1.216869 0.214648
vt 1.177076 0.000081
vt 1.235641 0.000081
vt -0.901693 -0.756528
vt -1.070097 -0.617739
vt -0.946557 -0.794173
vt -1.159193 0.204478
vt -1.161123 0.422694
vt -1.216869 0.214647
vt -0.617822 1.070176
vt -0.402585 1.106168
vt -0.422616 1.161202
vt -1.159193 -0.204315
vt -1.235641 0.000081
vt -1.216869 -0.214486
vt 0.000002 1.235721
vt -0.204395 1.159273
vt 0.000002 1.177155
vt -1.624925 0.215364
vt -1.643657 0.000081
vt -1.624924 0.000081
vt -1.624924 0.000002
vt -1.643657 -0.215988
vt -1.624924 -0.215281
vt -1.624924 -0.215202
vt -1.643657 0.000081
vt -1.643657 -0.215910
vt -1.624924 -0.423944
vt -1.643657 -0.215910
vt -1.643657 -0.425337
vt -1.643656 0.799605
vt -1.624924 0.949794
vt -1.643657 0.952916
vt -1.624924 -0.619801
vt -1.643657 -0.425337
vt -1.643657 -0.621839
vt 1.624924 0.619879
vt 1.643657 0.799521
vt 1.624924 0.796903
vt -1.624924 -0.796824
vt -1.643657 -0.621839
vt -1.643656 -0.799443
vt 1.624924 0.215281
vt 1.643656 0.425416
vt 1.624924 0.424023
vt 1.624924 -0.619801
vt 1.643657 -0.425337
vt 1.624924 -0.423944
vt 1.643657 0.425419
vt 1.624924 0.619883
vt 1.624924 0.424026
vt -1.624924 0.619880
vt -1.643657 0.799521
vt -1.643657 0.621917
vt 1.624924 -0.796906
vt 1.643656 -0.621920
vt 1.624924 -0.619883
vt -1.624924 0.424023
vt -1.643657 0.621917
vt -1.643656 0.425416
vt -1.643657 -0.425416
vt -1.624924 -0.619879
vt -1.624924 -0.424022
vt -1.624924 0.215281
vt -1.643656 0.425416
vt -1.643657 0.215988
vt -1.643656 0.000081
vt -1.624924 -0.215201
vt -1.624924 0.000081
vt 1.624924 -0.796824
vt 1.643657 -0.621839
vt 1.624924 -0.619801
vt -1.643656 0.425499
vt -1.624924 0.215364
vt -1.624924 0.424106
vt -1.624924 -0.215284
vt -1.643656 -0.000002
vt -1.643656 -0.215992
vt -1.624924 0.619883
vt -1.643657 0.425419
vt -1.624924 0.424026
vt 1.624924 -0.215284
vt 1.643656 -0.000002
vt 1.624924 -0.000002
vt -1.624924 0.796906
vt -1.643657 0.621921
vt -1.624924 0.619883
vt -1.643656 -0.425336
vt -1.624924 -0.619800
vt -1.624924 -0.423943
vt 1.643656 0.799604
vt 1.624924 0.949794
vt 1.624924 0.796985
vt -1.624924 -0.619883
vt -1.643656 -0.799525
vt -1.624924 -0.796906
vt 1.643657 0.425499
vt 1.624925 0.215364
vt 1.643657 0.216072
vt -1.624924 -0.796906
vt -1.643656 -0.952837
vt -1.624924 -0.949716
vt 1.643656 0.425499
vt 1.624924 0.619962
vt 1.624924 0.424105
vt -1.624924 0.796985
vt -1.643657 0.622000
vt -1.624925 0.619962
vt 1.624924 0.215364
vt 1.643656 0.425499
vt 1.624924 0.424105
vt -1.643656 0.425499
vt -1.624924 0.619962
vt -1.643657 0.622000
vt 1.643657 0.622000
vt 1.624924 0.796985
vt 1.624924 0.619962
vt 1.624924 -0.423943
vt 1.643656 -0.215909
vt 1.624924 -0.215201
vt 1.624924 -0.215201
vt 1.643656 0.000081
vt 1.624924 0.000081
vt -1.643657 0.000081
vt -1.663397 -0.214486
vt -1.643657 -0.215910
vt -1.663397 0.617901
vt -1.643657 0.425499
vt -1.643657 0.622000
vt 1.643656 -0.621920
vt 1.663397 -0.422615
vt 1.643656 -0.425420
vt -1.663397 0.617900
vt -1.643656 0.425499
vt -1.643657 0.622000
vt 1.663396 0.000081
vt 1.643656 -0.215909
vt 1.663396 -0.214486
vt 1.663396 -0.794173
vt 1.643656 -0.621838
vt 1.643656 -0.799444
vt 1.663396 -0.214486
vt 1.643656 -0.425337
vt 1.663396 -0.422532
vt -1.663397 -0.422615
vt -1.643656 -0.621920
vt -1.643656 -0.425420
vt 1.663397 0.422694
vt 1.643656 0.216071
vt 1.663396 0.214647
vt -1.643656 -0.215992
vt -1.663397 -0.422615
vt -1.643656 -0.425420
vt -1.663397 0.794255
vt -1.643656 0.952836
vt -1.663397 0.946556
vt -1.663397 -0.000002
vt -1.643656 -0.215992
vt -1.643656 -0.000002
vt 1.643657 0.000002
vt 1.663397 0.214568
vt 1.643657 0.215992
vt -1.663397 -0.214564
vt -1.643657 0.000002
vt -1.663397 0.000002
vt -1.643657 0.621917
vt -1.663397 0.422612
vt -1.643656 0.425416
vt -1.643656 0.425416
vt -1.663397 0.214565
vt -1.643657 0.215988
vt 1.663397 0.794334
vt 1.643657 0.622000
vt 1.663397 0.617900
vt 1.643657 0.622000
vt 1.663397 0.794335
vt 1.643657 0.799605
vt -1.663397 0.422616
vt -1.643657 0.621921
vt -1.663397 0.617822
vt -1.643657 -0.621839
vt -1.663397 -0.794174
vt -1.643656 -0.799443
vt -1.663397 0.422616
vt -1.643657 0.215993
vt -1.643657 0.425419
vt -1.643656 -0.799443
vt -1.663397 -0.946474
vt -1.643657 -0.952755
vt -1.663397 0.214568
vt -1.643657 0.000002
vt -1.643657 0.215993
vt 1.643657 0.215992
vt 1.663397 0.422615
vt 1.643657 0.425419
vt -1.663397 -0.422612
vt -1.643657 -0.215988
vt -1.663397 -0.214564
vt -1.643657 0.215988
vt -1.663397 -0.000002
vt -1.643656 -0.000002
vt 1.643656 0.425416
vt 1.663397 0.214565
vt 1.663397 0.422612
vt -1.643657 -0.215910
vt -1.663397 -0.422533
vt -1.643657 -0.425337
vt 1.663397 0.422615
vt 1.643657 0.621920
vt 1.643657 0.425419
vt -1.663397 0.617822
vt -1.643657 0.799525
vt -1.663397 0.794255
vt -1.663397 -0.794251
vt -1.643657 -0.621917
vt -1.663397 -0.617818
vt 1.643656 -0.215992
vt 1.663397 -0.422615
vt 1.663397 -0.214569
vt -1.663397 -0.794251
vt -1.643657 -0.952834
vt -1.643657 -0.799521
vt -1.663397 0.794335
vt -1.643657 0.622000
vt -1.643657 0.799605
vt -1.643656 -0.425336
vt -1.663396 -0.617739
vt -1.643656 -0.621838
vt 0.392399 -1.078032
vt 0.396476 -1.089234
vt 0.579610 -1.003837
vt -1.643657 0.799521
vt -1.663397 0.794252
vt -1.663397 0.617818
vt -0.998736 -0.176025
vt -1.014144 0.000081
vt -1.147301 0.000081
vt -1.147305 0.000081
vt -1.014147 0.000081
vt -0.998740 0.176185
vt 0.878887 -0.737392
vt 0.776882 -0.651799
vt 0.651882 -0.776800
vt -0.952984 0.346939
vt -1.078110 0.392482
vt -1.129872 0.199308
vt -0.878274 -0.506992
vt -0.952984 -0.346779
vt -1.078111 -0.392321
vt -0.878274 0.507154
vt -0.993593 0.573733
vt -1.078110 0.392482
vt 1.014147 0.000081
vt 0.998740 -0.176024
vt 1.129875 -0.199146
vt 1.078111 -0.392321
vt 0.952984 -0.346779
vt 0.878274 -0.506992
vt -0.651878 -0.776800
vt -0.776878 -0.651799
vt -0.878883 -0.737392
vt -0.651879 0.776961
vt -0.737471 0.878966
vt -0.878884 0.737554
vt -0.776878 -0.651799
vt -0.878274 -0.506992
vt -0.993592 -0.573572
vt 0.998740 -0.176024
vt 0.952986 -0.346778
vt 1.078114 -0.392320
vt 0.878274 0.507154
vt 0.952984 0.346939
vt 1.078110 0.392482
vt 0.507072 0.878356
vt 0.651879 0.776961
vt 0.737471 0.878966
vt -0.737474 -0.878805
vt -0.573653 -0.993513
vt -0.507075 -0.878195
vt 0.952986 -0.346778
vt 0.878277 -0.506992
vt 0.993596 -0.573571
vt -0.176103 0.998819
vt -0.199225 1.129954
vt -0.392399 1.078193
vt 0.878883 -0.737392
vt 0.776878 -0.651800
vt 0.651878 -0.776800
vt 0.346859 0.953065
vt 0.392403 1.078193
vt 0.199228 1.129954
vt 0.573653 -0.993513
vt 0.507075 -0.878195
vt 0.346860 -0.952904
vt -0.651882 0.776961
vt -0.507074 0.878356
vt -0.573654 0.993674
vt 0.199229 -1.129792
vt 0.176107 -0.998657
vt 0.000002 -1.014065
vt -0.346860 0.953065
vt -0.176106 0.998819
vt -0.199229 1.129954
vt 1.129872 -0.199148
vt 0.998736 -0.176025
vt 0.952984 -0.346779
vt -0.573650 -0.993513
vt -0.507070 -0.878195
vt -0.651878 -0.776800
vt 0.993596 -0.573571
vt 0.878277 -0.506992
vt 0.776882 -0.651799
vt -0.952984 -0.346779
vt -0.998736 -0.176025
vt -1.129872 -0.199148
vt -0.776880 0.651961
vt -0.878884 0.737554
vt -0.993593 0.573733
vt 0.651879 0.776961
vt 0.776880 0.651961
vt 0.878884 0.737554
vt 0.507074 0.878356
vt 0.573654 0.993674
vt 0.392403 1.078193
vt -0.000002 1.014226
vt 0.176102 0.998819
vt 0.199225 1.129954
vt -0.000002 -1.147222
vt 0.199225 -1.129792
vt 0.176103 -0.998658
vt -0.392403 -1.078032
vt -0.199229 -1.129792
vt -0.176106 -0.998658
vt 0.952984 0.346939
vt 0.998736 0.176185
vt 1.129872 0.199308
vt -1.003916 0.579693
vt -1.089312 0.396558
vt -1.078110 0.392482
vt -1.089312 0.396558
vt -1.141611 0.201378
vt -1.129872 0.199308
vt -0.888016 0.745216
vt -1.003916 0.579693
vt -0.993593 0.573733
vt -1.159223 0.000081
vt -1.147301 0.000081
vt -1.129872 0.199308
vt -0.745136 -0.887937
vt -0.579613 -1.003837
vt -0.573653 -0.993513
vt -0.000002 -1.147222
vt -0.000002 -1.159144
vt 0.201295 -1.141532
vt -0.573650 0.993674
vt -0.579610 1.003998
vt -0.745133 0.888098
vt -0.396476 -1.089233
vt -0.201295 -1.141532
vt -0.199225 -1.129792
vt -0.392399 1.078193
vt -0.396476 1.089395
vt -0.579610 1.003998
vt -1.089312 -0.396398
vt -1.003915 -0.579532
vt -0.993592 -0.573572
vt -0.199225 1.129954
vt -0.201295 1.141694
vt -0.396476 1.089395
vt -0.888016 -0.745054
vt -0.878883 -0.737392
vt -0.993592 -0.573572
vt 1.078114 -0.392320
vt 1.089316 -0.396397
vt 1.141615 -0.201216
vt -0.745133 -0.887937
vt -0.737470 -0.878805
vt -0.878883 -0.737392
vt -0.993596 -0.573571
vt -1.003919 -0.579531
vt -0.888019 -0.745054
vt -0.745133 -0.887937
vt -0.579610 -1.003837
vt -0.573650 -0.993513
vt 0.993596 -0.573571
vt 1.003919 -0.579531
vt 1.089316 -0.396397
vt -0.579610 -1.003837
vt -0.396476 -1.089233
vt -0.392399 -1.078032
vt 0.579613 1.003998
vt 0.396479 1.089394
vt 0.392403 1.078193
vt -0.199229 -1.129792
vt -0.201299 -1.141532
vt -0.000002 -1.159144
vt 0.745136 0.888098
vt 0.579613 1.003998
vt 0.573654 0.993674
vt -0.201295 -1.141532
vt 0.000002 -1.159143
vt 0.000002 -1.147222
vt 0.878886 0.737554
vt 0.888018 0.745216
vt 0.745136 0.888098
vt 0.000002 -1.159143
vt 0.201299 -1.141532
vt 0.199229 -1.129792
vt -1.089312 -0.396398
vt -1.078111 -0.392321
vt -1.129872 -0.199148
vt 0.201299 -1.141532
vt 0.396480 -1.089233
vt 0.392403 -1.078032
vt -1.078114 0.392482
vt -1.089315 0.396559
vt -1.141614 0.201378
vt 0.579613 -1.003837
vt 0.573653 -0.993513
vt 0.392403 -1.078032
vt 1.141614 0.201378
vt 1.089315 0.396559
vt 1.078114 0.392482
vt 0.745136 -0.887936
vt 0.737474 -0.878805
vt 0.573653 -0.993513
vt 1.078110 0.392482
vt 1.089312 0.396558
vt 1.003916 0.579693
vt 0.745136 -0.887936
vt 0.888019 -0.745054
vt 0.878887 -0.737392
vt 0.199225 -1.129792
vt 0.201295 -1.141532
vt 0.396476 -1.089234
vt 0.888019 -0.745054
vt 1.003919 -0.579531
vt 0.993596 -0.573571
vt 0.396479 1.089394
vt 0.201299 1.141694
vt 0.199228 1.129954
vt -0.392403 -1.078032
vt -0.396480 -1.089234
vt -0.201299 -1.141532
vt 1.643656 -0.952837
vt 1.643656 -0.799526
vt 1.624924 -0.796906
vt 0.901690 0.756689
vt 1.019375 0.588618
vt 1.070094 0.617901
vt -1.235638 0.000081
vt -1.177072 0.000081
vt -1.159189 0.204478
vt 1.019375 -0.588457
vt 1.070094 -0.617740
vt 1.161120 -0.422533
vt -1.216866 -0.214486
vt -1.159189 -0.204316
vt -1.177072 0.000081
vt -1.070094 0.617901
vt -1.019375 0.588618
vt -0.901690 0.756689
vt -0.901692 0.756689
vt -0.756609 0.901772
vt -0.794255 0.946635
vt -1.019377 0.588618
vt -0.901692 0.756689
vt -0.946556 0.794334
vt -1.019375 -0.588457
vt -1.106086 -0.402503
vt -1.161120 -0.422533
vt -0.794252 0.946636
vt -0.756607 0.901772
vt -0.588535 1.019457
vt 0.756606 -0.901610
vt 0.588534 -1.019295
vt 0.617818 -1.070015
vt 1.161123 0.422695
vt 1.106089 0.402664
vt 1.159193 0.204478
vt 0.402585 -1.106008
vt 0.204398 -1.159111
vt 0.214569 -1.216787
vt -0.422612 1.161202
vt -0.402581 1.106169
vt -0.204395 1.159273
vt -0.617818 -1.070015
vt -0.588534 -1.019295
vt -0.756606 -0.901610
vt 1.070096 0.617900
vt 1.019377 0.588619
vt 1.106089 0.402664
vt -0.422612 -1.161041
vt -0.402581 -1.106007
vt -0.588534 -1.019295
vt 0.214568 1.216948
vt 0.000002 1.235721
vt 0.000002 1.177155
vt 0.402581 1.106168
vt 0.588535 1.019457
vt 0.617818 1.070176
vt 0.422615 1.161202
vt 0.214568 1.216948
vt 0.204399 1.159273
vt -0.901689 -0.756528
vt -1.019375 -0.588457
vt -1.070094 -0.617740
vt 0.588534 -1.019295
vt 0.402581 -1.106007
vt 0.422612 -1.161041
vt 0.588535 1.019457
vt 0.756607 0.901772
vt 0.794251 0.946636
vt 0.617822 1.070176
vt 0.588538 1.019457
vt 0.756609 0.901772
vt -1.161120 -0.422533
vt -1.106086 -0.402503
vt -1.159189 -0.204316
vt 0.794255 0.946635
vt 0.756609 0.901772
vt 0.901692 0.756690
vt 0.901693 -0.756528
vt 0.756610 -0.901610
vt 0.794256 -0.946474
vt 0.946556 0.794335
vt 0.901692 0.756690
vt 1.019377 0.588619
vt -0.794252 0.946636
vt -0.946555 0.794335
vt -0.901690 0.756689
vt 0.204395 1.159272
vt 0.402581 1.106168
vt 0.422612 1.161202
vt -0.402585 -1.106008
vt -0.588539 -1.019296
vt -0.617821 -1.070015
vt -1.177076 0.000081
vt -1.159193 0.204478
vt -1.216869 0.214647
vt -0.422616 1.161202
vt -0.402585 1.106168
vt -0.204399 1.159272
vt 1.159189 0.204478
vt 1.177072 0.000081
vt 1.235638 0.000081
vt 1.235641 0.000081
vt 1.177076 0.000081
vt 1.159193 -0.204315
vt 0.422615 1.161202
vt 0.402585 1.106168
vt 0.588538 1.019457
vt -0.000002 1.235721
vt -0.000002 1.177154
vt 0.204395 1.159272
vt -1.624924 0.424026
vt -1.643657 0.425419
vt -1.643657 0.215993
vt -1.643657 0.622000
vt -1.624924 0.619962
vt -1.624924 0.796985
vt -1.643657 -0.215988
vt -1.643657 -0.425416
vt -1.624924 -0.424022
vt 1.643657 0.425499
vt 1.643657 0.622000
vt 1.624925 0.619962
vt 1.624924 -0.796824
vt 1.643656 -0.799444
vt 1.643656 -0.621838
vt 1.643657 0.622000
vt 1.643657 0.799605
vt 1.624924 0.796986
vt -1.624925 0.619962
vt -1.643657 0.622000
vt -1.643657 0.425499
vt 1.643657 -0.952834
vt 1.643657 -0.799521
vt 1.624924 -0.796902
vt 1.643656 0.000081
vt 1.643656 0.216071
vt 1.624924 0.215364
vt 1.643657 -0.621917
vt 1.624924 -0.619879
vt 1.624924 -0.796902
vt 1.624924 0.796903
vt 1.643657 0.799521
vt 1.643656 0.952833
vt 1.643657 -0.425416
vt 1.624924 -0.424022
vt 1.624924 -0.619879
vt -1.624924 -0.000002
vt -1.624924 0.215281
vt -1.643657 0.215988
vt 1.643657 -0.215988
vt 1.624924 -0.215281
vt 1.624924 -0.424022
vt -1.624924 -0.949633
vt -1.624924 -0.796824
vt -1.643656 -0.799443
vt 1.643657 -0.215988
vt 1.643657 0.000002
vt 1.624924 0.000002
vt 1.643657 -0.425337
vt 1.643657 -0.215910
vt 1.624924 -0.215202
vt 1.643657 0.215992
vt 1.624924 0.215285
vt 1.624924 0.000002
vt 1.624924 -0.000002
vt 1.643656 -0.000002
vt 1.643657 0.215988
vt 1.643657 0.215992
vt 1.643657 0.425419
vt 1.624924 0.424026
vt -1.643657 0.215993
vt -1.643657 0.000002
vt -1.624924 0.000002
vt -1.624924 -0.424026
vt -1.624924 -0.215284
vt -1.643656 -0.215992
vt 1.624924 -0.424026
vt 1.643656 -0.425420
vt 1.643656 -0.215992
vt 1.643657 0.000081
vt 1.643657 0.216072
vt 1.624925 0.215364
vt 1.643656 -0.621920
vt 1.643656 -0.425420
vt 1.624924 -0.424026
vt -1.624924 -0.796902
vt -1.643657 -0.799521
vt -1.643657 -0.952834
vt -1.643656 -0.215909
vt -1.643656 -0.425336
vt -1.624924 -0.423943
vt -1.643657 0.425499
vt -1.643657 0.216071
vt -1.624925 0.215364
vt -1.643657 -0.621917
vt -1.643657 -0.799521
vt -1.624924 -0.796902
vt 1.624924 -0.619800
vt 1.643656 -0.621838
vt 1.643656 -0.425337
vt -1.643656 -0.621838
vt -1.643656 -0.799443
vt -1.624924 -0.796824
vt -1.624924 -0.424026
vt -1.643656 -0.425420
vt -1.643656 -0.621920
vt 1.624924 -0.215202
vt 1.643657 -0.215910
vt 1.643657 0.000081
vt -1.643656 0.000081
vt -1.624924 0.000081
vt -1.624924 0.215364
vt 1.624924 0.424023
vt 1.643656 0.425416
vt 1.643657 0.621917
vt 1.643657 0.621920
vt 1.643657 0.799525
vt 1.624924 0.796906
vt -1.643656 -0.621838
vt -1.663396 -0.617739
vt -1.663396 -0.794173
vt 1.643657 0.425499
vt 1.663397 0.422695
vt 1.663397 0.617901
vt 1.643656 -0.952837
vt 1.663396 -0.946557
vt 1.663396 -0.794256
vt 1.663397 0.617900
vt 1.643657 0.622000
vt 1.643656 0.425499
vt -1.643657 -0.425337
vt -1.663397 -0.422533
vt -1.663397 -0.617740
vt 1.643656 -0.799526
vt 1.663396 -0.794256
vt 1.663396 -0.617822
vt -1.663396 0.214648
vt -1.663396 0.000081
vt -1.643656 0.000081
vt 1.643657 -0.952834
vt 1.663397 -0.946555
vt 1.663397 -0.794252
vt -1.643657 0.425499
vt -1.663397 0.422695
vt -1.663397 0.214648
vt 1.643656 -0.799443
vt 1.643657 -0.952755
vt 1.663397 -0.946474
vt -1.663396 -0.214485
vt -1.663396 -0.422532
vt -1.643656 -0.425336
vt -1.663396 0.000081
vt -1.663396 -0.214485
vt -1.643656 -0.215909
vt -1.663397 0.794335
vt -1.663397 0.617900
vt -1.643657 0.622000
vt 1.643657 0.215988
vt 1.643656 -0.000002
vt 1.663397 -0.000002
vt 1.663397 0.794255
vt 1.663397 0.946556
vt 1.643656 0.952836
vt 1.643657 -0.215910
vt 1.643657 -0.425337
vt 1.663397 -0.422533
vt 1.663397 0.617822
vt 1.663397 0.794255
vt 1.643657 0.799525
vt 1.643657 0.621917
vt 1.643656 0.425416
vt 1.663397 0.422612
vt 1.643656 -0.215992
vt 1.663397 -0.214569
vt 1.663397 -0.000002
vt 1.643657 0.799521
vt 1.643657 0.621917
vt 1.663397 0.617818
vt 1.663397 -0.794252
vt 1.663397 -0.617818
vt 1.643657 -0.621917
vt -1.663397 0.422695
vt -1.663396 0.214648
vt -1.643656 0.216072
vt -1.643657 0.216071
vt -1.663397 0.214648
vt -1.663397 0.000081
vt 1.643657 -0.621839
vt 1.643656 -0.799443
vt 1.663397 -0.794174
vt 1.663397 -0.214564
vt 1.663397 0.000002
vt 1.643657 0.000002
vt 1.643657 -0.425337
vt 1.643657 -0.621839
vt 1.663397 -0.617740
vt 1.663397 -0.422612
vt 1.663397 -0.214564
vt 1.643657 -0.215988
vt 1.663396 0.214647
vt 1.643656 0.216071
vt 1.643656 0.000081
vt 1.663397 -0.617818
vt 1.663397 -0.422612
vt 1.643657 -0.425416
vt 1.643657 0.000081
vt 1.643657 -0.215910
vt 1.663397 -0.214486
vt -1.663396 -0.794255
vt -1.663396 -0.946557
vt -1.643656 -0.952837
vt 1.643657 0.216072
vt 1.643657 0.000081
vt 1.663397 0.000081
vt -1.663397 -0.617818
vt -1.643657 -0.621917
vt -1.643657 -0.425416
vt 1.643657 0.425499
vt 1.643657 0.216072
vt 1.663397 0.214648
vt 1.663396 -0.617739
vt 1.663396 -0.422532
vt 1.643656 -0.425337
vt -1.663396 -0.617821
vt -1.663396 -0.794255
vt -1.643656 -0.799525
vt -0.176103 -0.998658
vt -0.346856 -0.952904
vt -0.392399 -1.078032
vt 0.998736 0.176185
vt 1.014144 0.000080
vt 1.147301 0.000080
vt -0.573653 -0.993513
vt -0.392403 -1.078032
vt -0.346860 -0.952904
vt -0.392399 -1.078032
vt -0.346856 -0.952904
vt -0.507070 -0.878195
vt 0.000002 1.014227
vt 0.176106 0.998819
vt 0.199228 1.129954
vt 0.993593 -0.573572
vt 0.878274 -0.506992
vt 0.776878 -0.651800
vt 0.878277 0.507153
vt 0.952986 0.346939
vt 1.078114 0.392482
vt -0.993596 -0.573571
vt -0.878887 -0.737392
vt -0.776882 -0.651800
vt -0.346857 0.953066
vt -0.392399 1.078193
vt -0.573650 0.993674
vt 0.573650 -0.993513
vt 0.737470 -0.878805
vt 0.651878 -0.776800
vt 0.000002 1.014227
vt 0.000002 1.147384
vt -0.199225 1.129954
vt 0.392399 -1.078032
vt 0.573650 -0.993513
vt 0.507070 -0.878195
vt 0.346857 0.953065
vt 0.507072 0.878356
vt 0.573650 0.993674
vt 0.392399 -1.078032
vt 0.346856 -0.952904
vt 0.176103 -0.998658
vt 0.998740 0.176185
vt 1.014147 0.000081
vt 1.147305 0.000081
vt -1.078114 -0.392320
vt -0.952986 -0.346778
vt -0.998740 -0.176024
vt -0.199229 -1.129792
vt -0.000002 -1.147222
vt -0.000002 -1.014065
vt -0.199229 1.129954
vt -0.176106 0.998819
vt -0.000002 1.014226
vt -1.078114 0.392482
vt -0.952986 0.346939
vt -0.878277 0.507153
vt 0.998736 -0.176025
vt 1.129872 -0.199148
vt 1.147301 0.000080
vt -0.993595 0.573733
vt -0.878277 0.507153
vt -0.776882 0.651960
vt 0.176102 0.998819
vt 0.346857 0.953065
vt 0.392399 1.078192
vt -0.507074 0.878356
vt -0.346860 0.953065
vt -0.392403 1.078193
vt -0.993596 -0.573571
vt -0.878277 -0.506992
vt -0.952986 -0.346778
vt -0.878886 0.737553
vt -0.776882 0.651960
vt -0.651882 0.776961
vt 0.737474 -0.878805
vt 0.651882 -0.776800
vt 0.507075 -0.878195
vt 0.651882 0.776961
vt 0.737474 0.878966
vt 0.573654 0.993674
vt -0.878887 -0.737392
vt -0.737474 -0.878805
vt -0.651882 -0.776800
vt 0.776880 0.651961
vt 0.878274 0.507154
vt 0.993593 0.573733
vt -0.507072 0.878356
vt -0.573650 0.993674
vt -0.737471 0.878966
vt 0.776882 0.651960
vt 0.878277 0.507153
vt 0.993594 0.573733
vt -1.129875 -0.199146
vt -0.998740 -0.176024
vt -1.014147 0.000081
vt -0.756606 -0.901610
vt -0.901689 -0.756528
vt -0.946552 -0.794174
vt 0.998740 0.176185
vt 1.129875 0.199308
vt 1.078114 0.392482
vt -0.998740 0.176185
vt -0.952986 0.346939
vt -1.078114 0.392482
vt -0.998736 0.176185
vt -1.129872 0.199308
vt -1.147301 0.000081
vt 0.392403 -1.078032
vt 0.346860 -0.952904
vt 0.176107 -0.998657
vt 0.000002 -1.147222
vt 0.000002 -1.014065
vt -0.176103 -0.998658
vt 0.573650 -0.993513
vt 0.579610 -1.003837
vt 0.745133 -0.887937
vt 1.078114 0.392482
vt 1.089315 0.396559
vt 1.003919 0.579693
vt 0.888016 -0.745054
vt 1.003915 -0.579532
vt 0.993593 -0.573572
vt -0.878887 -0.737392
vt -0.888019 -0.745054
vt -0.745136 -0.887937
vt 0.878884 0.737554
vt 0.888016 0.745216
vt 0.745133 0.888098
vt 1.141611 -0.201217
vt 1.159223 0.000080
vt 1.147301 0.000080
vt 1.159223 0.000080
vt 1.141611 0.201378
vt 1.129872 0.199308
vt 1.089312 -0.396398
vt 1.141611 -0.201217
vt 1.129872 -0.199148
vt 0.993594 0.573733
vt 1.003919 0.579693
vt 0.888018 0.745216
vt 0.745133 -0.887937
vt 0.888016 -0.745054
vt 0.878883 -0.737392
vt -0.392403 1.078193
vt -0.396480 1.089394
vt -0.579613 1.003998
vt 0.199225 1.129954
vt 0.392399 1.078192
vt 0.396476 1.089394
vt -0.000002 1.147384
vt 0.199225 1.129954
vt 0.201295 1.141694
vt -0.745133 0.888098
vt -0.888016 0.745216
vt -0.878884 0.737554
vt -0.199229 1.129954
vt -0.000002 1.147384
vt -0.000002 1.159305
vt -0.878886 0.737553
vt -0.737474 0.878965
vt -0.745136 0.888098
vt -0.199229 1.129954
vt -0.201299 1.141694
vt -0.396480 1.089394
vt -0.579613 -1.003837
vt -0.396480 -1.089234
vt -0.392403 -1.078032
vt -1.141611 -0.201217
vt -1.129872 -0.199148
vt -1.147301 0.000081
vt 1.129875 -0.199146
vt 1.141615 -0.201216
vt 1.159226 0.000081
vt 0.000002 1.147384
vt 0.000002 1.159305
vt -0.201295 1.141694
vt -0.573654 0.993674
vt -0.579613 1.003998
vt -0.745136 0.888098
vt 0.993593 -0.573572
vt 1.003915 -0.579532
vt 1.089312 -0.396398
vt -0.993595 0.573733
vt -0.878886 0.737553
vt -0.888018 0.745215
vt 0.573650 0.993674
vt 0.737471 0.878966
vt 0.745133 0.888098
vt -1.078114 0.392482
vt -0.993595 0.573733
vt -1.003919 0.579693
vt 1.129872 0.199308
vt 1.141611 0.201378
vt 1.089312 0.396558
vt 0.993593 0.573733
vt 1.003916 0.579693
vt 0.888016 0.745216
vt 1.159226 0.000081
vt 1.141614 0.201378
vt 1.129875 0.199308
vt -1.129875 0.199307
vt -1.141614 0.201378
vt -1.159226 0.000081
vt 0.199228 1.129954
vt 0.201299 1.141694
vt 0.000002 1.159305
vt -1.129875 -0.199146
vt -1.147305 0.000081
vt -1.159226 0.000081
vt 0.392399 1.078192
vt 0.573650 0.993674
vt 0.579610 1.003998
vt -1.078114 -0.392320
vt -1.129875 -0.199146
vt -1.141615 -0.201217
vt -0.993596 -0.573571
vt -1.078114 -0.392320
vt -1.089316 -0.396398
vt 1.216869 -0.214485
vt 1.159193 -0.204315
vt 1.106089 -0.402502
vt 0.000002 -1.235559
vt 0.000002 -1.176994
vt -0.204395 -1.159111
vt 1.019375 0.588618
vt 1.106086 0.402664
vt 1.161120 0.422695
vt -1.019378 -0.588456
vt -1.106089 -0.402502
vt -1.161123 -0.422532
vt -1.216866 0.214648
vt -1.159189 0.204478
vt -1.106086 0.402664
vt 1.159189 -0.204316
vt 1.106086 -0.402503
vt 1.161120 -0.422533
vt 0.794251 0.946636
vt 0.756607 0.901772
vt 0.901690 0.756689
vt 0.651882 0.776961
vt 0.776882 0.651960
vt 0.878886 0.737554
vt 0.794256 -0.946474
vt 0.756610 -0.901610
vt 0.588539 -1.019295
vt 0.901689 -0.756528
vt 0.946552 -0.794174
vt 1.070094 -0.617740
vt -0.214565 -1.216787
vt -0.204395 -1.159111
vt -0.402581 -1.106007
vt 0.756606 -0.901610
vt 0.794252 -0.946474
vt 0.946552 -0.794174
vt 1.070097 -0.617739
vt 1.019378 -0.588455
vt 0.901693 -0.756528
vt 0.617822 -1.070015
vt 0.588539 -1.019295
vt 0.402585 -1.106008
vt -1.106089 -0.402502
vt -1.159193 -0.204315
vt -1.216869 -0.214486
vt -0.214568 1.216948
vt -0.204399 1.159272
vt -0.000002 1.177154
vt 0.204398 -1.159111
vt 0.000002 -1.176994
vt 0.000002 -1.235559
vt 0.402581 -1.106007
vt 0.204395 -1.159111
vt 0.214565 -1.216787
vt -0.617818 1.070176
vt -0.588535 1.019457
vt -0.402581 1.106169
vt 0.204395 -1.159111
vt -0.000002 -1.176994
vt -0.000002 -1.235559
vt 1.161123 -0.422532
vt 1.106089 -0.402502
vt 1.019378 -0.588455
vt -0.204398 -1.159111
vt -0.214569 -1.216787
vt -0.000002 -1.235559
vt -1.161120 0.422695
vt -1.106086 0.402664
vt -1.019375 0.588618
vt -0.402585 -1.106008
vt -0.422615 -1.161041
vt -0.214569 -1.216787
vt 1.106086 0.402664
vt 1.159189 0.204478
vt 1.216866 0.214648
vt -0.901693 -0.756528
vt -0.946557 -0.794173
vt -0.794255 -0.946474
vt -0.756609 0.901772
vt -0.588539 1.019456
vt -0.617822 1.070176
vt -0.588539 -1.019296
vt -0.756610 -0.901611
vt -0.794255 -0.946474
vt -1.106089 0.402664
vt -1.019377 0.588618
vt -1.070097 0.617900
vt 1.177072 0.000081
vt 1.159189 -0.204316
vt 1.216866 -0.214486
vt 1.216869 0.214648
vt 1.159193 0.204478
vt 1.177076 0.000081
vt -0.901693 -0.756528
vt -1.019378 -0.588456
vt -1.070097 -0.617739
vt -1.159193 0.204478
vt -1.106089 0.402664
vt -1.161123 0.422694
vt -0.617822 1.070176
vt -0.588539 1.019456
vt -0.402585 1.106168
vt -1.159193 -0.204315
vt -1.177076 0.000081
vt -1.235641 0.000081
vt 0.000002 1.235721
vt -0.214564 1.216948
vt -0.204395 1.159273
vt -1.624925 0.215364
vt -1.643657 0.216071
vt -1.643657 0.000081
vt -1.624924 0.000002
vt -1.643657 0.000002
vt -1.643657 -0.215988
vt -1.624924 -0.215202
vt -1.624924 0.000081
vt -1.643657 0.000081
vt -1.624924 -0.423944
vt -1.624924 -0.215202
vt -1.643657 -0.215910
vt -1.643656 0.799605
vt -1.624924 0.796985
vt -1.624924 0.949794
vt -1.624924 -0.619801
vt -1.624924 -0.423944
vt -1.643657 -0.425337
vt 1.624924 0.619879
vt 1.643657 0.621917
vt 1.643657 0.799521
vt -1.624924 -0.796824
vt -1.624924 -0.619801
vt -1.643657 -0.621839
vt 1.624924 0.215281
vt 1.643657 0.215988
vt 1.643656 0.425416
vt 1.624924 -0.619801
vt 1.643657 -0.621839
vt 1.643657 -0.425337
vt 1.643657 0.425419
vt 1.643657 0.621920
vt 1.624924 0.619883
vt -1.624924 0.619880
vt -1.624924 0.796903
vt -1.643657 0.799521
vt 1.624924 -0.796906
vt 1.643656 -0.799526
vt 1.643656 -0.621920
vt -1.624924 0.424023
vt -1.624924 0.619880
vt -1.643657 0.621917
vt -1.643657 -0.425416
vt -1.643657 -0.621917
vt -1.624924 -0.619879
vt -1.624924 0.215281
vt -1.624924 0.424023
vt -1.643656 0.425416
vt -1.643656 0.000081
vt -1.643656 -0.215909
vt -1.624924 -0.215201
vt 1.624924 -0.796824
vt 1.643656 -0.799443
vt 1.643657 -0.621839
vt -1.643656 0.425499
vt -1.643656 0.216072
vt -1.624924 0.215364
vt -1.624924 -0.215284
vt -1.624924 -0.000002
vt -1.643656 -0.000002
vt -1.624924 0.619883
vt -1.643657 0.621921
vt -1.643657 0.425419
vt 1.624924 -0.215284
vt 1.643656 -0.215992
vt 1.643656 -0.000002
vt -1.624924 0.796906
vt -1.643657 0.799525
vt -1.643657 0.621921
vt -1.643656 -0.425336
vt -1.643656 -0.621838
vt -1.624924 -0.619800
vt 1.643656 0.799604
vt 1.643657 0.952916
vt 1.624924 0.949794
vt -1.624924 -0.619883
vt -1.643656 -0.621920
vt -1.643656 -0.799525
vt 1.643657 0.425499
vt 1.624924 0.424105
vt 1.624925 0.215364
vt -1.624924 -0.796906
vt -1.643656 -0.799525
vt -1.643656 -0.952837
vt 1.643656 0.425499
vt 1.643657 0.622000
vt 1.624924 0.619962
vt -1.624924 0.796985
vt -1.643657 0.799605
vt -1.643657 0.622000
vt 1.624924 0.215364
vt 1.643656 0.216071
vt 1.643656 0.425499
vt -1.643656 0.425499
vt -1.624924 0.424106
vt -1.624924 0.619962
vt 1.643657 0.622000
vt 1.643656 0.799604
vt 1.624924 0.796985
vt 1.624924 -0.423943
vt 1.643656 -0.425337
vt 1.643656 -0.215909
vt 1.624924 -0.215201
vt 1.643656 -0.215909
vt 1.643656 0.000081
vt -1.643657 0.000081
vt -1.663397 0.000081
vt -1.663397 -0.214486
vt -1.663397 0.617901
vt -1.663397 0.422695
vt -1.643657 0.425499
vt 1.643656 -0.621920
vt 1.663396 -0.617822
vt 1.663397 -0.422615
vt -1.663397 0.617900
vt -1.663397 0.422695
vt -1.643656 0.425499
vt 1.663396 0.000081
vt 1.643656 0.000081
vt 1.643656 -0.215909
vt 1.663396 -0.794173
vt 1.663396 -0.617739
vt 1.643656 -0.621838
vt 1.663396 -0.214486
vt 1.643656 -0.215909
vt 1.643656 -0.425337
vt -1.663397 -0.422615
vt -1.663396 -0.617821
vt -1.643656 -0.621920
vt 1.663397 0.422694
vt 1.643656 0.425499
vt 1.643656 0.216071
vt -1.643656 -0.215992
vt -1.663397 -0.214569
vt -1.663397 -0.422615
vt 1.663397 0.946635
vt 1.643657 0.952916
vt 1.643656 0.799604
vt -1.663397 -0.000002
vt -1.663397 -0.214569
vt -1.643656 -0.215992
vt 1.643657 0.000002
vt 1.663397 0.000002
vt 1.663397 0.214568
vt -1.663397 -0.214564
vt -1.643657 -0.215988
vt -1.643657 0.000002
vt -1.643657 0.621917
vt -1.663397 0.617818
vt -1.663397 0.422612
vt -1.643656 0.425416
vt -1.663397 0.422612
vt -1.663397 0.214565
vt 1.663397 0.794334
vt 1.643656 0.799604
vt 1.643657 0.622000
vt 1.643657 0.622000
vt 1.663397 0.617901
vt 1.663397 0.794335
vt -1.663397 0.422616
vt -1.643657 0.425419
vt -1.643657 0.621921
vt -1.643657 -0.621839
vt -1.663397 -0.617740
vt -1.663397 -0.794174
vt -1.663397 0.422616
vt -1.663397 0.214568
vt -1.643657 0.215993
vt -1.643656 -0.799443
vt -1.663397 -0.794174
vt -1.663397 -0.946474
vt -1.663397 0.214568
vt -1.663397 0.000002
vt -1.643657 0.000002
vt 1.643657 0.215992
vt 1.663397 0.214568
vt 1.663397 0.422615
vt -1.663397 -0.422612
vt -1.643657 -0.425416
vt -1.643657 -0.215988
vt -1.643657 0.215988
vt -1.663397 0.214565
vt -1.663397 -0.000002
vt 1.643656 0.425416
vt 1.643657 0.215988
vt 1.663397 0.214565
vt -1.643657 -0.215910
vt -1.663397 -0.214486
vt -1.663397 -0.422533
vt 1.663397 0.422615
vt 1.663397 0.617822
vt 1.643657 0.621920
vt -1.663397 0.617822
vt -1.643657 0.621921
vt -1.643657 0.799525
vt -1.663397 -0.794251
vt -1.643657 -0.799521
vt -1.643657 -0.621917
vt 1.643656 -0.215992
vt 1.643656 -0.425420
vt 1.663397 -0.422615
vt -1.663397 -0.794251
vt -1.663397 -0.946554
vt -1.643657 -0.952834
vt -1.663397 0.794335
vt -1.663397 0.617901
vt -1.643657 0.622000
vt -1.643656 -0.425336
vt -1.663396 -0.422532
vt -1.663396 -0.617739
f 1/1 2/2 3/3
f 4/4 5/5 6/6
f 7/7 8/8 9/9
f 10/10 11/11 12/12
f 13/13 14/14 15/15
f 16/16 17/17 18/18
f 19/19 20/20 21/21
f 22/22 23/23 24/24
f 25/25 26/26 27/27
f 28/28 29/29 30/30
f 31/31 32/32 33/33
f 34/34 35/35 36/36
f 37/37 38/38 39/39
f 40/40 41/41 42/42
f 43/43 44/44 45/45
f 46/46 47/47 48/48
f 49/49 50/50 51/51
f 52/52 53/53 54/54
f 55/55 56/56 57/57
f 58/58 59/59 60/60
f 61/61 62/62 63/63
f 64/64 65/65 66/66
f 67/67 68/68 69/69
f 70/70 71/71 72/72
f 73/73 74/74 75/75
f 76/76 77/77 78/78
f 79/79 80/80 81/81
f 82/82 83/83 84/84
f 85/85 86/86 87/87
f 88/88 89/89 90/90
f 91/91 92/92 93/93
f 94/94 95/95 96/96
f 97/97 98/98 99/99
f 100/100 101/101 102/102
f 103/103 104/104 105/105
f 106/106 107/107 108/108
f 109/109 110/110 111/111
f 112/112 113/113 114/114
f 115/115 116/116 117/117
f 118/118 119/119 120/120
f 121/121 122/122 123/123
f 124/124 125/125 126/126
f 127/127 128/128 129/129
f 130/130 131/131 132/132
f 133/133 134/134 135/135
f 136/136 137/137 138/138
f 139/139 140/140 141/141
f 142/142 143/143 144/144
f 145/145 146/146 147/147
f 148/148 149/149 150/150
f 151/151 152/152 153/153
f 154/154 155/155 156/156
f 157/157 158/158 159/159
f 160/160 161/161 162/162
f 163/163 164/164 165/165
f 166/166 167/167 168/168
f 169/169 170/170 171/171
f 172/172 173/173 174/174
f 175/175 176/176 177/177
f 178/178 179/179 180/180
f 181/181 182/182 183/183
f 184/184 185/185 186/186
f 187/187 188/188 189/189
f 190/190 191/191 192/192
f 193/193 194/194 195/195
f 196/196 197/197 198/198
f 199/199 200/200 201/201
f 202/202 203/203 204/204
f 205/205 206/206 207/207
f 208/208 209/209 210/210
f 211/211 212/212 213/213
f 214/214 215/215 216/216
f 217/217 218/218 219/219
f 220/220 221/221 222/222
f 223/223 224/224 225/225
f 226/226 227/227 228/228
f 229/229 230/230 231/231
f 232/232 233/233 234/234
f 235/235 236/236 237/237
f 238/238 239/239 240/240
f 241/241 242/242 243/243
f 244/244 245/245 246/246
f 247/247 248/248 249/249
f 250/250 251/251 252/252
f 253/253 254/254 255/255
f 256/256 257/257 258/258
f 259/259 260/260 261/261
f 262/262 263/263 264/264
f 265/265 266/266 267/267
f 268/268 269/269 270/270
f 271/271 272/272 273/273
f 274/274 275/275 276/276
f 277/277 278/278 279/279
f 280/280 281/281 282/282
f 283/283 284/284 285/285
f 286/286 287/287 288/288
f 289/289 290/290 291/291
f 292/292 293/293 294/294
f 295/295 296/296 297/297
f 298/298 299/299 300/300
f 301/301 302/302 303/303
f 304/304 305/305 306/306
f 307/307 308/308 309/309
f 310/310 311/311 312/312
f 313/313 314/314 315/315
f 316/316 317/317 318/318
f 319/319 320/320 321/321
f 322/322 323/323 324/324
f 325/325 326/326 327/327
f 328/328 329/329 330/330
f 331/331 332/332 333/333
f 334/334 335/335 336/336
f 337/337 338/338 339/339
f 340/340 341/341 342/342
f 343/343 344/344 345/345
f 346/346 347/347 348/348
f 349/349 350/350 351/351
f 352/352 353/353 354/354
f 355/355 356/356 357/357
f 358/358 359/359 360/360
f 361/361 362/362 363/363
f 364/364 365/365 366/366
f 367/367 368/368 369/369
f 370/370 371/371 372/372
f 373/373 374/374 375/375
f 376/376 377/377 378/378
f 379/379 380/380 381/381
f 382/382 383/383 384/384
f 385/385 386/386 387/387
f 388/388 389/389 390/390
f 391/391 392/392 393/393
f 394/394 395/395 396/396
f 397/397 398/398 399/399
f 400/400 401/401 402/402
f 403/403 404/404 405/405
f 406/406 407/407 408/408
f 409/409 410/410 411/411
f 412/412 413/413 414/414
f 415/415 416/416 417/417
f 418/418 419/419 420/420
f 421/421 422/422 423/423
f 424/424 425/425 426/426
f 427/427 428/428 429/429
f 430/430 431/431 432/432
f 433/433 434/434 435/435
f 436/436 437/437 438/438
f 439/439 440/440 441/441
f 442/442 443/443 444/444
f 445/445 446/446 447/447
f 448/448 449/449 450/450
f 451/451 452/452 453/453
f 454/454 455/455 456/456
f 457/457 458/458 459/459
f 460/460 461/461 462/462
f 463/463 464/464 465/465
f 466/466 467/467 468/468
f 469/469 470/470 471/471
f 472/472 473/473 474/474
f 475/475 476/476 477/477
f 478/478 479/479 480/480
f 481/481 482/482 483/483
f 484/484 485/485 486/486
f 487/487 488/488 489/489
f 490/490 491/491 492/492
f 493/493 494/494 495/495
f 496/496 497/497 498/498
f 499/499 500/500 501/501
f 502/502 503/503 504/504
f 505/505 506/506 507/507
f 508/508 509/509 510/510
f 511/511 512/512 513/513
f 514/514 515/515 516/516
f 517/517 518/518 519/519
f 520/520 521/521 522/522
f 523/523 524/524 525/525
f 526/526 527/527 528/528
f 529/529 530/530 531/531
f 532/532 533/533 534/534
f 535/535 536/536 537/537
f 538/538 539/539 540/540
f 541/541 542/542 543/543
f 544/544 545/545 546/546
f 547/547 548/548 549/549
f 550/550 551/551 552/552
f 553/553 554/554 555/555
f 556/556 557/557 558/558
f 559/559 560/560 561/561
f 562/562 563/563 564/564
f 565/565 566/566 567/567
f 568/568 569/569 570/570
f 571/571 572/572 573/573
f 574/574 575/575 576/576
f 577/577 578/578 579/579
f 580/580 581/581 582/582
f 583/583 584/584 585/585
f 586/586 587/587 588/588
f 589/589 590/590 591/591
f 592/592 593/593 594/594
f 595/595 596/596 597/597
f 598/598 599/599 600/600
f 601/601 602/602 603/603
f 604/604 605/605 606/606
f 607/607 608/608 609/609
f 610/610 611/611 612/612
f 613/613 614/614 615/615
f 616/616 617/617 618/618
f 619/619 620/620 621/621
f 622/622 623/623 624/624
f 625/625 626/626 627/627
f 628/628 629/629 630/630
f 631/631 632/632 633/633
f 634/634 635/635 636/636
f 637/637 638/638 639/639
f 640/640 641/641 642/642
f 643/643 644/644 645/645
f 646/646 647/647 648/648
f 649/649 650/650 651/651
f 652/652 653/653 654/654
f 655/655 656/656 657/657
f 658/658 659/659 660/660
f 661/661 662/662 663/663
f 664/664 665/665 666/666
f 667/667 668/668 669/669
f 670/670 671/671 672/672
f 673/673 674/674 675/675
f 676/676 677/677 678/678
f 679/679 680/680 681/681
f 682/682 683/683 684/684
f 685/685 686/686 687/687
f 688/688 689/689 690/690
f 691/691 692/692 693/693
f 694/694 695/695 696/696
f 697/697 698/698 699/699
f 700/700 701/701 702/702
f 703/703 704/704 705/705
f 706/706 707/707 708/708
f 709/709 710/710 711/711
f 712/712 713/713 714/714
f 715/715 716/716 717/717
f 718/718 719/719 720/720
f 721/721 722/722 723/723
f 724/724 725/725 726/726
f 727/727 728/728 729/729
f 730/730 731/731 732/732
f 733/733 734/734 735/735
f 736/736 737/737 738/738
f 739/739 740/740 741/741
f 742/742 743/743 744/744
f 745/745 746/746 747/747
f 748/748 749/749 750/750
f 751/751 752/752 753/753
f 754/754 755/755 756/756
f 757/757 758/758 759/759
f 760/760 761/761 762/762
f 763/763 764/764 765/765
f 766/766 767/767 768/768
f 769/769 770/770 771/771
f 772/772 773/773 774/774
f 775/775 776/776 777/777
f 778/778 779/779 780/780
f 781/781 782/782 783/783
f 784/784 785/785 786/786
f 787/787 788/788 789/789
f 790/790 791/791 792/792
f 793/793 794/794 795/795
f 796/796 797/797 798/798
f 799/799 800/800 801/801
f 802/802 803/803 804/804
f 805/805 806/806 807/807
f 808/808 809/809 810/810
f 811/811 812/812 813/813
f 814/814 815/815 816/816
f 817/817 818/818 819/819
f 820/820 821/821 822/822
f 823/823 824/824 825/825
f 826/826 827/827 828/828
f 829/829 830/830 831/831
f 832/832 833/833 834/834
f 835/835 836/836 837/837
f 838/838 839/839 840/840
f 841/841 842/842 843/843
f 844/844 845/845 846/846
f 847/847 848/848 849/849
f 850/850 851/851 852/852
f 853/853 854/854 855/855
f 856/856 857/857 858/858
f 859/859 860/860 861/861
f 862/862 863/863 864/864
f 865/865 866/866 867/867
f 868/868 869/869 870/870
f 871/871 872/872 873/873
f 874/874 875/875 876/876
f 877/877 878/878 879/879
f 880/880 881/881 882/882
f 883/883 884/884 885/885
f 886/886 887/887 888/888
f 889/889 890/890 891/891
f 892/892 893/893 894/894
f 895/895 896/896 897/897
f 898/898 899/899 900/900
f 901/901 902/902 903/903
f 904/904 905/905 906/906
f 907/907 908/908 909/909
f 910/910 911/911 912/912
f 913/913 914/914 915/915
f 916/916 917/917 918/918
f 919/919 920/920 921/921
f 922/922 923/923 924/924
f 925/925 926/926 927/927
f 928/928 929/929 930/930
f 931/931 932/932 933/933
f 934/934 935/935 936/936
f 937/937 938/938 939/939
f 940/940 941/941 942/942
f 943/943 944/944 945/945
f 946/946 947/947 948/948
f 949/949 950/950 951/951
f 952/952 953/953 954/954
f 955/955 956/956 957/957
f 958/958 959/959 960/960
f 961/961 962/962 963/963
f 964/964 965/965 966/966
f 967/967 968/968 969/969
f 970/970 971/971 972/972
f 973/973 974/974 975/975
f 976/976 977/977 978/978
f 979/979 980/980 981/981
f 982/982 983/983 984/984
f 985/985 986/986 987/987
f 988/988 989/989 990/990
f 991/991 992/992 993/993
f 994/994 995/995 996/996
f 997/997 998/998 999/999
f 1000/1000 1001/1001 1002/1002
f 1003/1003 1004/1004 1005/1005
f 1006/1006 1007/1007 1008/1008
f 1009/1009 1010/1010 1011/1011
f 1012/1012 1013/1013 1014/1014
f 1015/1015 1016/1016 1017/1017
f 1018/1018 1019/1019 1020/1020
f 1021/1021 1022/1022 1023/1023
f 1024/1024 1025/1025 1026/1026
f 1027/1027 1028/1028 1029/1029
f 1030/1030 1031/1031 1032/1032
f 1033/1033 1034/1034 1035/1035
f 1036/1036 1037/1037 1038/1038
f 1039/1039 1040/1040 1041/1041
f 1042/1042 1043/1043 1044/1044
f 1045/1045 1046/1046 1047/1047
f 1048/1048 1049/1049 1050/1050
f 1051/1051 1052/1052 1053/1053
f 1054/1054 1055/1055 1056/1056
f 1057/1057 1058/1058 1059/1059
f 1060/1060 1061/1061 1062/1062
f 1063/1063 1064/1064 1065/1065
f 1066/1066 1067/1067 1068/1068
f 1069/1069 1070/1070 1071/1071
f 1072/1072 1073/1073 1074/1074
f 1075/1075 1076/1076 1077/1077
f 1078/1078 1079/1079 1080/1080
f 1081/1081 1082/1082 1083/1083
f 1084/1084 1085/1085 1086/1086
f 1087/1087 1088/1088 1089/1089
f 1090/1090 1091/1091 1092/1092
f 1093/1093 1094/1094 1095/1095
f 1096/1096 1097/1097 1098/1098
f 1099/1099 1100/1100 1101/1101
f 1102/1102 1103/1103 1104/1104
f 1105/1105 1106/1106 1107/1107
f 1108/1108 1109/1109 1110/1110
f 1111/1111 1112/1112 1113/1113
f 1114/1114 1115/1115 1116/1116
f 1117/1117 1118/1118 1119/1119
f 1120/1120 1121/1121 1122/1122
f 1123/1123 1124/1124 1125/1125
f 1126/1126 1127/1127 1128/1128
f 1129/1129 1130/1130 1131/1131
f 1132/1132 1133/1133 1134/1134
f 1135/1135 1136/1136 1137/1137
f 1138/1138 1139/1139 1140/1140
f 1141/1141 1142/1142 1143/1143
f 1144/1144 1145/1145 1146/1146
f 1147/1147 1148/1148 1149/1149
f 1150/1150 1151/1151 1152/1152
f 1153/1153 1154/1154 1155/1155
f 1156/1156 1157/1157 1158/1158
f 1159/1159 1160/1160 1161/1161
f 1162/1162 1163/1163 1164/1164
f 1165/1165 1166/1166 1167/1167
f 1168/1168 1169/1169 1170/1170
f 1171/1171 1172/1172 1173/1173
f 1174/1174 1175/1175 1176/1176
f 1177/1177 1178/1178 1179/1179
f 1180/1180 1181/1181 1182/1182
f 1183/1183 1184/1184 1185/1185
f 1186/1186 1187/1187 1188/1188
f 1189/1189 1190/1190 1191/1191
f 1192/1192 1193/1193 1194/1194
f 1195/1195 1196/1196 1197/1197
f 1198/1198 1199/1199 1200/1200
f 1201/1201 1202/1202 1203/1203
f 1204/1204 1205/1205 1206/1206
f 1207/1207 1208/1208 1209/1209
f 1210/1210 1211/1211 1212/1212
f 1213/1213 1214/1214 1215/1215
f 1216/1216 1217/1217 1218/1218
f 1219/1219 1220/1220 1221/1221
f 1222/1222 1223/1223 1224/1224
f 1225/1225 1226/1226 1227/1227
f 1228/1228 1229/1229 1230/1230
f 1231/1231 1232/1232 1233/1233
f 1234/1234 1235/1235 1236/1236
f 1237/1237 1238/1238 1239/1239
f 1240/1240 1241/1241 1242/1242
f 1243/1243 1244/1244 1245/1245
f 1246/1246 1247/1247 1248/1248
f 1249/1249 1250/1250 1251/1251
f 1252/1252 1253/1253 1254/1254
f 1255/1255 1256/1256 1257/1257
f 1258/1258 1259/1259 1260/1260
f 1261/1261 1262/1262 1263/1263
f 1264/1264 1265/1265 1266/1266
f 1267/1267 1268/1268 1269/1269
f 1270/1270 1271/1271 1272/1272
f 1273/1273 1274/1274 1275/1275
f 1276/1276 1277/1277 1278/1278
f 1279/1279 1280/1280 1281/1281
f 1282/1282 1283/1283 1284/1284
f 1285/1285 1286/1286 1287/1287
f 1288/1288 1289/1289 1290/1290
f 1291/1291 1292/1292 1293/1293
f 1294/1294 1295/1295 1296/1296
f 1297/1297 1298/1298 1299/1299
f 1300/1300 1301/1301 1302/1302
f 1303/1303 1304/1304 1305/1305
f 1306/1306 1307/1307 1308/1308
f 1309/1309 1310/1310 1311/1311
f 1312/1312 1313/1313 1314/1314
f 1315/1315 1316/1316 1317/1317
f 1318/1318 1319/1319 1320/1320
f 1321/1321 1322/1322 1323/1323
f 1324/1324 1325/1325 1326/1326
f 1327/1327 1328/1328 1329/1329
f 1330/1330 1331/1331 1332/1332
f 1333/1333 1334/1334 1335/1335
f 1336/1336 1337/1337 1338/1338
f 1339/1339 1340/1340 1341/1341
f 1342/1342 1343/1343 1344/1344
f 1345/1345 1346/1346 1347/1347
f 1348/1348 1349/1349 1350/1350
f 1351/1351 1352/1352 1353/1353
f 1354/1354 1355/1355 1356/1356
f 1357/1357 1358/1358 1359/1359
f 1360/1360 1361/1361 1362/1362
f 1363/1363 1364/1364 1365/1365
f 1366/1366 1367/1367 1368/1368
f 1369/1369 1370/1370 1371/1371
f 1372/1372 1373/1373 1374/1374
f 1375/1375 1376/1376 1377/1377
f 1378/1378 1379/1379 1380/1380
f 1381/1381 1382/1382 1383/1383
f 1384/1384 1385/1385 1386/1386
f 1387/1387 1388/1388 1389/1389
f 1390/1390 1391/1391 1392/1392
f 1393/1393 1394/1394 1395/1395
f 1396/1396 1397/1397 1398/1398
f 1399/1399 1400/1400 1401/1401
f 1402/1402 1403/1403 1404/1404
f 1405/1405 1406/1406 1407/1407
f 1408/1408 1409/1409 1410/1410
f 1411/1411 1412/1412 1413/1413
f 1414/1414 1415/1415 1416/1416
f 1417/1417 1418/1418 1419/1419
f 1420/1420 1421/1421 1422/1422
f 1423/1423 1424/1424 1425/1425
f 1426/1426 1427/1427 1428/1428
f 1429/1429 1430/1430 1431/1431
f 1432/1432 1433/1433 1434/1434
f 1435/1435 1436/1436 1437/1437
f 1438/1438 1439/1439 1440/1440
f 1441/1441 1442/1442 1443/1443
f 1444/1444 1445/1445 1446/1446
f 1447/1447 1448/1448 1449/1449
f 1450/1450 1451/1451 1452/1452
f 1453/1453 1454/1454 1455/1455
f 1456/1456 1457/1457 1458/1458
f 1459/1459 1460/1460 1461/1461
f 1462/1462 1463/1463 1464/1464
f 1465/1465 1466/1466 1467/1467
f 1468/1468 1469/1469 1470/1470
f 1471/1471 1472/1472 1473/1473
f 1474/1474 1475/1475 1476/1476
f 1477/1477 1478/1478 1479/1479
f 1480/1480 1481/1481 1482/1482
f 1483/1483 1484/1484 1485/1485
f 1486/1486 1487/1487 1488/1488
f 1489/1489 1490/1490 1491/1491
f 1492/1492 1493/1493 1494/1494
f 1495/1495 1496/1496 1497/1497
f 1498/1498 1499/1499 1500/1500
f 1501/1501 1502/1502 1503/1503
f 1504/1504 1505/1505 1506/1506
f 1507/1507 1508/1508 1509/1509
f 1510/1510 1511/1511 1512/1512
f 1513/1513 1514/1514 1515/1515
f 1516/1516 1517/1517 1518/1518
f 1519/1519 1520/1520 1521/1521
f 1522/1522 1523/1523 1524/1524
f 1525/1525 1526/1526 1527/1527
f 1528/1528 1529/1529 1530/1530
f 1531/1531 1532/1532 1533/1533
f 1534/1534 1535/1535 1536/1536
f 1537/1537 1538/1538 1539/1539
f 1540/1540 1541/1541 1542/1542
f 1543/1543 1544/1544 1545/1545
f 1546/1546 1547/1547 1548/1548
f 1549/1549 1550/1550 1551/1551
f 1552/1552 1553/1553 1554/1554
f 1555/1555 1556/1556 1557/1557
f 1558/1558 1559/1559 1560/1560
f 1561/1561 1562/1562 1563/1563
f 1564/1564 1565/1565 1566/1566
f 1567/1567 1568/1568 1569/1569
f 1570/1570 1571/1571 1572/1572
f 1573/1573 1574/1574 1575/1575
f 1576/1576 1577/1577 1578/1578
f 1579/1579 1580/1580 1581/1581
f 1582/1582 1583/1583 1584/1584
f 1585/1585 1586/1586 1587/1587
f 1588/1588 1589/1589 1590/1590
f 1591/1591 1592/1592 1593/1593
f 1594/1594 1595/1595 1596/1596
f 1597/1597 1598/1598 1599/1599
f 1600/1600 1601/1601 1602/1602
f 1603/1603 1604/1604 1605/1605
f 1606/1606 1607/1607 1608/1608
f 1609/1609 1610/1610 1611/1611
f 1612/1612 1613/1613 1614/1614
f 1615/1615 1616/1616 1617/1617
f 1618/1618 1619/1619 1620/1620
f 1621/1621 1622/1622 1623/1623
f 1624/1624 1625/1625 1626/1626
f 1627/1627 1628/1628 1629/1629
f 1630/1630 1631/1631 1632/1632
f 1633/1633 1634/1634 1635/1635
f 1636/1636 1637/1637 1638/1638
f 1639/1639 1640/1640 1641/1641
f 1642/1642 1643/1643 1644/1644
f 1645/1645 1646/1646 1647/1647
f 1648/1648 1649/1649 1650/1650
f 1651/1651 1652/1652 1653/1653
f 1654/1654 1655/1655 1656/1656
f 1657/1657 1658/1658 1659/1659
f 1660/1660 1661/1661 1662/1662
f 1663/1663 1664/1664 1665/1665
f 1666/1666 1667/1667 1668/1668
f 1669/1669 1670/1670 1671/1671
f 1672/1672 1673/1673 1674/1674
f 1675/1675 1676/1676 1677/1677
f 1678/1678 1679/1679 1680/1680
f 1681/1681 1682/1682 1683/1683
f 1684/1684 1685/1685 1686/1686
f 1687/1687 1688/1688 1689/1689
f 1690/1690 1691/1691 1692/1692
f 1693/1693 1694/1694 1695/1695
f 1696/1696 1697/1697 1698/1698
f 1699/1699 1700/1700 1701/1701
f 1702/1702 1703/1703 1704/1704
f 1705/1705 1706/1706 1707/1707
f 1708/1708 1709/1709 1710/1710
f 1711/1711 1712/1712 1713/1713
f 1714/1714 1715/1715 1716/1716
f 1717/1717 1718/1718 1719/1719
f 1720/1720 1721/1721 1722/1722
f 1723/1723 1724/1724 1725/1725
f 1726/1726 1727/1727 1728/1728
f 1729/1729 1730/1730 1731/1731
f 1732/1732 1733/1733 1734/1734
f 1735/1735 1736/1736 1737/1737
f 1738/1738 1739/1739 1740/1740
f 1741/1741 1742/1742 1743/1743
f 1744/1744 1745/1745 1746/1746
f 1747/1747 1748/1748 1749/1749
f 1750/1750 1751/1751 1752/1752
f 1753/1753 1754/1754 1755/1755
f 1756/1756 1757/1757 1758/1758
f 1759/1759 1760/1760 1761/1761
f 1762/1762 1763/1763 1764/1764
f 1765/1765 1766/1766 1767/1767
f 1768/1768 1769/1769 1770/1770
f 1771/1771 1772/1772 1773/1773
f 1774/1774 1775/1775 1776/1776
f 1777/1777 1778/1778 1779/1779
f 1780/1780 1781/1781 1782/1782
f 1783/1783 1784/1784 1785/1785
f 1786/1786 1787/1787 1788/1788
f 1789/1789 1790/1790 1791/1791
f 1792/1792 1793/1793 1794/1794
f 1795/1795 1796/1796 1797/1797
f 1798/1798 1799/1799 1800/1800
f 1801/1801 1802/1802 1803/1803
f 1804/1804 1805/1805 1806/1806
f 1807/1807 1808/1808 1809/1809
f 1810/1810 1811/1811 1812/1812
f 1813/1813 1814/1814 1815/1815
f 1816/1816 1817/1817 1818/1818
f 1819/1819 1820/1820 1821/1821
f 1822/1822 1823/1823 1824/1824
f 1825/1825 1826/1826 1827/1827
f 1828/1828 1829/1829 1830/1830
f 1831/1831 1832/1832 1833/1833
f 1834/1834 1835/1835 1836/1836
f 1837/1837 1838/1838 1839/1839
f 1840/1840 1841/1841 1842/1842
f 1843/1843 1844/1844 1845/1845
f 1846/1846 1847/1847 1848/1848
f 1849/1849 1850/1850 1851/1851
f 1852/1852 1853/1853 1854/1854
f 1855/1855 1856/1856 1857/1857
f 1858/1858 1859/1859 1860/1860
f 1861/1861 1862/1862 1863/1863
f 1864/1864 1865/1865 1866/1866
f 1867/1867 1868/1868 1869/1869
f 1870/1870 1871/1871 1872/1872
f 1873/1873 1874/1874 1875/1875
f 1876/1876 1877/1877 1878/1878
f 1879/1879 1880/1880 1881/1881
f 1882/1882 1883/1883 1884/1884
f 1885/1885 1886/1886 1887/1887
f 1888/1888 1889/1889 1890/1890
f 1891/1891 1892/1892 1893/1893
f 1894/1894 1895/1895 1896/1896
f 1897/1897 1898/1898 1899/1899
f 1900/1900 1901/1901 1902/1902
f 1903/1903 1904/1904 1905/1905
f 1906/1906 1907/1907 1908/1908
f 1909/1909 1910/1910 1911/1911
f 1912/1912 1913/1913 1914/1914
f 1915/1915 1916/1916 1917/1917
f 1918/1918 1919/1919 1920/1920
f 1921/1921 1922/1922 1923/1923
f 1924/1924 1925/1925 1926/1926
f 1927/1927 1928/1928 1929/1929
f 1930/1930 1931/1931 1932/1932
f 1933/1933 1934/1934 1935/1935
f 1936/1936 1937/1937 1938/1938
f 1939/1939 1940/1940 1941/1941
f 1942/1942 1943/1943 1944/1944
f 1945/1945 1946/1946 1947/1947
f 1948/1948 1949/1949 1950/1950
f 1951/1951 1952/1952 1953/1953
f 1954/1954 1955/1955 1956/1956
f 1957/1957 1958/1958 1959/1959
f 1960/1960 1961/1961 1962/1962
f 1963/1963 1964/1964 1965/1965
f 1966/1966 1967/1967 1968/1968
f 1969/1969 1970/1970 1971/1971
f 1972/1972 1973/1973 1974/1974
f 1975/1975 1976/1976 1977/1977
f 1978/1978 1979/1979 1980/1980
f 1981/1981 1982/1982 1983/1983
f 1984/1984 1985/1985 1986/1986
f 1987/1987 1988/1988 1989/1989
f 1990/1990 1991/1991 1992/1992
f 1993/1993 1994/1994 1995/1995
f 1996/1996 1997/1997 1998/1998
f 1999/1999 2000/2000 2001/2001
f 2002/2002 2003/2003 2004/2004
f 2005/2005 2006/2006 2007/2007
f 2008/2008 2009/2009 2010/2010
f 2011/2011 2012/2012 2013/2013
f 2014/2014 2015/2015 2016/2016
f 2017/2017 2018/2018 2019/2019
f 2020/2020 2021/2021 2022/2022
f 2023/2023 2024/2024 2025/2025
f 2026/2026 2027/2027 2028/2028
f 2029/2029 2030/2030 2031/2031
f 2032/2032 2033/2033 2034/2034
f 2035/2035 2036/2036 2037/2037
f 2038/2038 2039/2039 2040/2040
f 2041/2041 2042/2042 2043/2043
f 2044/2044 2045/2045 2046/2046
f 2047/2047 2048/2048 2049/2049
f 2050/2050 2051/2051 2052/2052
f 2053/2053 2054/2054 2055/2055
f 2056/2056 2057/2057 2058/2058
f 2059/2059 2060/2060 2061/2061
f 2062/2062 2063/2063 2064/2064
f 2065/2065 2066/2066 2067/2067
f 2068/2068 2069/2069 2070/2070
f 2071/2071 2072/2072 2073/2073
f 2074/2074 2075/2075 2076/2076
f 2077/2077 2078/2078 2079/2079
f 2080/2080 2081/2081 2082/2082
f 2083/2083 2084/2084 2085/2085
f 2086/2086 2087/2087 2088/2088
f 2089/2089 2090/2090 2091/2091
f 2092/2092 2093/2093 2094/2094
f 2095/2095 2096/2096 2097/2097
f 2098/2098 2099/2099 2100/2100
f 2101/2101 2102/2102 2103/2103
f 2104/2104 2105/2105 2106/2106
f 2107/2107 2108/2108 2109/2109
f 2110/2110 2111/2111 2112/2112
f 2113/2113 2114/2114 2115/2115
f 2116/2116 2117/2117 2118/2118
f 2119/2119 2120/2120 2121/2121
f 2122/2122 2123/2123 2124/2124
f 2125/2125 2126/2126 2127/2127
f 2128/2128 2129/2129 2130/2130
f 2131/2131 2132/2132 2133/2133
f 2134/2134 2135/2135 2136/2136
f 2137/2137 2138/2138 2139/2139
f 2140/2140 2141/2141 2142/2142
f 2143/2143 2144/2144 2145/2145
f 2146/2146 2147/2147 2148/2148
f 2149/2149 2150/2150 2151/2151
f 2152/2152 2153/2153 2154/2154
f 2155/2155 2156/2156 2157/2157
f 2158/2158 2159/2159 2160/2160
