# Blender 5.2.1 LTS
# www.blender.org
o s060_Wheels_01
v -63.320225 4.288010 7.416391
v -63.320225 7.423099 4.281295
v -63.320225 6.061941 6.055213
v -63.320225 -2.211467 8.272084
v -63.320225 2.222233 8.272065
v -63.320225 0.005389 8.563917
v -63.320225 -11.066641 -4.283947
v -63.320225 -11.066639 4.281312
v -63.320225 -21.053452 2.215513
v -63.320225 -20.233704 3.433014
v -63.320225 -21.429205 -0.754434
v -63.320225 -21.429205 0.751809
v -63.320225 -20.233704 -3.435652
v -63.320225 -21.053459 -2.218162
v -63.320225 0.005363 -8.566577
v -63.320225 -2.211481 -8.274732
v -63.320225 7.423098 -4.283939
v -63.320225 8.570630 -0.001319
v -63.320225 8.278771 2.215525
v -63.320225 8.278771 -2.218170
v -63.320225 4.287996 -7.419054
v -63.320225 6.061926 -6.057877
v -63.320225 2.222219 -8.274719
v -59.562416 -20.238647 3.395381
v -59.562416 -21.429205 0.751809
v -59.562416 -21.053452 2.215513
v -59.562416 -21.429205 -0.754434
v -59.562416 -20.238661 -3.398000
v -59.562416 -21.053459 -2.218162
v -59.562416 -11.066639 4.281294
v -59.562416 -11.066641 -4.283954
v -59.562416 -2.211467 8.272084
v -59.562416 -2.211481 -8.274732
v -56.917267 15.866784 -26.248478
v -56.917267 15.631252 -27.069721
v -56.917267 16.417467 -26.615799
v -56.917267 10.720368 -29.446989
v -56.917267 10.291900 -22.153675
v -56.917267 10.349814 -19.499525
v -56.917267 9.222692 -24.583637
v -56.917267 7.304969 -26.419460
v -56.917267 17.267021 -16.530409
v -56.917267 5.444138 -30.860762
v -56.917267 4.830684 -27.381662
v -56.917267 2.176523 -27.323744
v -56.917267 0.002570 -31.336834
v -56.917267 -0.253435 -26.254532
v -56.917267 -5.439003 -30.860775
v -56.917267 -2.089255 -24.336811
v -56.917267 -3.051453 -21.862528
v -56.917267 9.387619 -17.025238
v -56.917267 -2.993537 -19.208368
v -56.917267 6.121745 -10.598810
v -56.917267 7.551797 -15.107517
v -56.917267 7.869241 -9.375180
v -56.917267 4.188338 -11.500360
v -56.917267 5.121837 -14.038310
v -56.917267 17.558949 -10.136236
v -56.917267 2.467681 -13.980392
v -56.917267 2.127742 -12.052510
v -56.917267 9.377698 -7.866712
v -56.917267 10.601307 -6.119250
v -56.917267 11.502884 -4.185807
v -56.917267 0.002557 -12.238443
v -56.917267 17.940712 -0.000045
v -56.917267 -0.006605 -14.942594
v -56.917267 -1.924326 -16.778412
v -56.917267 12.055023 -2.125211
v -56.917267 12.240948 -0.000048
v -56.917267 12.055023 2.125137
v -56.917267 11.502885 4.185725
v -56.917267 17.807978 10.279912
v -56.917267 10.601323 6.119147
v -56.917267 9.377701 7.866621
v -56.917267 7.869244 9.375052
v -56.917267 17.408831 16.600592
v -56.917267 -2.122592 -12.052510
v -56.917267 6.121747 10.598676
v -56.917267 -7.006879 -18.132998
v -56.917267 -4.183180 -11.500356
v -56.917267 -10.715252 -29.446989
v -56.917267 -6.717862 -15.493988
v -56.917267 -7.460751 -12.945259
v -56.917252 -6.116616 -10.598810
v -56.917267 -8.283806 -20.460522
v -56.917267 -9.122443 -10.874829
v -56.917267 -7.864100 -9.375209
v -56.917267 -10.354230 -22.122215
v -56.917267 -12.902962 -22.865101
v -56.917267 -9.372562 -7.866720
v -56.917267 -11.449971 -9.597906
v -56.917267 -14.088976 -9.308887
v -56.917267 -15.541971 -22.576084
v -56.917267 -15.665822 -27.138508
v -56.917267 -10.596186 -6.119252
v -56.917267 -20.140310 -24.005409
v -56.917267 -17.869499 -21.299164
v -56.917267 -19.531195 -19.228731
v -56.917267 -24.002792 -20.142933
v -56.917267 -20.274080 -16.679998
v -56.917267 -27.135885 -15.668447
v -56.917267 -19.985062 -14.040989
v -56.917267 -18.708139 -11.713466
v -56.917267 -16.637711 -10.051771
v -56.917267 -18.393654 -6.286139
v -56.917267 -11.497725 -4.185816
v -56.917267 -29.444372 -10.717870
v -56.917267 -16.186277 -4.811213
v -56.917267 -20.997431 -6.804057
v -56.917267 -23.601206 -6.286139
v -56.917267 -25.808586 -4.811213
v -56.917252 -30.858131 -5.441644
v -56.917267 -27.283508 -2.603839
v -56.917267 -12.049878 -2.125228
v -56.917267 -14.711359 -2.603837
v -56.917252 -31.334202 -0.000065
v -56.917267 -27.801435 -0.000059
v -56.917267 -27.283508 2.603720
v -56.917267 -30.858131 5.441522
v -56.917267 -25.808586 4.811099
v -56.917267 -14.193432 -0.000059
v -56.917267 -12.235796 -0.000057
v -56.917267 -29.444372 10.717757
v -56.917267 -12.049878 2.125120
v -56.917267 -14.711359 2.603720
v -56.917267 -16.186277 4.811094
v -56.917267 -11.497717 4.185701
v -56.917267 -23.601208 6.286019
v -56.917267 -20.997431 6.803943
v -56.917267 -18.393654 6.286019
v -56.917267 -10.596184 6.119116
v -56.917267 -27.135880 15.668308
v -56.917267 -16.637709 10.051652
v -56.917267 -14.088976 9.308766
v -56.917267 -18.708134 11.713346
v -56.917267 -19.985062 14.040869
v -56.917267 -20.274076 16.679882
v -56.917267 -24.002800 20.142820
v -56.917267 -19.531195 19.228613
v -56.917267 -9.372568 7.866606
v -56.917267 -11.449970 9.597788
v -56.917252 -20.140327 24.005278
v -56.917267 -17.869499 21.299046
v -56.917267 -15.541971 22.575966
v -56.917267 -15.665832 27.138390
v -56.917267 -12.902959 22.864986
v -56.917267 -9.122443 10.874710
v -56.917267 -7.864118 9.375074
v -56.917267 -10.715268 29.446857
v -56.917267 -6.116621 10.598676
v -56.917267 -7.460750 12.945142
v -56.917267 -6.717862 15.493869
v -56.917267 -4.183215 11.500239
v -56.917267 -10.354232 22.122097
v -56.917267 -8.283802 20.460403
v -56.917267 -7.006879 18.132877
v -56.917267 -2.122604 12.052391
v -56.917267 -5.439018 30.860649
v -56.917267 -2.993536 19.208252
v -56.917267 -1.924327 16.778290
v -56.917267 -3.051449 21.862404
v -56.917267 -2.089257 24.336689
v -56.917267 -0.253432 26.254416
v -56.917267 0.002575 31.336739
v -56.917267 2.176522 27.323626
v -56.917267 0.002573 12.238322
v -56.917267 -0.006603 14.942474
v -56.917267 2.467681 13.980274
v -56.917267 2.127744 12.052391
v -56.917267 5.121840 14.038192
v -56.917267 4.188340 11.500236
v -56.917267 7.551797 15.107396
v -56.917267 9.387619 17.025120
v -56.917267 10.349816 19.499405
v -56.917267 5.444141 30.860649
v -56.917267 15.866804 26.248358
v -56.917267 4.830684 27.381540
v -56.917267 7.304969 26.419342
v -56.917267 10.291902 22.153561
v -56.917267 9.222693 24.583519
v -56.917267 10.720397 29.446877
v -56.917267 15.631267 27.069599
v -56.917267 16.417488 26.615675
v -75.499329 -20.620810 -0.000055
v -63.295517 -20.391336 1.153591
v -63.295517 -20.620815 -0.000073
v -75.499336 -20.391336 1.153597
v -63.295517 -19.737837 2.131618
v -75.499336 -19.737837 2.131655
v -63.295517 -18.759811 2.785104
v -75.499336 -18.759804 2.785135
v -63.295517 -17.606146 3.014596
v -75.499336 -17.606140 3.014615
v -63.295517 -16.452475 2.785103
v -75.499336 -16.452463 2.785134
v -63.295517 -15.474449 2.131617
v -75.499336 -15.474436 2.131654
v -63.295517 -14.820944 1.153577
v -75.499336 -14.820944 1.153590
v -63.295517 -14.591457 -0.000087
v -75.499336 -14.591457 -0.000056
v -63.295517 -14.820944 -1.153758
v -75.499321 -14.820944 -1.153733
v -63.295517 -15.474449 -2.131784
v -75.499321 -15.474436 -2.131728
v -63.295517 -16.452475 -2.785295
v -75.499321 -16.452469 -2.785245
v -63.295517 -17.606152 -3.014762
v -75.499336 -17.606140 -3.014731
v -63.295517 -18.759817 -2.785282
v -75.499336 -18.759804 -2.785244
v -63.295517 -19.737843 -2.131783
v -75.499336 -19.737843 -2.131727
v -63.295517 -20.391336 -1.153750
v -75.499321 -20.391336 -1.153719
v -56.917267 20.145481 24.005316
v -56.917267 24.007969 20.142839
v -56.917267 27.141018 15.668327
v -56.917267 29.449524 10.717745
v -56.917267 30.863287 5.441513
v -56.917267 31.339359 -0.000067
v -56.917267 30.863287 -5.441628
v -56.917267 29.449505 -10.717882
v -56.917267 27.141012 -15.668459
v -56.917267 24.007950 -20.142946
v -56.917267 20.145473 -24.005421
v -53.385513 5.192574 -0.000054
v 0.000000 3.671714 3.671650
v -53.385513 3.671712 3.671650
v -53.385502 0.000000 5.192552
v 0.000000 -3.671701 3.671672
v -53.385513 -3.671704 3.671672
v 0.000000 -5.192583 -0.000052
v -53.385513 -5.192586 -0.000052
v -53.385513 -3.671712 -3.671769
v 0.000000 -3.671708 -3.671769
v -53.385513 -0.000000 -5.192633
v 0.000000 0.000003 -5.192633
v -53.385513 3.671710 -3.671772
v 0.000000 3.671713 -3.671772
v -77.817467 -1.999288 -8.246494
v -77.817474 -2.406934 -7.879447
v -72.108383 -2.406953 -7.879442
v -72.108383 -1.999304 -8.246490
v -77.817467 -1.453743 -8.303836
v -72.108383 -1.453761 -8.303831
v -77.817459 -0.978688 -8.029560
v -72.108383 -0.978705 -8.029556
v -77.817459 -0.755576 -7.528439
v -72.108383 -0.755592 -7.528435
v -77.817459 -0.869623 -6.991879
v -72.108383 -0.869640 -6.991874
v -77.817467 -1.277276 -6.624831
v -72.108383 -1.277290 -6.624827
v -77.817467 -1.822814 -6.567492
v -72.108383 -1.822832 -6.567489
v -77.817467 -2.297874 -6.841765
v -72.108383 -2.297887 -6.841760
v -77.817467 -2.520985 -7.342886
v -72.108383 -2.521000 -7.342883
v -72.807961 -12.007439 3.920212
v -72.807961 -14.717641 6.194341
v -72.807961 -13.212844 5.235678
v -72.807961 -11.183578 2.337591
v -72.807961 -15.268507 -6.422575
v -72.807961 -9.292578 0.730745
v -72.807953 -12.814195 -6.821393
v -72.807961 -1.350150 -7.570025
v -72.807961 -0.205025 -5.114281
v -72.807961 -2.495279 -10.025766
v -72.807961 0.287071 -5.836231
v -72.807961 -1.625925 -9.938653
v -72.807961 0.513942 -6.716101
v -72.807961 -0.806078 -9.546891
v -72.807961 0.565012 -7.519758
v -72.807961 -0.157609 -9.069424
v -72.807961 0.291209 -8.335393
v -72.807961 -24.414848 -0.595714
v -72.807961 -20.494610 -6.194398
v -72.807961 -17.010443 -6.808754
v -72.807961 -18.792967 -6.730925
v -72.807961 -23.204811 -3.920269
v -72.807961 -21.999405 -5.235736
v -72.807961 -24.028671 -2.337644
v -72.807961 -21.526363 5.598655
v -72.807961 -18.201809 6.808693
v -72.807961 -16.419285 6.730867
v -72.807961 -19.943739 6.422518
v -72.807961 -23.800493 2.888454
v -72.807961 -22.841831 4.393253
v -72.807961 -24.337021 1.186811
v -74.871155 -23.204811 -3.920269
v -74.871155 -24.414848 -0.595714
v -74.871155 -24.028671 -2.337644
v -74.871155 -21.999405 -5.235736
v -74.871155 -21.526363 5.598655
v -74.871155 -23.800493 2.888454
v -74.871155 -24.337021 1.186811
v -74.871155 -22.841831 4.393253
v -74.871155 -15.268507 -6.422575
v -74.871155 -18.792967 -6.730925
v -74.871155 -20.494610 -6.194398
v -74.871155 -17.010443 -6.808754
v -74.871155 -14.717641 6.194341
v -74.871155 -18.201809 6.808693
v -74.871155 -19.943739 6.422518
v -74.871155 -16.419285 6.730867
v -74.871155 -12.007439 3.920212
v -74.871155 -13.212844 5.235678
v -74.871155 -11.183578 2.337591
v -74.871155 -12.814195 -6.821393
v -74.871155 -9.292578 0.730745
v -74.871155 -1.350158 -7.570015
v -74.871155 -2.495287 -10.025756
v -74.871155 -0.205026 -5.114274
v -74.871155 -1.625925 -9.938653
v -74.871155 0.287071 -5.836231
v -74.871155 -0.806078 -9.546891
v -74.871155 0.513941 -6.716094
v -74.871155 -0.157609 -9.069424
v -74.871155 0.565012 -7.519758
v -74.871155 0.291209 -8.335393
v -59.562416 0.005389 8.563917
v -59.562416 2.222233 8.272084
v -59.562416 4.288010 7.416391
v -59.562416 6.061941 6.055213
v -59.562416 7.423112 4.281321
v -59.562416 8.278771 2.215525
v -59.562416 8.570630 -0.001319
v -59.562416 8.278771 -2.218170
v -59.562416 7.423098 -4.283939
v -59.562416 6.061926 -6.057877
v -59.562416 4.287996 -7.419054
v -59.562416 2.222219 -8.274732
v -59.562416 0.005363 -8.566577
v -64.350082 -1.958825 0.814677
v -64.350082 -1.497330 1.505364
v -64.350082 -2.120883 -0.000059
v -64.350082 -0.806631 1.966852
v -64.350082 -1.958825 -0.814770
v -64.350082 0.008080 2.128928
v -64.350082 -1.497331 -1.505457
v -64.350082 0.822797 1.966851
v -64.350082 -0.806644 -1.966964
v -64.350082 1.513497 1.505363
v -64.350082 0.008080 -2.129028
v -64.350082 1.974997 0.814676
v -64.350082 0.822797 -1.966965
v -64.350082 2.137054 -0.000060
v -64.350082 1.513496 -1.505458
v -64.350082 1.974997 -0.814771
v -61.847137 0.002575 32.452595
v -61.847137 -5.632793 31.959562
v -61.847137 5.637917 31.959562
v -61.847126 -11.096922 30.495483
v -61.847137 11.102051 30.495483
v -61.847126 -16.223743 28.104790
v -61.847137 16.228916 28.104778
v -61.847115 -20.857586 24.860102
v -61.847137 20.862741 24.860140
v -61.847126 -24.857607 20.860104
v -61.847137 24.862751 20.860140
v -61.847126 -28.102249 16.226255
v -61.847137 28.107388 16.226294
v -61.847126 -30.492929 11.099403
v -61.847137 30.498093 11.099416
v -61.847115 -31.957062 5.635293
v -61.847137 31.962200 5.635280
v -61.847115 -32.450081 -0.000056
v -61.847137 32.455242 -0.000063
v -61.847115 -31.957043 -5.635405
v -61.847137 31.962200 -5.635399
v -61.847115 -30.492941 -11.099528
v -61.847137 30.498087 -11.099503
v -61.847115 -28.102249 -16.226381
v -61.847115 28.107382 -16.226368
v -61.847115 -24.857601 -20.860228
v -61.847126 24.862745 -20.860216
v -61.847115 -20.857590 -24.860222
v -61.847126 20.862719 -24.860233
v -61.847115 -16.223740 -28.104858
v -61.847126 16.228901 -28.104858
v -61.847115 -11.096888 -30.495564
v -61.847126 11.102036 -30.495552
v -61.847115 -5.632778 -31.959675
v -61.847115 5.637912 -31.959661
v -61.847115 0.002582 -32.452694
v -59.574856 2.029676 11.496250
v -59.574844 0.002573 11.673599
v -59.574871 3.995211 10.969579
v -59.574844 -2.024537 11.496250
v -59.574856 5.839396 10.109631
v -59.574856 -3.990064 10.969583
v -59.574856 7.506253 8.942485
v -59.574856 -5.834256 10.109631
v -59.574871 8.945126 7.503633
v -59.574856 -7.501107 8.942485
v -59.574871 10.112264 5.836781
v -59.574856 -8.939964 7.503623
v -59.574871 10.972214 3.992582
v -59.574844 -10.107123 5.836765
v -59.574856 11.498891 2.027055
v -59.574856 -10.967060 3.992558
v -59.574844 11.676231 -0.000048
v -59.574856 -11.493738 2.027045
v -59.574856 11.498891 -2.027158
v -59.574856 -11.671086 -0.000057
v -59.574856 10.972226 -3.992671
v -59.574844 -11.493738 -2.027160
v -59.574856 10.112247 -5.836878
v -59.574844 -10.967069 -3.992673
v -59.574844 8.945124 -7.503721
v -59.574844 -10.107118 -5.836880
v -59.574844 7.506238 -8.942605
v -59.574844 -8.939974 -7.503731
v -59.574844 5.839379 -10.109750
v -59.574856 -7.501109 -8.942605
v -59.574856 3.995209 -10.969702
v -59.574856 -5.834265 -10.109750
v -59.574856 2.029674 -11.496349
v -59.574856 -3.990044 -10.969699
v -59.574856 0.002557 -11.673718
v -59.574856 -2.024546 -11.496363
v -51.997555 -1.924327 16.778290
v -51.997555 -0.006603 14.942474
v -51.997562 -1.948037 11.062417
v -51.997555 -2.993536 19.208252
v -51.997562 -3.839380 10.555638
v -51.997562 0.002580 11.233081
v -51.997555 2.467681 13.980274
v -51.997562 0.002577 -0.000053
v -51.997562 1.953199 11.062416
v -51.997562 3.844536 10.555635
v -51.997562 5.619149 9.728126
v -51.997555 5.121840 14.038192
v -51.997555 7.551797 15.107396
v -51.997555 9.387619 17.025120
v -51.997581 -6.886480 39.069641
v -51.997555 -3.051449 21.862404
v -51.997555 -2.089257 24.336689
v -51.997555 -0.253432 26.254416
v -51.997581 0.002600 39.672356
v -51.997555 2.176522 27.323626
v -51.997593 6.891643 39.069660
v -51.997555 4.830684 27.381540
v -51.997581 13.571364 37.279816
v -51.997555 7.304969 26.419342
v -51.997555 9.222693 24.583519
v -51.997593 19.838789 34.357304
v -51.997555 10.291902 22.153561
v -51.997555 10.349816 19.499405
v -51.997581 25.503532 30.390825
v -51.997562 7.223097 8.605029
v -51.997581 30.393415 25.500862
v -51.997570 8.607658 7.220467
v -51.997581 34.359921 19.836132
v -51.997562 9.730762 5.616508
v -51.997581 37.282471 13.568708
v -51.997562 10.558275 3.841901
v -51.997581 39.072285 6.888980
v -51.997562 11.065043 1.950558
v -51.997581 39.674999 -0.000063
v -51.997562 11.235717 -0.000055
v -51.997581 39.072285 -6.889118
v -51.997562 11.065044 -1.950668
v -51.997562 10.558273 -3.842009
v -51.997581 37.282467 -13.568821
v -51.997581 34.359913 -19.836258
v -51.997562 9.730760 -5.616621
v -51.997581 30.393410 -25.500988
v -51.997562 8.607654 -7.220570
v -51.997581 25.503517 -30.390875
v -51.997562 7.223094 -8.605124
v -51.997555 9.387619 -17.025238
v -51.997581 19.838783 -34.357368
v -51.997562 5.619151 -9.728224
v -51.997555 10.349814 -19.499525
v -51.997555 10.291900 -22.153675
v -51.997555 9.222692 -24.583637
v -51.997570 13.571371 -37.279922
v -51.997555 7.304969 -26.419460
v -51.997555 7.551797 -15.107517
v -51.997570 6.891637 -39.069744
v -51.997555 4.830684 -27.381662
v -51.997555 2.176523 -27.323744
v -51.997570 0.002582 -39.672474
v -51.997555 -0.253435 -26.254532
v -51.997570 -6.886443 -39.069744
v -51.997555 -2.089255 -24.336811
v -51.997555 -3.051453 -21.862528
v -51.997555 5.121837 -14.038310
v -51.997555 -2.993537 -19.208368
v -51.997562 -3.839374 -10.555744
v -51.997562 3.844538 -10.555744
v -51.997555 2.467681 -13.980392
v -51.997562 1.953197 -11.062526
v -51.997562 0.002578 -11.233185
v -51.997562 -1.948033 -11.062525
v -51.997555 -0.006605 -14.942594
v -51.997555 -1.924326 -16.778412
v -51.997555 -7.006879 -18.132998
v -51.997570 -13.566170 -37.279949
v -51.997555 -6.717862 -15.493988
v -51.997555 -8.283806 -20.460522
v -51.997555 -10.354230 -22.122215
v -51.997555 -12.902962 -22.865101
v -51.997555 -15.541971 -22.576084
v -51.997555 -19.833607 -34.357391
v -51.997555 -25.498369 -30.390900
v -51.997570 -30.388271 -25.500988
v -51.997555 -17.869499 -21.299164
v -51.997555 -19.531195 -19.228731
v -51.997555 -20.274080 -16.679998
v -51.997570 -34.354752 -19.836264
v -51.997555 -19.985062 -14.040989
v -51.997555 -18.708139 -11.713466
v -51.997555 -16.637711 -10.051771
v -51.997555 -18.393654 -6.286139
v -51.997581 -37.277309 -13.568827
v -51.997555 -20.997431 -6.804057
v -51.997555 -23.601206 -6.286139
v -51.997555 -25.808586 -4.811213
v -51.997570 -39.067127 -6.889093
v -51.997555 -27.283508 -2.603839
v -51.997555 -27.801435 -0.000059
v -51.997570 -39.669857 -0.000050
v -51.997555 -27.283508 2.603720
v -51.997581 -39.067139 6.888987
v -51.997555 -25.808586 4.811099
v -51.997570 -37.277302 13.568727
v -51.997555 -23.601208 6.286019
v -51.997555 -20.997431 6.803943
v -51.997555 -18.393654 6.286019
v -51.997581 -34.354744 19.836145
v -51.997555 -16.637709 10.051652
v -51.997555 -18.708134 11.713346
v -51.997555 -19.985062 14.040869
v -51.997555 -20.274076 16.679882
v -51.997581 -30.388266 25.500887
v -51.997555 -19.531195 19.228613
v -51.997570 -25.498373 30.390757
v -51.997555 -17.869499 21.299046
v -51.997555 -15.541971 22.575966
v -51.997581 -19.833639 34.357254
v -51.997555 -12.902959 22.864986
v -51.997581 -13.566201 37.279819
v -51.997555 -10.354232 22.122097
v -51.997555 -8.283802 20.460403
v -51.997555 -7.006879 18.132877
v -51.997555 -6.717862 15.493869
v -51.997555 -7.460750 12.945142
v -51.997562 -5.613993 9.728123
v -51.997555 -9.122443 10.874710
v -51.997562 -7.217940 8.605024
v -51.997562 -8.602500 7.220468
v -51.997555 -11.449970 9.597788
v -51.997562 -9.725599 5.616508
v -51.997555 -14.088976 9.308766
v -51.997562 -10.553114 3.841906
v -51.997555 -16.186277 4.811094
v -51.997555 -14.711359 2.603720
v -51.997562 -11.059902 1.950556
v -51.997562 -11.230555 -0.000052
v -51.997555 -14.193432 -0.000059
v -51.997562 -11.059899 -1.950669
v -51.997555 -14.711359 -2.603837
v -51.997562 -10.553119 -3.842016
v -51.997555 -16.186277 -4.811213
v -51.997562 -9.725603 -5.616618
v -51.997555 -14.088976 -9.308887
v -51.997555 -11.449971 -9.597906
v -51.997562 -8.602503 -7.220565
v -51.997555 -9.122443 -10.874829
v -51.997562 -7.217944 -8.605133
v -51.997562 -5.613984 -9.728236
v -51.997555 -7.460751 -12.945259
v -77.817467 -1.638278 -7.435663
v -63.234959 0.008080 2.128928
v -63.234959 -0.806631 1.966871
v -63.234959 0.822797 1.966870
v -63.234959 -1.497330 1.505364
v -63.234959 1.513497 1.505363
v -63.234959 -1.958825 0.814677
v -63.234959 1.974997 0.814676
v -63.234959 -2.120883 -0.000046
v -63.234959 2.137054 -0.000047
v -63.234959 -1.958825 -0.814770
v -63.234959 1.974997 -0.814771
v -63.234959 -1.497331 -1.505457
v -63.234959 1.513496 -1.505458
v -63.234959 -0.806644 -1.966958
v -63.234959 0.822797 -1.966959
v -63.234959 0.008080 -2.129028
v 63.320225 4.288014 7.416391
v 63.320225 7.423105 4.281296
v 63.320225 6.061946 6.055214
v 63.320225 -2.211463 8.272084
v 63.320225 2.222238 8.272065
v 63.320225 0.005394 8.563917
v 63.320225 -11.066635 -4.283948
v 63.320225 -11.066633 4.281312
v 63.320225 -21.053446 2.215512
v 63.320225 -20.233698 3.433012
v 63.320225 -21.429199 -0.754436
v 63.320225 -21.429199 0.751807
v 63.320225 -20.233698 -3.435653
v 63.320225 -21.053452 -2.218164
v 63.320225 0.005369 -8.566577
v 63.320225 -2.211475 -8.274732
v 63.320225 7.423103 -4.283939
v 63.320225 8.570635 -0.001319
v 63.320225 8.278777 2.215525
v 63.320225 8.278777 -2.218169
v 63.320225 4.288002 -7.419054
v 63.320225 6.061933 -6.057876
v 63.320225 2.222226 -8.274719
v 59.562416 -20.238642 3.395379
v 59.562416 -21.429199 0.751807
v 59.562416 -21.053446 2.215512
v 59.562416 -21.429199 -0.754436
v 59.562416 -20.238653 -3.398002
v 59.562416 -21.053452 -2.218164
v 59.562416 -11.066633 4.281293
v 59.562416 -11.066635 -4.283955
v 59.562416 -2.211463 8.272084
v 59.562416 -2.211475 -8.274732
v 56.917267 15.866790 -26.248476
v 56.917267 15.631262 -27.069721
v 56.917267 16.417475 -26.615799
v 56.917267 10.720376 -29.446989
v 56.917267 10.291907 -22.153675
v 56.917267 10.349821 -19.499523
v 56.917267 9.222699 -24.583635
v 56.917267 7.304977 -26.419460
v 56.917267 17.267029 -16.530407
v 56.917267 5.444146 -30.860762
v 56.917267 4.830692 -27.381662
v 56.917267 2.176531 -27.323744
v 56.917267 0.002578 -31.336834
v 56.917267 -0.253428 -26.254532
v 56.917267 -5.438995 -30.860775
v 56.917267 -2.089248 -24.336811
v 56.917267 -3.051445 -21.862528
v 56.917267 9.387626 -17.025236
v 56.917267 -2.993530 -19.208368
v 56.917267 6.121751 -10.598809
v 56.917267 7.551804 -15.107517
v 56.917267 7.869247 -9.375179
v 56.917267 4.188344 -11.500360
v 56.917267 5.121844 -14.038310
v 56.917267 17.558956 -10.136234
v 56.917267 2.467688 -13.980392
v 56.917267 2.127748 -12.052510
v 56.917267 9.377705 -7.866711
v 56.917267 10.601314 -6.119250
v 56.917267 11.502890 -4.185806
v 56.917267 0.002564 -12.238443
v 56.917267 17.940718 -0.000043
v 56.917267 -0.006598 -14.942594
v 56.917267 -1.924319 -16.778412
v 56.917267 12.055029 -2.125210
v 56.917267 12.240953 -0.000047
v 56.917267 12.055029 2.125138
v 56.917267 11.502891 4.185726
v 56.917267 17.807981 10.279913
v 56.917267 10.601328 6.119148
v 56.917267 9.377706 7.866622
v 56.917267 7.869249 9.375053
v 56.917267 17.408836 16.600594
v 56.917267 -2.122585 -12.052510
v 56.917267 6.121751 10.598676
v 56.917267 -7.006872 -18.132998
v 56.917267 -4.183173 -11.500356
v 56.917267 -10.715244 -29.446989
v 56.917267 -6.717855 -15.493988
v 56.917267 -7.460745 -12.945260
v 56.917252 -6.116610 -10.598811
v 56.917267 -8.283799 -20.460522
v 56.917267 -9.122437 -10.874830
v 56.917267 -7.864093 -9.375210
v 56.917267 -10.354222 -22.122215
v 56.917267 -12.902954 -22.865103
v 56.917267 -9.372557 -7.866720
v 56.917267 -11.449965 -9.597906
v 56.917267 -14.088968 -9.308888
v 56.917267 -15.541964 -22.576086
v 56.917267 -15.665813 -27.138508
v 56.917267 -10.596179 -6.119253
v 56.917267 -20.140303 -24.005411
v 56.917267 -17.869492 -21.299166
v 56.917267 -19.531187 -19.228733
v 56.917267 -24.002785 -20.142935
v 56.917267 -20.274073 -16.680000
v 56.917267 -27.135880 -15.668449
v 56.917267 -19.985054 -14.040991
v 56.917267 -18.708132 -11.713467
v 56.917267 -16.637703 -10.051773
v 56.917267 -18.393646 -6.286140
v 56.917267 -11.497721 -4.185817
v 56.917267 -29.444366 -10.717873
v 56.917267 -16.186270 -4.811215
v 56.917267 -20.997425 -6.804059
v 56.917267 -23.601200 -6.286140
v 56.917267 -25.808580 -4.811216
v 56.917252 -30.858124 -5.441647
v 56.917267 -27.283501 -2.603841
v 56.917267 -12.049872 -2.125229
v 56.917267 -14.711353 -2.603838
v 56.917252 -31.334194 -0.000067
v 56.917267 -27.801430 -0.000062
v 56.917267 -27.283501 2.603718
v 56.917267 -30.858124 5.441519
v 56.917267 -25.808580 4.811096
v 56.917267 -14.193425 -0.000060
v 56.917267 -12.235790 -0.000058
v 56.917267 -29.444366 10.717755
v 56.917267 -12.049872 2.125119
v 56.917267 -14.711353 2.603719
v 56.917267 -16.186270 4.811092
v 56.917267 -11.497712 4.185700
v 56.917267 -23.601202 6.286017
v 56.917267 -20.997425 6.803942
v 56.917267 -18.393646 6.286017
v 56.917267 -10.596179 6.119115
v 56.917267 -27.135874 15.668305
v 56.917267 -16.637705 10.051651
v 56.917267 -14.088971 9.308765
v 56.917267 -18.708130 11.713345
v 56.917267 -19.985056 14.040867
v 56.917267 -20.274073 16.679880
v 56.917267 -24.002794 20.142818
v 56.917267 -19.531189 19.228611
v 56.917267 -9.372563 7.866605
v 56.917267 -11.449965 9.597788
v 56.917252 -20.140324 24.005276
v 56.917267 -17.869495 21.299044
v 56.917267 -15.541967 22.575964
v 56.917267 -15.665829 27.138390
v 56.917267 -12.902956 22.864985
v 56.917267 -9.122439 10.874709
v 56.917267 -7.864113 9.375073
v 56.917267 -10.715264 29.446857
v 56.917267 -6.116617 10.598675
v 56.917267 -7.460745 12.945141
v 56.917267 -6.717858 15.493869
v 56.917267 -4.183210 11.500239
v 56.917267 -10.354228 22.122095
v 56.917267 -8.283797 20.460403
v 56.917267 -7.006876 18.132877
v 56.917267 -2.122600 12.052391
v 56.917267 -5.439015 30.860649
v 56.917267 -2.993533 19.208252
v 56.917267 -1.924323 16.778290
v 56.917267 -3.051446 21.862404
v 56.917267 -2.089254 24.336689
v 56.917267 -0.253429 26.254416
v 56.917267 0.002577 31.336739
v 56.917267 2.176526 27.323626
v 56.917267 0.002578 12.238322
v 56.917267 -0.006599 14.942474
v 56.917267 2.467685 13.980274
v 56.917267 2.127748 12.052391
v 56.917267 5.121844 14.038192
v 56.917267 4.188344 11.500236
v 56.917267 7.551801 15.107396
v 56.917267 9.387623 17.025120
v 56.917267 10.349820 19.499405
v 56.917267 5.444144 30.860649
v 56.917267 15.866809 26.248358
v 56.917267 4.830687 27.381540
v 56.917267 7.304973 26.419342
v 56.917267 10.291905 22.153563
v 56.917267 9.222697 24.583519
v 56.917267 10.720400 29.446877
v 56.917267 15.631269 27.069599
v 56.917267 16.417494 26.615675
v 75.499329 -20.620804 -0.000056
v 63.295517 -20.391329 1.153589
v 63.295517 -20.620810 -0.000075
v 75.499336 -20.391329 1.153596
v 63.295517 -19.737831 2.131616
v 75.499336 -19.737831 2.131653
v 63.295517 -18.759804 2.785102
v 75.499336 -18.759798 2.785133
v 63.295517 -17.606140 3.014594
v 75.499336 -17.606134 3.014613
v 63.295517 -16.452469 2.785102
v 75.499336 -16.452456 2.785133
v 63.295517 -15.474442 2.131615
v 75.499336 -15.474430 2.131653
v 63.295517 -14.820937 1.153576
v 75.499336 -14.820937 1.153589
v 63.295517 -14.591452 -0.000089
v 75.499336 -14.591452 -0.000057
v 63.295517 -14.820937 -1.153759
v 75.499321 -14.820937 -1.153734
v 63.295517 -15.474442 -2.131785
v 75.499321 -15.474430 -2.131729
v 63.295517 -16.452469 -2.785297
v 75.499321 -16.452463 -2.785247
v 63.295517 -17.606146 -3.014764
v 75.499336 -17.606134 -3.014733
v 63.295517 -18.759811 -2.785284
v 75.499336 -18.759798 -2.785246
v 63.295517 -19.737837 -2.131785
v 75.499336 -19.737837 -2.131729
v 63.295517 -20.391329 -1.153752
v 75.499321 -20.391329 -1.153721
v 56.917267 20.145487 24.005316
v 56.917267 24.007973 20.142841
v 56.917267 27.141024 15.668330
v 56.917267 29.449530 10.717747
v 56.917267 30.863295 5.441515
v 56.917267 31.339365 -0.000064
v 56.917267 30.863295 -5.441626
v 56.917267 29.449511 -10.717880
v 56.917267 27.141018 -15.668456
v 56.917267 24.007957 -20.142944
v 56.917267 20.145481 -24.005421
v 53.385513 5.192579 -0.000054
v 0.000000 5.192576 -0.000054
v 53.385513 3.671717 3.671650
v 53.385502 0.000005 5.192552
v 0.000000 0.000003 5.192552
v 53.385513 -3.671699 3.671671
v 53.385513 -5.192580 -0.000052
v 53.385513 -3.671706 -3.671769
v 53.385513 0.000006 -5.192633
v 53.385513 3.671716 -3.671772
v 77.817467 -1.999282 -8.246494
v 77.817474 -2.406928 -7.879447
v 72.108383 -2.406947 -7.879442
v 72.108383 -1.999297 -8.246490
v 77.817467 -1.453737 -8.303836
v 72.108383 -1.453754 -8.303831
v 77.817459 -0.978682 -8.029560
v 72.108383 -0.978699 -8.029556
v 77.817459 -0.755570 -7.528439
v 72.108383 -0.755586 -7.528435
v 77.817459 -0.869617 -6.991879
v 72.108383 -0.869634 -6.991874
v 77.817467 -1.277270 -6.624831
v 72.108383 -1.277284 -6.624827
v 77.817467 -1.822808 -6.567492
v 72.108383 -1.822825 -6.567489
v 77.817467 -2.297868 -6.841765
v 72.108383 -2.297881 -6.841760
v 77.817467 -2.520978 -7.342886
v 72.108383 -2.520994 -7.342883
v 72.807961 -12.007434 3.920211
v 72.807961 -14.717635 6.194339
v 72.807961 -13.212838 5.235677
v 72.807961 -11.183573 2.337590
v 72.807961 -15.268500 -6.422576
v 72.807961 -9.292572 0.730744
v 72.807953 -12.814189 -6.821393
v 72.807961 -1.350144 -7.570025
v 72.807961 -0.205019 -5.114281
v 72.807961 -2.495273 -10.025766
v 72.807961 0.287077 -5.836231
v 72.807961 -1.625919 -9.938653
v 72.807961 0.513948 -6.716101
v 72.807961 -0.806071 -9.546891
v 72.807961 0.565018 -7.519758
v 72.807961 -0.157603 -9.069424
v 72.807961 0.291215 -8.335393
v 72.807961 -24.414843 -0.595716
v 72.807961 -20.494604 -6.194400
v 72.807961 -17.010437 -6.808756
v 72.807961 -18.792961 -6.730926
v 72.807961 -23.204805 -3.920271
v 72.807961 -21.999399 -5.235738
v 72.807961 -24.028666 -2.337646
v 72.807961 -21.526356 5.598653
v 72.807961 -18.201803 6.808692
v 72.807961 -16.419279 6.730866
v 72.807961 -19.943731 6.422516
v 72.807961 -23.800488 2.888452
v 72.807961 -22.841825 4.393250
v 72.807961 -24.337015 1.186809
v 74.871155 -23.204805 -3.920271
v 74.871155 -24.414843 -0.595716
v 74.871155 -24.028666 -2.337646
v 74.871155 -21.999399 -5.235738
v 74.871155 -21.526356 5.598653
v 74.871155 -23.800488 2.888452
v 74.871155 -24.337015 1.186809
v 74.871155 -22.841825 4.393250
v 74.871155 -15.268500 -6.422576
v 74.871155 -18.792961 -6.730926
v 74.871155 -20.494604 -6.194400
v 74.871155 -17.010437 -6.808756
v 74.871155 -14.717635 6.194339
v 74.871155 -18.201803 6.808692
v 74.871155 -19.943731 6.422516
v 74.871155 -16.419279 6.730866
v 74.871155 -12.007434 3.920211
v 74.871155 -13.212838 5.235677
v 74.871155 -11.183573 2.337590
v 74.871155 -12.814189 -6.821393
v 74.871155 -9.292572 0.730744
v 74.871155 -1.350151 -7.570015
v 74.871155 -2.495281 -10.025756
v 74.871155 -0.205020 -5.114274
v 74.871155 -1.625919 -9.938653
v 74.871155 0.287077 -5.836231
v 74.871155 -0.806071 -9.546891
v 74.871155 0.513947 -6.716094
v 74.871155 -0.157603 -9.069424
v 74.871155 0.565018 -7.519758
v 74.871155 0.291215 -8.335393
v 59.562416 0.005394 8.563917
v 59.562416 2.222238 8.272084
v 59.562416 4.288014 7.416391
v 59.562416 6.061946 6.055214
v 59.562416 7.423117 4.281321
v 59.562416 8.278777 2.215525
v 59.562416 8.570635 -0.001319
v 59.562416 8.278777 -2.218169
v 59.562416 7.423103 -4.283939
v 59.562416 6.061933 -6.057876
v 59.562416 4.288002 -7.419054
v 59.562416 2.222226 -8.274732
v 59.562416 0.005369 -8.566577
v 64.350082 -1.958820 0.814677
v 64.350082 -1.497325 1.505364
v 64.350082 -2.120877 -0.000059
v 64.350082 -0.806626 1.966852
v 64.350082 -1.958820 -0.814770
v 64.350082 0.008085 2.128928
v 64.350082 -1.497325 -1.505457
v 64.350082 0.822803 1.966851
v 64.350082 -0.806638 -1.966964
v 64.350082 1.513502 1.505363
v 64.350082 0.008085 -2.129028
v 64.350082 1.975003 0.814677
v 64.350082 0.822803 -1.966965
v 64.350082 2.137060 -0.000060
v 64.350082 1.513502 -1.505458
v 64.350082 1.975003 -0.814771
v 61.879860 0.002577 32.452595
v 61.879860 -5.632790 31.959562
v 61.879860 5.637919 31.959562
v 61.879841 -11.096919 30.495483
v 61.879860 11.102055 30.495483
v 61.879841 -16.223740 28.104790
v 61.879860 16.228918 28.104778
v 61.879826 -20.857582 24.860102
v 61.879860 20.862745 24.860146
v 61.879841 -24.857603 20.860096
v 61.879860 24.862757 20.860140
v 61.879841 -28.102243 16.226250
v 61.879860 28.107393 16.226294
v 61.879841 -30.492924 11.099397
v 61.879860 30.498098 11.099422
v 61.879826 -31.957056 5.635286
v 61.879860 31.962206 5.635286
v 61.879826 -32.450073 -0.000063
v 61.879860 32.455250 -0.000056
v 61.879826 -31.957037 -5.635411
v 61.879860 31.962206 -5.635393
v 61.879826 -30.492935 -11.099534
v 61.879860 30.498093 -11.099503
v 61.879826 -28.102243 -16.226387
v 61.879826 28.107388 -16.226368
v 61.879826 -24.857594 -20.860228
v 61.879841 24.862753 -20.860209
v 61.879826 -20.857582 -24.860222
v 61.879841 20.862726 -24.860233
v 61.879826 -16.223730 -28.104858
v 61.879841 16.228909 -28.104858
v 61.879826 -11.096880 -30.495564
v 61.879841 11.102043 -30.495552
v 61.879826 -5.632770 -31.959675
v 61.879826 5.637921 -31.959661
v 61.879826 0.002591 -32.452694
v 59.574856 2.029681 11.496250
v 59.574844 0.002578 11.673599
v 59.574871 3.995216 10.969579
v 59.574844 -2.024532 11.496250
v 59.574856 5.839400 10.109631
v 59.574856 -3.990059 10.969583
v 59.574856 7.506258 8.942486
v 59.574856 -5.834251 10.109630
v 59.574871 8.945130 7.503634
v 59.574856 -7.501102 8.942484
v 59.574871 10.112268 5.836782
v 59.574856 -8.939960 7.503622
v 59.574871 10.972219 3.992583
v 59.574844 -10.107119 5.836764
v 59.574856 11.498897 2.027056
v 59.574856 -10.967054 3.992558
v 59.574844 11.676237 -0.000047
v 59.574856 -11.493733 2.027045
v 59.574856 11.498897 -2.027157
v 59.574856 -11.671081 -0.000058
v 59.574856 10.972232 -3.992670
v 59.574844 -11.493733 -2.027161
v 59.574856 10.112253 -5.836877
v 59.574844 -10.967063 -3.992674
v 59.574844 8.945129 -7.503720
v 59.574844 -10.107112 -5.836880
v 59.574844 7.506244 -8.942604
v 59.574844 -8.939967 -7.503732
v 59.574844 5.839386 -10.109749
v 59.574856 -7.501102 -8.942606
v 59.574856 3.995215 -10.969702
v 59.574856 -5.834259 -10.109751
v 59.574856 2.029681 -11.496349
v 59.574856 -3.990038 -10.969699
v 59.574856 0.002564 -11.673718
v 59.574856 -2.024539 -11.496363
v 51.997555 -1.924323 16.778290
v 51.997555 -0.006599 14.942474
v 51.997562 -1.948032 11.062417
v 51.997555 -2.993533 19.208252
v 51.997562 -3.839375 10.555638
v 51.997562 0.002585 11.233081
v 51.997555 2.467685 13.980274
v 51.997562 0.002583 -0.000053
v 51.997562 1.953203 11.062416
v 51.997562 3.844541 10.555635
v 51.997562 5.619153 9.728127
v 51.997555 5.121844 14.038192
v 51.997555 7.551801 15.107396
v 51.997555 9.387623 17.025120
v 51.997581 -6.886477 39.069641
v 51.997555 -3.051446 21.862404
v 51.997555 -2.089254 24.336689
v 51.997555 -0.253429 26.254416
v 51.997581 0.002602 39.672356
v 51.997555 2.176526 27.323626
v 51.997593 6.891645 39.069660
v 51.997555 4.830687 27.381540
v 51.997581 13.571368 37.279816
v 51.997555 7.304973 26.419342
v 51.997555 9.222697 24.583519
v 51.997593 19.838793 34.357307
v 51.997555 10.291905 22.153563
v 51.997555 10.349820 19.499405
v 51.997581 25.503536 30.390829
v 51.997562 7.223102 8.605030
v 51.997581 30.393419 25.500866
v 51.997570 8.607663 7.220468
v 51.997581 34.359924 19.836136
v 51.997562 9.730766 5.616509
v 51.997581 37.282478 13.568711
v 51.997562 10.558281 3.841902
v 51.997581 39.072289 6.888983
v 51.997562 11.065049 1.950559
v 51.997581 39.675007 -0.000059
v 51.997562 11.235723 -0.000054
v 51.997581 39.072289 -6.889115
v 51.997562 11.065050 -1.950667
v 51.997562 10.558278 -3.842009
v 51.997581 37.282471 -13.568817
v 51.997581 34.359924 -19.836254
v 51.997562 9.730766 -5.616621
v 51.997581 30.393419 -25.500984
v 51.997562 8.607660 -7.220569
v 51.997581 25.503527 -30.390873
v 51.997562 7.223100 -8.605123
v 51.997555 9.387626 -17.025236
v 51.997581 19.838793 -34.357365
v 51.997562 5.619157 -9.728223
v 51.997555 10.349821 -19.499523
v 51.997555 10.291907 -22.153675
v 51.997555 9.222699 -24.583635
v 51.997570 13.571381 -37.279922
v 51.997555 7.304977 -26.419460
v 51.997555 7.551804 -15.107517
v 51.997570 6.891645 -39.069744
v 51.997555 4.830692 -27.381662
v 51.997555 2.176531 -27.323744
v 51.997570 0.002591 -39.672474
v 51.997555 -0.253428 -26.254532
v 51.997570 -6.886434 -39.069744
v 51.997555 -2.089248 -24.336811
v 51.997555 -3.051445 -21.862528
v 51.997555 5.121844 -14.038310
v 51.997555 -2.993530 -19.208368
v 51.997562 -3.839368 -10.555744
v 51.997562 3.844545 -10.555744
v 51.997555 2.467688 -13.980392
v 51.997562 1.953204 -11.062526
v 51.997562 0.002585 -11.233185
v 51.997562 -1.948027 -11.062525
v 51.997555 -0.006598 -14.942594
v 51.997555 -1.924319 -16.778412
v 51.997555 -7.006872 -18.132998
v 51.997570 -13.566161 -37.279949
v 51.997555 -6.717855 -15.493988
v 51.997555 -8.283799 -20.460522
v 51.997555 -10.354222 -22.122215
v 51.997555 -12.902954 -22.865103
v 51.997555 -15.541964 -22.576086
v 51.997555 -19.833599 -34.357395
v 51.997555 -25.498360 -30.390903
v 51.997570 -30.388262 -25.500990
v 51.997555 -17.869492 -21.299166
v 51.997555 -19.531187 -19.228733
v 51.997555 -20.274073 -16.680000
v 51.997570 -34.354740 -19.836267
v 51.997555 -19.985054 -14.040991
v 51.997555 -18.708132 -11.713467
v 51.997555 -16.637703 -10.051773
v 51.997555 -18.393646 -6.286140
v 51.997581 -37.277302 -13.568830
v 51.997555 -20.997425 -6.804059
v 51.997555 -23.601200 -6.286140
v 51.997555 -25.808580 -4.811216
v 51.997570 -39.067120 -6.889096
v 51.997555 -27.283501 -2.603841
v 51.997555 -27.801430 -0.000062
v 51.997570 -39.669849 -0.000053
v 51.997555 -27.283501 2.603718
v 51.997581 -39.067131 6.888983
v 51.997555 -25.808580 4.811096
v 51.997570 -37.277294 13.568724
v 51.997555 -23.601202 6.286017
v 51.997555 -20.997425 6.803942
v 51.997555 -18.393646 6.286017
v 51.997581 -34.354740 19.836142
v 51.997555 -16.637705 10.051651
v 51.997555 -18.708130 11.713345
v 51.997555 -19.985056 14.040867
v 51.997555 -20.274073 16.679880
v 51.997581 -30.388262 25.500885
v 51.997555 -19.531189 19.228611
v 51.997570 -25.498369 30.390753
v 51.997555 -17.869495 21.299044
v 51.997555 -15.541967 22.575964
v 51.997581 -19.833635 34.357250
v 51.997555 -12.902956 22.864985
v 51.997581 -13.566198 37.279819
v 51.997555 -10.354228 22.122095
v 51.997555 -8.283797 20.460403
v 51.997555 -7.006876 18.132877
v 51.997555 -6.717858 15.493869
v 51.997555 -7.460745 12.945141
v 51.997562 -5.613988 9.728122
v 51.997555 -9.122439 10.874709
v 51.997562 -7.217935 8.605023
v 51.997562 -8.602495 7.220467
v 51.997555 -11.449965 9.597788
v 51.997562 -9.725595 5.616507
v 51.997555 -14.088971 9.308765
v 51.997562 -10.553109 3.841905
v 51.997555 -16.186270 4.811092
v 51.997555 -14.711353 2.603719
v 51.997562 -11.059897 1.950555
v 51.997562 -11.230549 -0.000053
v 51.997555 -14.193425 -0.000060
v 51.997562 -11.059894 -1.950670
v 51.997555 -14.711353 -2.603838
v 51.997562 -10.553113 -3.842017
v 51.997555 -16.186270 -4.811215
v 51.997562 -9.725596 -5.616618
v 51.997555 -14.088968 -9.308888
v 51.997555 -11.449965 -9.597906
v 51.997562 -8.602496 -7.220566
v 51.997555 -9.122437 -10.874830
v 51.997562 -7.217938 -8.605133
v 51.997562 -5.613978 -9.728237
v 51.997555 -7.460745 -12.945260
v 77.817467 -1.638272 -7.435663
v 63.234959 0.008085 2.128928
v 63.234959 -0.806626 1.966871
v 63.234959 0.822803 1.966870
v 63.234959 -1.497325 1.505364
v 63.234959 1.513502 1.505363
v 63.234959 -1.958820 0.814677
v 63.234959 1.975003 0.814677
v 63.234959 -2.120877 -0.000047
v 63.234959 2.137060 -0.000047
v 63.234959 -1.958820 -0.814770
v 63.234959 1.975003 -0.814771
v 63.234959 -1.497325 -1.505457
v 63.234959 1.513502 -1.505458
v 63.234959 -0.806638 -1.966958
v 63.234959 0.822803 -1.966959
v 63.234959 0.008085 -2.129028
vn -1.0000 -0.0000 -0.0000
vn 1.0000 -0.0000 -0.0000
vn -0.0000 -1.0000 -0.0000
vn -0.0000 -0.9239 0.3827
vn -0.0000 -0.1004 -0.9949
vn -0.0000 0.2694 -0.9630
vn -0.0000 -0.3827 0.9239
vn -0.0000 -0.7071 0.7071
vn -0.0000 0.7071 -0.7071
vn -0.0000 0.9239 -0.3827
vn -0.0000 0.7071 0.7071
vn -0.0000 0.3827 0.9239
vn -0.0000 0.9239 0.3827
vn -0.0000 1.0000 -0.0000
vn -0.0000 0.8660 0.5000
vn -0.0000 -0.9239 -0.3827
vn -0.0000 -0.1045 -0.9945
vn -0.0000 -0.0000 1.0000
vn -0.0000 -0.3827 -0.9239
vn -0.0000 -0.0000 -1.0000
vn -0.0000 0.2588 0.9659
vn -0.0000 0.5000 0.8660
vn -0.0000 -0.7071 -0.7071
vn -0.0000 0.3827 -0.9239
vn -0.0000 -0.2736 -0.9618
vn -0.0000 0.8660 -0.5000
vn -0.0000 0.9659 0.2588
vn -0.0000 0.5143 -0.8576
vn -0.0000 0.7368 -0.6761
vn -0.0000 -0.6691 -0.7431
vn -0.0000 -0.2290 -0.9734
vn -0.0000 0.5000 -0.8660
vn -0.0000 0.9135 -0.4067
vn -0.0000 0.6691 0.7431
vn -0.0000 0.1045 0.9945
vn -0.0000 0.9781 0.2079
vn -0.0000 0.9109 0.4126
vn -0.0000 0.9876 0.1572
vn -0.0000 -0.0872 -0.9962
vn -0.0000 -0.4618 -0.8870
vn -0.0000 -0.4617 -0.8870
vn -0.0011 -0.8244 0.5660
vn -0.0018 -0.9117 0.4108
vn -0.0045 -0.8295 0.5585
vn -0.0000 0.0872 0.9962
vn -0.0000 0.4618 0.8870
vn -0.0000 0.4617 0.8870
vn -0.0012 -0.2555 0.9668
vn -0.0074 -0.0952 0.9954
vn -0.0000 -0.2550 0.9669
vn -0.0000 0.0872 -0.9962
vn -0.0000 0.0285 -0.9996
vn -0.0074 -0.0952 -0.9954
vn -0.0012 -0.2555 -0.9668
vn -0.0000 -0.2550 -0.9669
vn -0.0000 -0.2736 0.9618
vn -0.0000 -0.9921 -0.1253
vn 0.0018 -0.9117 -0.4108
vn -0.0000 -0.9099 -0.4149
vn -0.0000 -0.8192 -0.5736
vn -0.0000 -0.9397 -0.3420
vn -0.0000 -0.2164 -0.9763
vn -0.0000 -0.5736 -0.8192
vn -0.0000 -0.7660 -0.6428
vn -0.0000 0.2588 -0.9659
vn 0.0012 -0.2555 0.9668
vn -0.0000 0.9063 -0.4226
vn -0.0000 0.9915 -0.1298
vn -0.2208 0.9165 0.3336
vn -0.2208 0.8447 0.4877
vn 0.2257 -0.5277 -0.8189
vn 0.2194 -0.6271 -0.7474
vn 0.2241 -0.4864 -0.8445
vn 0.2194 0.9168 0.3337
vn 0.2194 0.9608 0.1694
vn 0.2194 -0.8449 -0.4878
vn 0.2194 -0.9168 -0.3337
vn 0.2194 -0.9608 -0.1694
vn -0.2208 0.9753 -0.0000
vn -0.2208 0.9605 0.1694
vn 0.2194 -0.9756 -0.0000
vn 0.2194 -0.9608 0.1694
vn -0.2208 0.3336 0.9165
vn -0.2208 0.1694 0.9605
vn 0.2194 -0.9168 0.3337
vn 0.2194 -0.8449 0.4878
vn -0.2208 0.7471 0.6269
vn 0.2230 -0.3365 0.9149
vn 0.2194 -0.1694 0.9608
vn 0.2194 -0.3337 0.9168
vn -0.2271 -0.5276 -0.8186
vn -0.2208 -0.6269 -0.7471
vn -0.2255 -0.4862 0.8443
vn -0.2355 -0.4548 0.8589
vn -0.2271 -0.5276 0.8186
vn -0.2255 -0.4862 -0.8443
vn -0.2244 -0.3364 -0.9146
vn -0.2208 -0.3336 -0.9165
vn -0.2208 -0.8447 0.4877
vn -0.2208 -0.9165 0.3336
vn 0.2194 0.7474 -0.6271
vn 0.2194 0.8449 -0.4878
vn 0.2194 0.1694 0.9608
vn 0.2194 -0.0000 0.9756
vn 0.2194 0.3337 0.9168
vn 0.2194 0.4878 0.8449
vn 0.2194 0.6271 0.7474
vn 0.2194 -0.7474 -0.6271
vn 0.2194 -0.7474 0.6271
vn 0.2194 0.8449 0.4878
vn -0.2208 -0.8447 -0.4877
vn -0.2208 -0.7471 -0.6269
vn 0.2194 0.9756 -0.0000
vn -0.2208 -0.9165 -0.3336
vn 0.2194 0.9168 -0.3337
vn 0.2194 0.9608 -0.1694
vn 0.2230 -0.3365 -0.9149
vn 0.2194 -0.1694 -0.9608
vn -0.2208 -0.9605 0.1694
vn -0.2208 -0.9753 -0.0000
vn -0.2208 -0.1694 -0.9605
vn -0.2208 -0.0000 -0.9753
vn 0.2194 0.1694 -0.9608
vn 0.2194 0.3337 -0.9168
vn 0.2194 -0.0000 -0.9756
vn -0.2208 0.1694 -0.9605
vn 0.2194 -0.6271 0.7474
vn 0.2194 -0.3337 -0.9168
vn -0.2355 -0.4548 -0.8589
vn 0.2241 -0.4864 0.8445
vn -0.0000 0.9962 -0.0872
vn -0.0000 0.8870 -0.4617
vn -0.0000 -0.9537 0.3007
vn -0.0000 -0.7660 0.6428
vn -0.0000 0.9659 -0.2588
vn 0.2079 -0.1699 0.9633
vn 0.2079 -0.3346 0.9192
vn 0.2079 -0.3345 0.9192
vn 0.2079 0.9192 -0.3346
vn 0.2078 0.9633 -0.1699
vn 0.2078 0.9192 -0.3346
vn -0.2079 -0.3346 0.9192
vn -0.2079 -0.1699 0.9633
vn -0.2079 -0.3345 0.9192
vn 0.2078 0.4891 0.8471
vn 0.2078 0.3346 0.9192
vn 0.2079 -0.0000 0.9782
vn 0.2079 0.1699 0.9633
vn 0.2079 -0.0000 -0.9782
vn 0.2079 0.1699 -0.9633
vn 0.2079 0.9192 0.3346
vn 0.2079 0.8471 0.4891
vn -0.2078 0.6288 -0.7493
vn -0.2078 0.7493 -0.6287
vn -0.2078 0.7493 -0.6288
vn 0.2079 -0.6287 0.7493
vn 0.2078 -0.4891 0.8471
vn 0.2079 -0.6288 0.7493
vn 0.2079 0.4891 -0.8471
vn 0.2079 0.6287 -0.7493
vn 0.2079 -0.9192 -0.3345
vn 0.2079 -0.9633 -0.1699
vn -0.2079 -0.6287 0.7493
vn -0.2078 -0.4891 0.8471
vn -0.2079 -0.9192 0.3345
vn -0.2079 -0.8471 0.4891
vn -0.2078 -0.9192 0.3345
vn 0.2079 -0.8471 0.4891
vn 0.2079 -0.7493 0.6287
vn 0.2079 -0.9192 0.3345
vn 0.2078 -0.9192 0.3345
vn 0.2079 0.9782 -0.0000
vn 0.2079 0.9633 0.1699
vn -0.2079 -0.3345 -0.9192
vn -0.2079 -0.4891 -0.8471
vn -0.2078 -0.3345 -0.9192
vn 0.2079 -0.7493 0.6288
vn 0.2079 -0.9633 0.1699
vn 0.2079 -0.9782 -0.0000
vn 0.2078 -0.9782 -0.0000
vn -0.2079 -0.9192 -0.3345
vn -0.2079 -0.9633 -0.1699
vn -0.2078 0.8471 -0.4891
vn -0.2079 0.8471 -0.4891
vn 0.2078 0.7493 -0.6287
vn 0.2079 0.8471 -0.4891
vn -0.2079 0.3345 -0.9192
vn -0.2079 0.1699 -0.9633
vn -0.2078 0.3345 -0.9192
vn 0.2078 0.6288 -0.7493
vn 0.2079 -0.8471 -0.4891
vn -0.2078 0.3346 0.9192
vn -0.2078 0.4891 0.8471
vn 0.2078 0.8471 0.4891
vn 0.2078 0.7493 0.6288
vn 0.2079 -0.6288 -0.7493
vn 0.2078 -0.7493 -0.6288
vn 0.2079 0.3346 -0.9192
vn 0.2078 0.3345 -0.9192
vn -0.2079 0.9782 -0.0000
vn -0.2079 0.9633 0.1699
vn 0.2079 -0.1699 -0.9633
vn 0.2079 -0.3345 -0.9192
vn -0.0000 0.9763 0.2164
vn -0.0000 0.9848 -0.1736
vn -0.0000 0.8434 -0.5373
vn -0.0000 0.6428 -0.7660
vn -0.0000 0.1736 -0.9848
vn -0.0000 -0.5736 0.8192
vn -0.0000 -0.2164 0.9763
vn -0.0000 0.5736 -0.8192
vn -0.0000 0.2164 -0.9763
vn -0.0000 -0.9962 0.0872
vn -0.0000 -0.8870 0.4618
vn -0.0000 -0.8434 -0.5373
vn -0.0000 -0.3420 0.9397
vn -0.0000 -0.0872 0.9962
vn -0.0000 0.1737 0.9848
vn -0.0000 0.3007 -0.9537
vn -0.0000 0.1736 0.9848
vn -0.0000 0.5373 0.8434
vn -0.0000 0.7660 0.6428
vn -0.0000 0.9537 0.3007
vn -0.0000 -0.9848 0.1736
vn -0.0000 -0.8434 0.5373
vn -0.0000 -0.9763 -0.2164
vn -0.0000 0.9763 -0.2164
vn -0.0000 0.8192 -0.5736
vn -0.0000 -0.9962 -0.0872
vn -0.0000 -0.1736 -0.9848
vn -0.0000 -0.5373 -0.8434
vn -0.0000 -0.9848 0.1737
vn -0.0000 -0.3007 0.9537
vn -0.0000 -0.6428 0.7660
vn -0.0000 -0.9763 0.2164
vn -0.0000 -0.8192 0.5736
vn -0.0000 -0.8870 0.4617
vn -0.0000 -0.8870 -0.4618
vn -0.0000 0.5736 0.8192
vn -0.0000 0.2164 0.9763
vn -0.0000 -0.5373 0.8434
vn -0.0000 -0.9537 -0.3007
vn -0.0000 0.5373 -0.8434
vn -0.0000 -0.1736 0.9848
vn -0.0000 -0.9848 -0.1736
vn -0.0000 0.5956 0.8033
vn -0.0000 0.7818 0.6235
vn -0.0000 0.9848 0.1737
vn -0.0000 0.9962 0.0872
vn -0.0000 0.9537 -0.3007
vn -0.0000 0.4617 -0.8870
vn -0.0000 0.8870 0.4617
vn -0.0000 0.6428 0.7660
vn -0.0000 0.8192 0.5736
vn -0.0000 -0.3007 -0.9537
vn -0.0000 -0.6428 -0.7660
vn -0.0000 0.4226 0.9063
vn -0.0000 0.3007 0.9537
vn -0.0000 -0.8870 -0.4617
vn -0.0000 0.7660 -0.6428
vn -0.0000 0.8434 0.5373
vn -0.0000 -0.1737 -0.9848
vn -0.0000 0.9876 0.1573
vn -0.0000 0.6976 0.7165
vn -0.0000 -0.5000 0.8660
vn -0.0000 -0.4226 -0.9063
vn -0.0000 -0.9063 0.4226
vn -0.0000 0.9848 0.1736
vn -0.0000 -0.9135 0.4067
vn -0.0000 -0.9781 -0.2079
vn 0.2257 -0.5277 0.8189
vn -0.0018 -0.9117 -0.4108
vn -0.0011 -0.8244 -0.5660
vn -0.0045 -0.8295 -0.5585
vn 0.0012 -0.2555 -0.9668
vn 0.0074 -0.0952 -0.9954
vn 0.0011 -0.8244 -0.5660
vn 0.0045 -0.8295 -0.5585
vn 0.0011 -0.8244 0.5660
vn 0.0018 -0.9117 0.4108
vn -0.0000 -0.9099 0.4149
vn 0.2194 0.7474 0.6271
vn -0.2208 -0.0000 0.9753
vn -0.2208 -0.9605 -0.1694
vn -0.2208 0.4877 0.8447
vn 0.2194 0.4878 -0.8449
vn 0.2194 0.6271 -0.7474
vn -0.2208 0.3336 -0.9165
vn -0.2208 -0.6269 0.7471
vn -0.2208 -0.7471 0.6269
vn 0.2340 -0.4550 0.8592
vn -0.2244 -0.3364 0.9146
vn -0.2208 -0.3336 0.9165
vn -0.2208 -0.1694 0.9605
vn -0.2208 0.8447 -0.4877
vn -0.2208 0.9165 -0.3336
vn -0.2208 0.6269 0.7471
vn -0.2208 0.9605 -0.1694
vn -0.2208 0.7471 -0.6269
vn -0.2208 0.6269 -0.7471
vn -0.2208 0.4877 -0.8447
vn 0.2340 -0.4550 -0.8592
vn 0.0074 -0.0952 0.9954
vn 0.0098 -0.0961 0.9953
vn 0.2078 0.6287 0.7493
vn -0.2079 -0.0000 0.9782
vn -0.2079 0.1699 0.9633
vn 0.2078 -0.4891 -0.8471
vn 0.2078 -0.3345 -0.9192
vn -0.2078 0.6287 0.7493
vn -0.2079 -0.9782 -0.0000
vn -0.2078 -0.9782 -0.0000
vn -0.2078 0.7493 0.6288
vn -0.2078 0.8471 0.4891
vn -0.2079 -0.7493 0.6288
vn -0.2079 -0.6288 0.7493
vn -0.2079 0.9192 0.3346
vn -0.2079 0.8471 0.4891
vn -0.2079 -0.7493 0.6287
vn -0.2079 -0.7493 -0.6287
vn -0.2079 -0.8471 -0.4891
vn -0.2079 -0.9633 0.1699
vn -0.2078 0.9633 -0.1699
vn -0.2078 0.9192 -0.3346
vn -0.2079 -0.1699 -0.9633
vn -0.2079 0.9192 -0.3346
vn 0.2079 -0.7493 -0.6287
vn -0.2079 0.4891 -0.8471
vn -0.2079 0.6287 -0.7493
vn -0.2079 -0.6288 -0.7493
vn -0.2078 -0.7493 -0.6288
vn -0.2079 -0.0000 -0.9782
vn -0.0000 -0.9921 0.1253
vn -0.0000 -0.4617 0.8870
vn -0.0000 -0.4618 0.8870
vn -0.0000 0.8191 0.5736
vn -0.0098 -0.0961 0.9953
vn -0.0098 -0.0961 -0.9953
vn -0.2078 -0.4891 -0.8471
vn 0.2078 0.7493 -0.6288
vn 0.0098 -0.0961 -0.9953
vn 0.0045 -0.8295 0.5585
vt 0.405060 0.888381
vt 0.404093 0.885478
vt 0.406727 0.890985
vt 0.414508 0.895490
vt 0.408978 0.893059
vt 0.411645 0.894565
vt 0.420017 0.872585
vt 0.432947 0.883745
vt 0.428795 0.895140
vt 0.442673 0.895899
vt 0.444037 0.893316
vt 0.441625 0.896353
vt 0.443575 0.894697
vt 0.443523 0.890620
vt 0.443979 0.891882
vt 0.422490 0.873976
vt 0.408327 0.874449
vt 0.404572 0.879326
vt 0.403913 0.882352
vt 0.406105 0.876612
vt 0.414005 0.872122
vt 0.411032 0.872941
vt 0.417065 0.872031
vt 0.367020 0.795469
vt 0.368164 0.795202
vt 0.366142 0.796113
vt 0.369286 0.795202
vt 0.371308 0.796113
vt 0.370408 0.795469
vt 0.375019 0.809832
vt 0.365454 0.803090
vt 0.362422 0.809822
vt 0.037009 0.464117
vt 0.038257 0.462852
vt 0.038647 0.464430
vt 0.044493 0.457403
vt 0.049817 0.467913
vt 0.049936 0.463977
vt 0.051626 0.460347
vt 0.093921 0.458020
vt 0.092775 0.450577
vt 0.090559 0.455635
vt 0.051532 0.452630
vt 0.058384 0.456305
vt 0.059399 0.449277
vt 0.062408 0.456565
vt 0.067696 0.447165
vt 0.066003 0.458383
vt 0.068573 0.461489
vt 0.051169 0.471464
vt 0.053778 0.474148
vt 0.042756 0.478651
vt 0.069740 0.465312
vt 0.060892 0.481265
vt 0.057077 0.475864
vt 0.059037 0.483664
vt 0.063143 0.479248
vt 0.060834 0.476231
vt 0.371986 0.803089
vt 0.071172 0.511154
vt 0.074285 0.514174
vt 0.070543 0.514909
vt 0.057617 0.486295
vt 0.056674 0.489105
vt 0.044914 0.486827
vt 0.056160 0.492029
vt 0.082158 0.474672
vt 0.083703 0.478937
vt 0.080958 0.477359
vt 0.047975 0.500029
vt 0.068647 0.476538
vt 0.067516 0.472684
vt 0.069355 0.469225
vt 0.056189 0.494953
vt 0.056656 0.497847
vt 0.057608 0.500593
vt 0.058974 0.503207
vt 0.051235 0.513292
vt 0.060770 0.505533
vt 0.062955 0.507537
vt 0.071697 0.475903
vt 0.068222 0.510441
vt 0.053274 0.521378
vt 0.065418 0.509204
vt 0.090637 0.498731
vt 0.102231 0.496295
vt 0.091293 0.495632
vt 0.076163 0.446717
vt 0.075986 0.465061
vt 0.074828 0.475835
vt 0.076738 0.469005
vt 0.078893 0.472374
vt 0.077962 0.476320
vt 0.076818 0.461062
vt 0.079096 0.457714
vt 0.082497 0.455465
vt 0.086077 0.475577
vt 0.090048 0.474938
vt 0.086543 0.454776
vt 0.084659 0.447880
vt 0.086157 0.480974
vt 0.114212 0.487557
vt 0.119337 0.482093
vt 0.120661 0.490546
vt 0.100250 0.454720
vt 0.096098 0.461480
vt 0.106839 0.460150
vt 0.096777 0.465529
vt 0.095849 0.469486
vt 0.093447 0.472819
vt 0.089196 0.517595
vt 0.080281 0.510075
vt 0.083087 0.508652
vt 0.097541 0.477666
vt 0.112298 0.466655
vt 0.088221 0.483420
vt 0.094866 0.480718
vt 0.101214 0.475872
vt 0.105312 0.475626
vt 0.109155 0.476983
vt 0.116524 0.474085
vt 0.112247 0.479736
vt 0.089799 0.486243
vt 0.093509 0.484517
vt 0.112783 0.491417
vt 0.090091 0.506222
vt 0.085588 0.506771
vt 0.087750 0.504428
vt 0.120438 0.499066
vt 0.074209 0.511326
vt 0.091357 0.492415
vt 0.095445 0.492171
vt 0.098432 0.494895
vt 0.110021 0.494425
vt 0.106295 0.496177
vt 0.118673 0.507360
vt 0.100921 0.502504
vt 0.096904 0.502274
vt 0.104578 0.504307
vt 0.107291 0.507379
vt 0.108601 0.511254
vt 0.115425 0.515260
vt 0.108307 0.515362
vt 0.089457 0.501728
vt 0.093088 0.503559
vt 0.110824 0.522454
vt 0.104929 0.528645
vt 0.099416 0.522957
vt 0.103330 0.521714
vt 0.093733 0.488523
vt 0.090867 0.489243
vt 0.098008 0.533683
vt 0.088306 0.509776
vt 0.087980 0.513795
vt 0.095362 0.522617
vt 0.091783 0.520730
vt 0.083515 0.520338
vt 0.081367 0.517043
vt 0.090317 0.537277
vt 0.084318 0.524270
vt 0.083521 0.528184
vt 0.081217 0.531473
vt 0.081999 0.539339
vt 0.077818 0.533635
vt 0.077293 0.510966
vt 0.078093 0.514888
vt 0.064467 0.475132
vt 0.065787 0.477647
vt 0.067390 0.517012
vt 0.065295 0.520088
vt 0.064261 0.523690
vt 0.064755 0.527468
vt 0.056686 0.535452
vt 0.069941 0.533246
vt 0.073839 0.534243
vt 0.073366 0.540142
vt 0.066726 0.530838
vt 0.064859 0.539340
vt 0.057091 0.537004
vt 0.055393 0.536489
vt 0.895726 0.951134
vt 0.894006 0.968201
vt 0.895726 0.968201
vt 0.591263 0.924392
vt 0.592349 0.926761
vt 0.590362 0.925767
vt 0.890618 0.951134
vt 0.892328 0.968201
vt 0.892328 0.951134
vt 0.878691 0.951134
vt 0.880390 0.968201
vt 0.880390 0.951134
vt 0.878691 0.968201
vt 0.885488 0.951134
vt 0.887219 0.968201
vt 0.887219 0.951134
vt 0.883821 0.968201
vt 0.885488 0.968201
vt 0.882111 0.951134
vt 0.883821 0.951134
vt 0.397941 0.886658
vt 0.399558 0.891028
vt 0.868495 0.968201
vt 0.870152 0.951134
vt 0.870152 0.968201
vt 0.258590 0.991954
vt 0.265809 0.992830
vt 0.265809 0.991954
vt 0.753173 0.568482
vt 0.755360 0.569592
vt 0.753591 0.570227
vt 0.873593 0.951134
vt 0.875292 0.968201
vt 0.875292 0.951134
vt 0.402113 0.894848
vt 0.405481 0.897871
vt 0.871873 0.968201
vt 0.871873 0.951134
vt 0.635075 0.925496
vt 0.615967 0.915095
vt 0.627963 0.932222
vt 0.266316 0.990962
vt 0.267139 0.988450
vt 0.267952 0.990962
vt 0.612260 0.917212
vt 0.620153 0.931598
vt 0.615841 0.931352
vt 0.413431 0.968061
vt 0.435089 0.965722
vt 0.435089 0.968061
vt 0.413431 0.953985
vt 0.435089 0.956332
vt 0.435089 0.953985
vt 0.421855 0.867301
vt 0.435089 0.951629
vt 0.408682 0.867266
vt 0.397487 0.881854
vt 0.589783 0.927375
vt 0.591729 0.928805
vt 0.589623 0.928876
vt 0.258590 0.992830
vt 0.265809 0.993654
vt 0.611131 0.915104
vt 0.593066 0.925901
vt 0.258590 0.991121
vt 0.265809 0.991121
vt 0.258590 0.990266
vt 0.265809 0.990266
vt 0.265809 0.988535
vt 0.258590 0.989390
vt 0.265809 0.989390
vt 0.258590 0.987669
vt 0.265809 0.987669
vt 0.592559 0.934083
vt 0.592892 0.931557
vt 0.593772 0.932269
vt 0.258590 0.988535
vt 0.266316 0.988693
vt 0.267139 0.991194
vt 0.268448 0.989390
vt 0.267952 0.988693
vt 0.268448 0.990266
vt 0.675124 0.053848
vt 0.676461 0.053484
vt 0.673906 0.054548
vt 0.672921 0.055537
vt 0.673928 0.063011
vt 0.682111 0.060816
vt 0.672006 0.062753
vt 0.671140 0.056293
vt 0.660708 0.060970
vt 0.660990 0.063078
vt 0.660422 0.058879
vt 0.659896 0.059298
vt 0.660358 0.062798
vt 0.659526 0.059894
vt 0.659851 0.062331
vt 0.659304 0.060486
vt 0.659479 0.061799
vt 0.659316 0.061155
vt 0.677880 0.064070
vt 0.675130 0.063712
vt 0.676486 0.064069
vt 0.680435 0.063007
vt 0.679222 0.063711
vt 0.681404 0.062019
vt 0.681397 0.055529
vt 0.679200 0.053843
vt 0.677860 0.053484
vt 0.680401 0.054540
vt 0.682443 0.058075
vt 0.682084 0.056733
vt 0.682458 0.059468
vt 0.631482 0.913690
vt 0.633426 0.915534
vt 0.629125 0.912442
vt 0.626423 0.911805
vt 0.635656 0.920280
vt 0.634844 0.917753
vt 0.635735 0.922929
vt 0.600624 0.877030
vt 0.604331 0.880208
vt 0.605137 0.878020
vt 0.620969 0.912081
vt 0.623654 0.911589
vt 0.618431 0.913189
vt 0.632426 0.929868
vt 0.634035 0.927898
vt 0.630366 0.931311
vt 0.622839 0.932424
vt 0.625426 0.932654
vt 0.594809 0.932701
vt 0.594238 0.929240
vt 0.591941 0.927846
vt 0.592235 0.930821
vt 0.591899 0.929851
vt 0.098854 0.516861
vt 0.097178 0.516797
vt 0.442732 0.901022
vt 0.099297 0.508353
vt 0.428748 0.900965
vt 0.614695 0.912981
vt 0.617275 0.911186
vt 0.436618 0.879354
vt 0.413613 0.901022
vt 0.448818 0.893897
vt 0.448483 0.890671
vt 0.409410 0.899953
vt 0.890618 0.968201
vt 0.632863 0.911723
vt 0.894006 0.951134
vt 0.058712 0.470467
vt 0.060314 0.470538
vt 0.100980 0.482311
vt 0.099894 0.483668
vt 0.095646 0.516068
vt 0.398250 0.876880
vt 0.417623 0.866221
vt 0.413153 0.866177
vt 0.589903 0.930395
vt 0.581720 0.893621
vt 0.590066 0.879843
vt 0.578744 0.891128
vt 0.589357 0.878995
vt 0.574319 0.884771
vt 0.588808 0.878035
vt 0.576291 0.862566
vt 0.590081 0.870917
vt 0.578789 0.859587
vt 0.588821 0.872709
vt 0.589368 0.871752
vt 0.572985 0.881123
vt 0.588247 0.875926
vt 0.572329 0.877291
vt 0.114622 0.465033
vt 0.108827 0.458120
vt 0.048132 0.536583
vt 0.056047 0.539665
vt 0.119119 0.472865
vt 0.037195 0.525434
vt 0.030243 0.520937
vt 0.035377 0.527216
vt 0.032372 0.519493
vt 0.026299 0.513819
vt 0.122124 0.481403
vt 0.026121 0.505482
vt 0.022317 0.498048
vt 0.023606 0.506129
vt 0.076333 0.443854
vt 0.067241 0.444322
vt 0.025040 0.490176
vt 0.024001 0.481959
vt 0.022465 0.489893
vt 0.101841 0.452351
vt 0.050098 0.450229
vt 0.042678 0.455266
vt 0.049257 0.533989
vt 0.036178 0.461017
vt 0.064255 0.542068
vt 0.121394 0.508204
vt 0.058416 0.446538
vt 0.085310 0.445075
vt 0.041431 0.532362
vt 0.029165 0.475661
vt 0.026462 0.482671
vt 0.042871 0.530356
vt 0.123517 0.490327
vt 0.123258 0.499377
vt 0.073220 0.542967
vt 0.082397 0.542218
vt 0.099482 0.536162
vt 0.091280 0.540020
vt 0.033086 0.469433
vt 0.026953 0.474542
vt 0.595100 0.869109
vt 0.593820 0.867015
vt 0.594803 0.865896
vt 0.595287 0.864492
vt 0.596176 0.869295
vt 0.593989 0.869096
vt 0.592484 0.867677
vt 0.592916 0.869285
vt 0.594533 0.875383
vt 0.591877 0.869653
vt 0.597207 0.869671
vt 0.599117 0.868856
vt 0.598156 0.870217
vt 0.590920 0.870215
vt 0.590996 0.867777
vt 0.589596 0.867289
vt 0.588462 0.866305
vt 0.596517 0.853175
vt 0.595199 0.863002
vt 0.594534 0.861661
vt 0.593411 0.860681
vt 0.600666 0.861963
vt 0.603991 0.855194
vt 0.602153 0.862001
vt 0.589180 0.860947
vt 0.588800 0.853843
vt 0.590508 0.860292
vt 0.592003 0.860193
vt 0.592618 0.853170
vt 0.585141 0.855165
vt 0.588189 0.862065
vt 0.587712 0.863486
vt 0.581771 0.857092
vt 0.587804 0.864965
vt 0.588433 0.873743
vt 0.588253 0.874835
vt 0.572328 0.873403
vt 0.576250 0.888145
vt 0.588430 0.877011
vt 0.573004 0.869579
vt 0.590914 0.880553
vt 0.590098 0.885362
vt 0.585071 0.895576
vt 0.591854 0.881106
vt 0.589682 0.886804
vt 0.589839 0.888272
vt 0.590542 0.889581
vt 0.591025 0.884210
vt 0.616745 0.873476
vt 0.609926 0.875529
vt 0.616745 0.877364
vt 0.596436 0.897598
vt 0.595935 0.890082
vt 0.594631 0.890782
vt 0.596867 0.888911
vt 0.600261 0.896926
vt 0.597299 0.887479
vt 0.592335 0.883491
vt 0.597128 0.885992
vt 0.597189 0.881105
vt 0.592882 0.881470
vt 0.600161 0.881031
vt 0.598145 0.880559
vt 0.598984 0.879857
vt 0.593965 0.881665
vt 0.595068 0.881676
vt 0.593832 0.883333
vt 0.595250 0.883747
vt 0.596158 0.881482
vt 0.596409 0.884675
vt 0.599324 0.885199
vt 0.603920 0.895604
vt 0.599041 0.883734
vt 0.600152 0.886432
vt 0.601391 0.887272
vt 0.602856 0.887552
vt 0.607294 0.893673
vt 0.604316 0.887280
vt 0.610277 0.891179
vt 0.612770 0.888204
vt 0.605552 0.886456
vt 0.606389 0.885206
vt 0.588730 0.896904
vt 0.606693 0.883750
vt 0.606398 0.882281
vt 0.614719 0.884836
vt 0.605566 0.881035
vt 0.616053 0.881194
vt 0.606613 0.878191
vt 0.608038 0.877766
vt 0.609206 0.876833
vt 0.591717 0.890518
vt 0.592556 0.897592
vt 0.609680 0.872621
vt 0.610097 0.874046
vt 0.608752 0.871450
vt 0.607440 0.870722
vt 0.614754 0.865996
vt 0.605960 0.870562
vt 0.604523 0.870982
vt 0.603363 0.868954
vt 0.612818 0.862633
vt 0.604440 0.867931
vt 0.605043 0.866565
vt 0.605082 0.865070
vt 0.607354 0.857146
vt 0.604547 0.863685
vt 0.610324 0.859650
vt 0.599266 0.862505
vt 0.600344 0.853863
vt 0.598188 0.863536
vt 0.597578 0.864894
vt 0.597551 0.866393
vt 0.598090 0.867774
vt 0.599004 0.870928
vt 0.600482 0.869466
vt 0.599712 0.871775
vt 0.601970 0.869497
vt 0.600262 0.872735
vt 0.603363 0.871916
vt 0.602644 0.873220
vt 0.600631 0.873766
vt 0.600811 0.874839
vt 0.602484 0.874700
vt 0.600812 0.875939
vt 0.602893 0.876132
vt 0.603830 0.877296
vt 0.600253 0.878058
vt 0.602870 0.879924
vt 0.601401 0.880211
vt 0.599699 0.879006
vt 0.599329 0.882269
vt 0.255951 0.990266
vt 0.257273 0.989826
vt 0.256469 0.990962
vt 0.257271 0.991194
vt 0.255951 0.989390
vt 0.258083 0.990962
vt 0.256469 0.988693
vt 0.257271 0.988450
vt 0.258083 0.988693
vt 0.756369 0.568047
vt 0.754124 0.568025
vt 0.751847 0.570211
vt 0.102474 0.511954
vt 0.102346 0.513592
vt 0.082360 0.463574
vt 0.082016 0.465219
vt 0.749071 0.568525
vt 0.751126 0.568155
vt 0.750298 0.569606
vt 0.754468 0.562125
vt 0.754422 0.564237
vt 0.755711 0.563220
vt 0.753662 0.563567
vt 0.413431 0.970416
vt 0.435089 0.970416
vt 0.401026 0.872672
vt 0.404576 0.869494
vt 0.749748 0.565520
vt 0.748390 0.563692
vt 0.748042 0.565397
vt 0.873593 0.968201
vt 0.750640 0.563677
vt 0.751169 0.561512
vt 0.749429 0.562145
vt 0.078961 0.506701
vt 0.081145 0.505580
vt 0.059586 0.494680
vt 0.059578 0.492294
vt 0.069316 0.507085
vt 0.071692 0.507621
vt 0.076545 0.507444
vt 0.069680 0.479980
vt 0.067339 0.480857
vt 0.063328 0.503214
vt 0.061889 0.501334
vt 0.060778 0.487707
vt 0.084812 0.502181
vt 0.061932 0.485596
vt 0.063447 0.483723
vt 0.085170 0.485542
vt 0.083153 0.504045
vt 0.087086 0.497684
vt 0.087596 0.495196
vt 0.060724 0.499237
vt 0.059974 0.497018
vt 0.077059 0.479880
vt 0.074590 0.479453
vt 0.086153 0.500036
vt 0.087660 0.492662
vt 0.087272 0.490139
vt 0.086429 0.487758
vt 0.059981 0.489950
vt 0.065274 0.482112
vt 0.083539 0.483589
vt 0.065062 0.504828
vt 0.079429 0.480711
vt 0.074115 0.507767
vt 0.072080 0.479491
vt 0.078949 0.524060
vt 0.078589 0.525862
vt 0.748260 0.567066
vt 0.749859 0.566575
vt 0.106460 0.519062
vt 0.101656 0.515103
vt 0.072362 0.519770
vt 0.070814 0.520738
vt 0.077545 0.527437
vt 0.076020 0.528454
vt 0.094043 0.511515
vt 0.093942 0.513221
vt 0.590513 0.931797
vt 0.057244 0.469777
vt 0.634012 0.931466
vt 0.074164 0.519413
vt 0.100447 0.516262
vt 0.075997 0.519765
vt 0.101936 0.510347
vt 0.100804 0.509066
vt 0.069410 0.524071
vt 0.069760 0.522272
vt 0.070825 0.527433
vt 0.069770 0.525885
vt 0.063735 0.467427
vt 0.063789 0.465796
vt 0.082372 0.466882
vt 0.074191 0.528839
vt 0.072354 0.528466
vt 0.636981 0.916737
vt 0.097618 0.508279
vt 0.096006 0.508840
vt 0.094774 0.509993
vt 0.055664 0.467041
vt 0.055723 0.465431
vt 0.059042 0.462301
vt 0.060652 0.462360
vt 0.056351 0.463978
vt 0.094503 0.514834
vt 0.756753 0.566317
vt 0.754937 0.565154
vt 0.756520 0.564650
vt 0.063043 0.468884
vt 0.102502 0.481554
vt 0.104249 0.481461
vt 0.105936 0.482022
vt 0.057552 0.462876
vt 0.056183 0.468567
vt 0.099392 0.485373
vt 0.101681 0.489980
vt 0.619681 0.934007
vt 0.063243 0.464245
vt 0.090257 0.463599
vt 0.090631 0.465203
vt 0.088051 0.469198
vt 0.089430 0.468248
vt 0.089351 0.462221
vt 0.061840 0.469976
vt 0.622532 0.934670
vt 0.106579 0.489672
vt 0.105058 0.490482
vt 0.087951 0.461276
vt 0.084721 0.469205
vt 0.086387 0.469543
vt 0.625575 0.934893
vt 0.084698 0.461243
vt 0.086347 0.460923
vt 0.083324 0.468271
vt 0.637301 0.926232
vt 0.090345 0.466813
vt 0.062140 0.463044
vt 0.620213 0.909812
vt 0.099593 0.487159
vt 0.100379 0.488805
vt 0.108099 0.484791
vt 0.108236 0.486582
vt 0.103349 0.490599
vt 0.591316 0.932975
vt 0.593993 0.934871
vt 0.265809 0.986825
vt 0.107695 0.488308
vt 0.107297 0.483215
vt 0.623468 0.909163
vt 0.626802 0.909376
vt 0.628600 0.934412
vt 0.631494 0.933289
vt 0.413431 0.958671
vt 0.435089 0.958671
vt 0.413431 0.961035
vt 0.435089 0.961035
vt 0.637957 0.919865
vt 0.078569 0.522252
vt 0.077518 0.520768
vt 0.024907 0.497850
vt 0.752673 0.563189
vt 0.751606 0.563219
vt 0.752926 0.561512
vt 0.888929 0.968201
vt 0.877002 0.951134
vt 0.877002 0.968201
vt 0.888929 0.951134
vt 0.750351 0.567486
vt 0.413431 0.963366
vt 0.435089 0.963366
vt 0.413431 0.965722
vt 0.882111 0.968201
vt 0.258590 0.985959
vt 0.265809 0.985959
vt 0.615736 0.933580
vt 0.265809 0.985125
vt 0.258590 0.986825
vt 0.030961 0.467773
vt 0.447188 0.887808
vt 0.425548 0.869353
vt 0.445655 0.899592
vt 0.750005 0.564510
vt 0.629928 0.910177
vt 0.574343 0.865933
vt 0.028633 0.512781
vt 0.113042 0.524190
vt 0.093918 0.447925
vt 0.106851 0.530822
vt 0.117975 0.516569
vt 0.616077 0.869646
vt 0.754768 0.567214
vt 0.755041 0.566202
vt 0.067118 0.506158
vt 0.081617 0.481956
vt 0.635237 0.913969
vt 0.448060 0.897169
vt 0.752123 0.568541
vt 0.083297 0.462144
vt 0.054600 0.457636
vt 0.638043 0.923133
vt 0.635987 0.929053
vt 0.114030 0.483454
vt 0.258590 0.985125
vt 0.868495 0.951134
vt 0.413431 0.956332
vt 0.413431 0.951629
vt 0.258590 0.993654
vt 0.593149 0.890949
vt 0.603511 0.862603
s 1
f 3/1/1 2/2/1 1/3/1
f 2/2/1 4/4/1 1/3/1
f 1/3/1 4/4/1 5/5/1
f 5/5/1 4/4/1 6/6/1
f 608/7/2 597/4/2 600/8/2
f 8/9/1 4/4/1 7/8/1
f 600/8/2 602/10/2 604/11/2
f 10/12/1 8/9/1 9/10/1
f 12/13/1 9/10/1 11/11/1
f 13/14/1 11/11/1 7/8/1
f 14/15/1 11/11/1 13/14/1
f 16/16/1 7/8/1 15/7/1
f 17/17/1 15/7/1 2/2/1
f 18/18/1 17/17/1 2/2/1
f 19/19/1 18/18/1 2/2/1
f 20/20/1 17/17/1 18/18/1
f 21/21/1 15/7/1 17/17/1
f 22/22/1 21/21/1 17/17/1
f 23/23/1 15/7/1 21/21/1
f 26/24/2 25/25/2 24/26/2
f 24/26/2 25/25/2 27/27/2
f 28/28/2 24/26/2 27/27/2
f 29/29/2 28/28/2 27/27/2
f 626/30/1 623/31/1 625/32/1
f 36/33/1 35/34/1 34/35/1
f 37/36/1 34/35/1 35/34/1
f 34/35/1 37/36/1 38/37/1
f 38/37/1 37/36/1 40/38/1
f 37/36/1 41/39/1 40/38/1
f 691/40/2 689/41/2 690/42/2
f 636/43/2 638/44/2 639/45/2
f 46/45/1 47/46/1 45/44/1
f 46/45/1 48/47/1 47/46/1
f 48/47/1 49/48/1 47/46/1
f 48/47/1 50/49/1 49/48/1
f 39/50/1 51/51/1 42/52/1
f 52/53/1 50/49/1 48/47/1
f 53/54/1 42/52/1 51/51/1
f 53/54/1 51/51/1 54/55/1
f 55/56/1 42/52/1 53/54/1
f 56/57/1 53/54/1 54/55/1
f 56/57/1 54/55/1 57/58/1
f 33/30/2 30/31/2 31/59/2
f 171/60/1 168/61/1 170/62/1
f 61/63/1 62/64/1 58/65/1
f 62/64/1 63/66/1 58/65/1
f 86/67/1 90/68/1 87/69/1
f 58/65/1 63/66/1 65/70/1
f 64/71/1 66/72/1 67/73/1
f 68/74/1 65/70/1 63/66/1
f 52/53/1 64/71/1 67/73/1
f 69/75/1 65/70/1 68/74/1
f 69/75/1 70/76/1 65/70/1
f 71/77/1 65/70/1 70/76/1
f 65/70/1 71/77/1 72/78/1
f 73/79/1 72/78/1 71/77/1
f 73/79/1 74/80/1 72/78/1
f 651/65/2 648/56/2 635/52/2
f 77/81/1 64/71/1 52/53/1
f 78/82/1 76/83/1 75/84/1
f 724/85/2 723/86/2 720/87/2
f 674/88/2 645/53/2 672/89/2
f 80/90/1 79/89/1 82/91/1
f 82/91/1 83/92/1 80/90/1
f 80/90/1 83/92/1 84/93/1
f 85/94/1 79/89/1 81/88/1
f 15/7/1 4/4/1 2/2/1
f 81/88/1 88/95/1 85/94/1
f 89/96/1 88/95/1 81/88/1
f 683/68/2 679/67/2 680/69/2
f 90/68/1 91/97/1 92/98/1
f 81/88/1 93/99/1 89/96/1
f 94/100/1 93/99/1 81/88/1
f 90/68/1 92/98/1 95/101/1
f 686/99/2 689/41/2 687/100/2
f 118/102/1 116/103/1 119/104/1
f 99/105/1 100/106/1 98/40/1
f 99/105/1 101/107/1 100/106/1
f 101/107/1 102/108/1 100/106/1
f 101/107/1 103/109/1 102/108/1
f 92/98/1 104/110/1 95/101/1
f 104/110/1 103/109/1 101/107/1
f 156/111/1 157/112/1 153/113/1
f 694/107/2 698/114/2 700/115/2
f 106/116/1 105/114/1 108/117/1
f 109/118/1 105/114/1 107/115/1
f 107/115/1 110/119/1 109/118/1
f 111/120/1 110/119/1 107/115/1
f 112/121/1 111/120/1 107/115/1
f 112/121/1 113/122/1 111/120/1
f 114/123/1 106/116/1 108/117/1
f 114/123/1 108/117/1 115/124/1
f 634/39/2 636/43/2 630/36/2
f 709/103/2 711/102/2 712/104/2
f 119/104/1 120/125/1 118/102/1
f 147/126/1 150/127/1 148/128/1
f 119/104/1 123/129/1 120/125/1
f 764/60/2 761/61/2 762/130/2
f 124/131/1 125/132/1 126/133/1
f 124/131/1 126/133/1 127/87/1
f 123/129/1 128/134/1 120/125/1
f 123/129/1 129/135/1 128/134/1
f 126/133/1 130/86/1 127/87/1
f 130/86/1 129/135/1 123/129/1
f 725/136/2 723/86/2 726/137/2
f 131/85/1 133/137/1 134/138/1
f 132/136/1 135/139/1 133/137/1
f 132/136/1 136/140/1 135/139/1
f 137/141/1 136/140/1 132/136/1
f 138/142/1 137/141/1 132/136/1
f 138/142/1 139/143/1 137/141/1
f 140/144/1 131/85/1 134/138/1
f 140/144/1 134/138/1 141/145/1
f 732/143/2 735/146/2 731/142/2
f 665/78/2 668/84/2 667/80/2
f 145/147/1 146/148/1 144/149/1
f 717/131/2 714/150/2 715/151/2
f 145/147/1 149/152/1 146/148/1
f 743/127/2 740/126/2 741/128/2
f 150/127/1 151/153/1 152/154/1
f 150/127/1 152/154/1 153/113/1
f 149/152/1 154/155/1 146/148/1
f 155/156/1 154/155/1 149/152/1
f 152/154/1 156/111/1 153/113/1
f 156/111/1 155/156/1 149/152/1
f 698/114/2 688/101/2 699/116/2
f 157/112/1 159/157/1 160/158/1
f 158/159/1 161/160/1 159/157/1
f 158/159/1 162/161/1 161/160/1
f 163/162/1 162/161/1 158/159/1
f 164/163/1 163/162/1 158/159/1
f 165/164/1 163/162/1 164/163/1
f 166/165/1 157/112/1 160/158/1
f 166/165/1 160/158/1 167/166/1
f 761/61/2 759/165/2 762/130/2
f 652/167/2 649/57/2 653/168/2
f 170/62/1 172/169/1 171/60/1
f 171/60/1 172/169/1 78/82/1
f 172/169/1 173/170/1 78/82/1
f 78/82/1 173/170/1 76/83/1
f 173/170/1 174/171/1 76/83/1
f 45/44/1 43/43/1 46/45/1
f 772/172/2 669/83/2 769/173/2
f 178/174/1 177/175/1 175/176/1
f 175/176/1 180/177/1 178/174/1
f 176/173/1 179/172/1 180/177/1
f 181/178/1 180/177/1 175/176/1
f 181/178/1 176/173/1 180/177/1
f 181/178/1 182/179/1 176/173/1
f 176/173/1 182/179/1 183/180/1
f 777/181/3 778/182/4 779/183/3
f 270/184/5 316/185/6 272/186/6
f 784/187/7 781/188/8 782/189/8
f 798/190/9 795/191/10 796/192/10
f 205/190/9 202/191/10 204/193/9
f 790/194/11 787/195/12 788/196/12
f 790/194/11 791/197/13 789/198/11
f 794/199/14 791/197/13 792/200/13
f 596/1/11 916/201/15 915/202/11
f 186/203/3 215/204/16 214/205/16
f 834/206/17 833/207/17 835/208/17
f 343/209/12 578/210/18 580/211/12
f 804/212/19 801/213/20 802/214/20
f 598/5/21 914/215/22 913/216/21
f 808/204/16 805/217/23 806/218/23
f 808/204/16 779/203/3 807/205/16
f 130/86/1 132/136/1 133/137/1
f 885/219/2 889/220/2 893/221/2
f 248/222/2 256/223/2 244/224/2
f 311/225/1 310/226/1 312/227/1
f 240/228/24 237/229/24 239/230/24
f 228/231/12 823/232/12 822/233/12
f 230/232/12 228/231/12 229/233/12
f 609/16/25 924/234/20 608/7/20
f 228/231/13 227/235/13 229/233/13
f 921/236/9 610/17/26 615/22/9
f 611/18/14 917/237/27 612/19/27
f 274/238/28 320/239/29 276/240/29
f 830/241/30 832/242/30 833/207/30
f 856/243/31 903/244/5 900/225/31
f 836/245/32 835/208/32 837/246/32
f 838/247/33 837/246/33 839/248/33
f 196/198/11 195/196/12 194/195/12
f 843/249/34 840/250/34 841/251/34
f 844/252/35 843/249/35 845/253/35
f 250/248/36 251/250/36 252/251/36
f 271/254/37 319/255/38 317/256/37
f 254/249/34 251/250/34 253/257/34
f 250/248/2 252/251/2 248/222/2
f 845/223/1 837/222/1 833/224/1
f 254/258/2 256/223/2 252/251/2
f 246/259/2 248/222/2 244/224/2
f 260/260/2 244/224/2 256/223/2
f 258/261/2 260/260/2 256/223/2
f 243/262/2 244/224/2 260/260/2
f 263/263/2 262/264/2 261/265/2
f 261/265/2 262/264/2 264/266/2
f 851/264/1 854/267/1 867/268/1
f 856/269/1 853/266/1 855/270/1
f 856/269/1 857/271/1 859/272/1
f 269/273/2 266/270/2 268/271/2
f 269/273/2 268/271/2 271/274/2
f 270/272/2 272/275/2 268/271/2
f 271/274/2 268/271/2 273/276/2
f 274/277/2 268/271/2 272/275/2
f 273/276/2 268/271/2 275/278/2
f 276/279/2 268/271/2 274/277/2
f 275/278/2 268/271/2 277/280/2
f 277/280/2 268/271/2 276/279/2
f 279/281/2 265/267/2 278/268/2
f 280/282/2 265/267/2 279/281/2
f 281/283/2 280/282/2 279/281/2
f 282/284/2 279/281/2 278/268/2
f 283/285/2 279/281/2 282/284/2
f 284/286/2 282/284/2 278/268/2
f 285/287/2 278/268/2 262/264/2
f 286/288/2 285/287/2 262/264/2
f 287/289/2 286/288/2 262/264/2
f 288/290/2 285/287/2 286/288/2
f 289/291/2 278/268/2 285/287/2
f 290/292/2 289/291/2 285/287/2
f 291/293/2 278/268/2 289/291/2
f 294/294/1 293/295/1 292/296/1
f 292/296/1 293/295/1 295/297/1
f 293/295/1 296/219/1 295/297/1
f 297/298/1 296/219/1 293/295/1
f 298/299/1 297/298/1 293/295/1
f 299/300/1 296/219/1 297/298/1
f 1156/301/1 1106/302/1 1107/303/1
f 301/304/1 295/297/1 300/220/1
f 302/305/1 295/297/1 301/304/1
f 303/306/1 301/304/1 300/220/1
f 305/307/1 304/221/1 296/219/1
f 306/308/1 305/307/1 296/219/1
f 307/309/1 304/221/1 305/307/1
f 308/310/1 300/220/1 304/221/1
f 309/311/1 308/310/1 304/221/1
f 310/226/1 300/220/1 308/310/1
f 899/226/2 900/225/2 901/227/2
f 268/271/2 267/269/2 270/272/2
f 315/312/1 313/313/1 312/227/1
f 314/244/1 313/313/1 316/185/1
f 317/256/1 313/313/1 315/312/1
f 316/185/1 313/313/1 318/314/1
f 319/255/1 313/313/1 317/256/1
f 318/314/1 313/313/1 320/239/1
f 321/315/1 313/313/1 319/255/1
f 320/239/1 313/313/1 322/316/1
f 322/316/1 313/313/1 321/315/1
f 545/317/39 154/155/40 547/318/41
f 617/319/42 602/10/43 603/12/44
f 727/138/45 1124/320/46 726/137/47
f 623/321/48 603/12/49 601/9/50
f 303/306/51 265/322/52 280/323/51
f 606/14/53 624/324/54 600/8/55
f 625/325/56 601/9/50 597/4/56
f 27/326/57 14/15/58 29/327/59
f 598/5/21 912/328/18 599/6/18
f 191/187/7 188/188/8 190/329/7
f 292/296/60 284/330/61 294/294/61
f 780/331/4 781/188/8 778/182/4
f 595/2/15 917/237/27 916/201/15
f 57/58/62 482/332/63 491/333/62
f 3/1/11 325/215/22 326/202/11
f 108/117/8 518/334/7 568/335/8
f 547/318/41 155/156/64 548/336/64
f 18/18/14 328/237/27 329/337/14
f 614/21/32 923/338/65 922/339/32
f 32/325/56 8/9/50 30/321/66
f 866/340/67 910/315/68 911/316/67
f 854/322/52 900/225/31 889/220/52
f 621/28/1 623/31/1 624/59/1
f 1061/341/1 1060/342/1 1059/343/1
f 469/344/2 467/345/2 466/346/2
f 1043/347/1 1042/348/1 1041/349/1
f 457/350/2 454/347/2 455/351/2
f 453/348/2 454/347/2 452/349/2
f 1053/352/1 1052/353/1 1051/354/1
f 373/355/69 101/107/70 375/356/70
f 776/180/71 949/357/72 947/358/73
f 700/115/74 960/359/75 962/355/74
f 811/360/76 955/361/77 953/362/76
f 812/363/77 957/364/78 955/361/77
f 116/103/79 371/359/80 369/365/79
f 814/366/81 961/367/82 959/368/81
f 383/369/83 48/47/84 385/370/84
f 816/371/85 965/372/86 963/373/85
f 375/356/70 99/105/87 377/374/87
f 630/36/88 975/375/89 973/376/90
f 183/180/91 360/357/92 216/377/92
f 382/378/93 35/34/94 36/33/95
f 358/358/96 181/178/97 356/379/98
f 376/372/99 223/371/100 374/373/100
f 731/142/101 952/380/102 725/136/102
f 641/47/103 976/381/104 639/45/104
f 641/47/103 972/369/105 974/370/103
f 674/88/105 970/382/106 972/369/105
f 689/41/107 970/382/106 687/100/106
f 809/377/72 951/383/108 949/357/72
f 818/384/109 965/372/86 817/385/86
f 694/107/110 962/355/74 964/356/110
f 364/362/111 217/386/112 362/383/112
f 709/103/113 960/359/75 705/121/75
f 366/361/114 218/360/111 364/362/111
f 716/129/115 956/387/116 712/104/116
f 725/136/102 954/388/115 716/129/115
f 712/104/116 958/365/113 709/103/113
f 774/178/117 943/389/118 768/176/118
f 372/367/119 221/366/120 370/368/120
f 175/176/121 352/390/122 354/389/121
f 751/159/123 944/391/124 742/152/124
f 941/390/125 751/159/123 757/163/125
f 352/390/122 158/159/126 353/392/126
f 819/393/127 967/394/109 818/384/109
f 774/178/117 947/358/73 945/379/128
f 183/180/91 182/179/129 358/358/96
f 426/395/2 425/396/2 424/397/2
f 424/397/2 427/398/2 426/395/2
f 428/399/2 426/395/2 427/398/2
f 429/400/2 425/396/2 426/395/2
f 1018/400/1 1019/401/1 1021/402/1
f 431/403/2 429/400/2 426/395/2
f 428/399/2 431/403/2 426/395/2
f 431/403/2 432/402/2 429/400/2
f 431/403/2 433/404/2 432/402/2
f 552/405/2 553/406/2 554/407/2
f 433/404/2 431/403/2 434/408/2
f 433/404/2 434/408/2 435/409/2
f 435/409/2 434/408/2 436/410/2
f 434/408/2 437/411/2 436/410/2
f 428/399/2 427/398/2 438/412/2
f 427/398/2 439/413/2 438/412/2
f 438/412/2 439/413/2 440/414/2
f 438/412/2 440/414/2 441/415/2
f 545/416/2 544/417/2 543/418/2
f 447/419/2 444/420/2 445/421/2
f 1033/420/1 1032/422/1 1031/423/1
f 1035/424/1 1037/425/1 1036/419/1
f 448/425/2 450/426/2 449/427/2
f 449/427/2 450/426/2 451/428/2
f 451/428/2 437/411/2 449/427/2
f 452/349/2 449/427/2 437/411/2
f 453/348/2 452/349/2 437/411/2
f 437/411/2 434/408/2 453/348/2
f 434/408/2 431/403/2 453/348/2
f 453/348/2 431/403/2 455/351/2
f 455/351/2 431/403/2 457/350/2
f 1055/346/1 1053/352/1 1056/345/1
f 457/350/2 431/403/2 459/429/2
f 459/429/2 431/403/2 461/430/2
f 1052/353/1 1049/431/1 1051/354/1
f 461/430/2 431/403/2 463/353/2
f 469/344/2 470/343/2 468/432/2
f 463/353/2 431/403/2 465/433/2
f 465/433/2 431/403/2 466/346/2
f 1058/344/1 1056/345/1 1057/432/1
f 466/346/2 431/403/2 469/344/2
f 469/344/2 431/403/2 471/342/2
f 459/429/2 460/431/2 458/434/2
f 471/342/2 431/403/2 473/435/2
f 474/436/2 472/341/2 473/435/2
f 474/436/2 475/437/2 472/341/2
f 473/435/2 476/438/2 474/436/2
f 473/435/2 431/403/2 476/438/2
f 474/436/2 477/439/2 475/437/2
f 475/437/2 477/439/2 478/440/2
f 475/437/2 478/440/2 479/441/2
f 1031/423/1 1030/415/1 1027/412/1
f 482/442/2 474/436/2 476/438/2
f 1115/443/1 1113/444/1 1112/445/1
f 443/422/2 444/420/2 442/423/2
f 1075/446/1 1076/447/1 1074/448/1
f 487/447/2 489/449/2 488/450/2
f 488/450/2 489/449/2 490/451/2
f 476/438/2 491/452/2 482/442/2
f 490/451/2 492/453/2 488/450/2
f 488/450/2 492/453/2 493/454/2
f 494/455/2 491/452/2 476/438/2
f 431/403/2 494/455/2 476/438/2
f 573/456/2 575/457/2 574/458/2
f 494/455/2 431/403/2 496/459/2
f 496/459/2 431/403/2 497/460/2
f 1086/460/1 1084/461/1 1088/462/1
f 498/463/2 497/460/2 431/403/2
f 492/453/2 498/463/2 493/454/2
f 498/463/2 431/403/2 493/454/2
f 498/463/2 499/462/2 497/460/2
f 498/463/2 492/453/2 500/464/2
f 500/464/2 499/462/2 498/463/2
f 488/450/2 493/454/2 501/465/2
f 501/465/2 502/466/2 488/450/2
f 503/467/2 501/465/2 493/454/2
f 502/466/2 501/465/2 504/468/2
f 504/468/2 505/469/2 502/466/2
f 502/466/2 505/469/2 506/470/2
f 448/425/2 446/424/2 447/419/2
f 508/471/2 507/472/2 509/473/2
f 509/473/2 507/472/2 510/474/2
f 510/474/2 507/472/2 511/475/2
f 512/476/2 510/474/2 511/475/2
f 1069/477/1 1068/441/1 1064/437/1
f 513/478/2 515/479/2 514/480/2
f 514/480/2 515/479/2 516/481/2
f 514/480/2 516/481/2 517/302/2
f 971/378/130 630/36/88 973/376/90
f 519/482/2 518/303/2 520/483/2
f 520/483/2 521/484/2 519/482/2
f 519/482/2 521/484/2 522/485/2
f 1112/445/1 1111/485/1 1108/482/1
f 481/486/2 483/487/2 480/477/2
f 1115/443/1 1116/488/1 1114/489/1
f 522/485/2 523/445/2 519/482/2
f 529/490/2 531/491/2 530/492/2
f 530/492/2 531/491/2 532/493/2
f 530/492/2 532/493/2 533/494/2
f 1124/495/1 1119/492/1 1123/496/1
f 534/496/2 535/495/2 536/497/2
f 536/497/2 537/498/2 534/496/2
f 534/496/2 537/498/2 538/499/2
f 1099/474/1 1102/478/1 1101/476/1
f 1130/500/1 1129/501/1 1128/502/1
f 1132/418/1 1130/500/1 1133/417/1
f 1133/417/1 1134/416/1 1132/418/1
f 545/416/2 547/503/2 546/504/2
f 546/504/2 547/503/2 548/505/2
f 546/504/2 548/505/2 549/506/2
f 438/412/2 546/504/2 549/506/2
f 549/506/2 428/399/2 438/412/2
f 428/399/2 549/506/2 550/507/2
f 550/507/2 551/508/2 428/399/2
f 428/399/2 551/508/2 552/405/2
f 431/403/2 428/399/2 552/405/2
f 1142/406/1 1141/405/1 1143/407/1
f 431/403/2 552/405/2 554/407/2
f 1144/509/1 1142/406/1 1143/407/1
f 555/509/2 431/403/2 554/407/2
f 555/509/2 556/510/2 557/511/2
f 555/509/2 557/511/2 431/403/2
f 557/511/2 556/510/2 558/512/2
f 558/512/2 535/495/2 557/511/2
f 559/513/2 431/403/2 557/511/2
f 750/112/2 749/111/2 746/113/2
f 559/513/2 533/494/2 560/514/2
f 560/514/2 561/515/2 559/513/2
f 559/513/2 562/516/2 431/403/2
f 559/513/2 561/515/2 562/516/2
f 563/517/2 431/403/2 562/516/2
f 564/518/2 565/519/2 563/517/2
f 1154/519/1 1153/518/1 1152/517/1
f 431/403/2 563/517/2 565/519/2
f 566/520/2 567/301/2 565/519/2
f 565/519/2 567/301/2 431/403/2
f 568/521/2 567/301/2 566/520/2
f 568/521/2 518/303/2 567/301/2
f 1124/495/1 1148/513/1 1122/494/1
f 569/522/2 431/403/2 567/301/2
f 569/522/2 517/302/2 570/523/2
f 570/523/2 571/524/2 569/522/2
f 569/522/2 571/524/2 572/525/2
f 569/522/2 572/525/2 431/403/2
f 1162/456/1 1161/525/1 1163/458/1
f 574/458/2 431/403/2 572/525/2
f 431/403/2 574/458/2 575/457/2
f 1164/457/1 1162/456/1 1163/458/1
f 431/403/2 575/457/2 493/454/2
f 575/457/2 576/526/2 493/454/2
f 493/454/2 576/526/2 503/467/2
f 242/527/1 577/528/1 241/529/1
f 241/529/1 577/528/1 245/530/1
f 259/531/1 577/528/1 242/527/1
f 245/530/1 577/528/1 247/532/1
f 257/533/1 577/528/1 259/531/1
f 247/532/1 577/528/1 249/247/1
f 255/534/1 577/528/1 257/533/1
f 249/247/1 577/528/1 251/250/1
f 253/535/1 577/528/1 255/534/1
f 251/250/1 577/528/1 253/535/1
f 1168/536/7 930/537/18 1167/210/18
f 932/209/12 1167/210/18 930/537/18
f 582/538/11 343/209/12 580/211/12
f 932/209/12 1171/538/11 1169/211/12
f 538/539/131 139/143/132 540/540/132
f 79/89/133 504/541/134 501/542/133
f 586/543/14 347/544/13 584/545/13
f 328/237/27 2/2/15 327/201/15
f 1176/546/16 927/547/3 1174/548/3
f 587/546/16 338/547/3 340/549/16
f 821/550/10 239/230/10 227/551/10
f 17/17/26 330/552/135 331/553/26
f 939/554/9 1181/555/24 1179/556/9
f 185/182/4 184/181/3 186/183/3
f 804/212/19 805/217/23 803/557/19
f 935/558/20 1180/559/19 1182/560/20
f 980/561/136 746/113/137 982/562/138
f 656/66/139 995/563/140 997/564/141
f 153/113/142 391/561/143 393/562/144
f 981/565/145 764/60/146 979/566/146
f 978/567/147 762/130/148 759/165/147
f 1011/568/149 653/168/150 1009/569/150
f 664/77/151 987/570/152 989/571/151
f 55/56/153 412/572/154 61/63/155
f 986/573/156 743/127/157 741/128/158
f 646/54/159 1003/574/160 1005/575/159
f 1000/576/161 707/123/162 699/116/161
f 397/573/163 150/127/164 395/577/164
f 127/87/165 401/578/166 403/579/167
f 990/578/168 733/144/169 724/85/168
f 990/578/168 720/87/170 992/579/171
f 662/75/172 991/580/173 993/581/172
f 80/90/174 419/582/175 421/583/176
f 988/584/177 741/128/158 733/144/169
f 994/585/178 715/151/179 996/586/180
f 106/116/181 409/587/182 411/576/181
f 998/587/162 715/151/179 707/123/162
f 62/64/183 412/572/154 410/588/184
f 661/74/140 993/581/172 995/563/140
f 1001/572/185 655/64/186 999/588/186
f 56/57/187 420/569/188 418/589/189
f 648/56/190 1001/572/185 1003/574/160
f 1002/590/191 699/116/161 688/101/191
f 171/60/192 392/565/193 390/566/192
f 666/79/194 985/591/195 987/570/152
f 1006/592/196 683/68/197 680/69/196
f 1009/569/150 649/57/198 1007/589/199
f 764/60/146 977/593/148 979/566/146
f 69/75/200 402/580/201 70/76/201
f 1012/594/202 673/90/203 670/81/202
f 991/580/173 664/77/151 989/571/151
f 752/157/204 1028/595/205 754/160/205
f 439/595/205 162/161/206 440/596/206
f 939/554/9 1177/597/10 940/598/10
f 350/554/9 588/597/10 590/556/9
f 540/540/132 143/599/207 542/600/207
f 347/544/13 582/538/11 584/545/13
f 652/167/208 1080/333/62 650/58/62
f 172/169/209 435/601/210 436/602/209
f 441/603/211 165/164/212 443/604/212
f 152/154/213 551/605/214 550/606/213
f 277/340/67 321/315/68 275/607/68
f 54/55/63 474/608/215 482/332/63
f 306/308/216 286/609/217 305/307/217
f 170/62/210 430/610/218 435/601/210
f 542/600/207 144/149/219 543/611/219
f 168/61/220 425/612/221 430/610/218
f 708/124/4 1157/335/8 701/117/8
f 17/17/26 332/236/9 22/22/9
f 135/139/222 537/613/223 536/614/222
f 451/615/224 173/170/225 437/616/225
f 448/617/60 179/172/226 450/618/226
f 701/117/8 1107/334/7 698/114/7
f 52/53/227 500/619/228 492/620/227
f 82/91/229 501/542/133 503/621/229
f 445/622/230 178/174/231 447/623/231
f 675/91/229 1090/542/133 672/89/133
f 293/295/229 291/624/224 298/299/232
f 141/145/233 558/625/45 556/626/233
f 543/611/219 146/148/39 545/317/39
f 147/126/234 556/626/233 553/627/234
f 478/628/235 40/38/236 479/629/236
f 151/153/237 553/627/234 551/605/214
f 676/92/238 1092/621/229 675/91/229
f 640/46/239 1074/630/240 1076/631/239
f 634/39/241 1068/629/236 1070/632/241
f 549/633/242 152/154/213 550/606/213
f 581/634/8 336/635/4 583/636/4
f 134/138/45 535/320/46 558/625/45
f 67/73/228 499/637/243 500/619/228
f 133/137/47 536/614/222 535/320/46
f 520/638/18 110/119/12 521/639/12
f 704/120/11 1110/639/12 1111/640/11
f 633/38/236 1067/628/235 1068/629/236
f 624/324/54 609/16/25 600/8/55
f 484/641/244 45/44/240 485/630/240
f 51/51/215 477/642/245 474/608/215
f 714/150/3 1155/643/4 708/124/4
f 272/186/6 318/314/28 274/238/28
f 723/86/19 1149/644/23 719/133/23
f 21/21/32 332/236/9 333/339/32
f 901/227/246 853/645/247 899/226/247
f 490/646/248 52/53/227 492/620/227
f 513/647/249 102/108/250 515/648/250
f 104/110/251 570/649/51 517/650/251
f 512/651/252 100/106/249 513/647/249
f 59/167/208 491/333/62 495/652/208
f 309/311/253 261/653/254 308/310/254
f 531/654/24 129/135/20 532/655/20
f 479/629/236 41/39/241 481/632/241
f 276/240/29 322/316/67 277/340/67
f 511/656/253 98/40/252 512/651/252
f 91/97/255 573/657/256 571/658/255
f 304/221/257 263/659/253 309/311/253
f 92/98/51 571/658/255 570/649/51
f 20/20/135 329/337/14 330/552/135
f 6/6/18 32/325/56 323/328/18
f 506/660/217 93/99/258 507/661/258
f 83/92/238 503/621/229 576/662/259
f 299/300/134 285/663/209 296/219/209
f 516/664/260 104/110/251 517/650/251
f 487/631/239 49/48/261 489/665/261
f 645/53/227 1079/646/248 1081/620/227
f 869/323/51 890/304/230 870/666/262
f 121/150/3 566/643/4 564/667/3
f 264/645/247 312/227/246 310/226/247
f 125/132/16 564/667/3 561/668/16
f 691/40/252 1100/656/253 1101/651/252
f 126/133/23 561/668/16 560/644/23
f 525/669/14 118/102/10 527/670/10
f 130/86/19 560/644/23 533/671/19
f 910/315/68 862/672/263 908/255/38
f 906/256/37 858/673/264 904/312/264
f 755/161/206 1028/595/205 1029/596/206
f 908/255/38 860/254/37 906/256/37
f 507/661/258 97/42/253 511/656/253
f 847/674/265 844/252/265 845/253/265
f 529/675/9 128/134/24 531/654/24
f 702/118/18 1107/334/7 1109/638/18
f 721/134/24 1118/675/9 1120/654/24
f 820/235/13 228/231/13 822/233/13
f 522/640/11 113/122/13 524/676/13
f 295/297/256 279/677/266 283/678/256
f 518/334/7 109/118/18 520/638/18
f 129/135/20 533/671/19 532/655/20
f 307/309/218 262/679/257 304/221/257
f 859/184/5 905/185/6 903/244/5
f 305/307/217 287/680/220 307/309/218
f 1181/555/24 935/558/20 1182/560/20
f 308/310/254 264/645/247 310/226/247
f 823/232/7 231/681/7 825/682/7
f 515/648/250 103/109/260 516/664/260
f 86/67/256 576/662/259 573/657/256
f 233/683/4 232/682/4 234/684/4
f 887/299/232 878/685/267 880/624/224
f 489/665/261 50/49/268 490/646/248
f 160/158/254 427/686/204 424/687/254
f 298/299/232 289/685/267 297/298/267
f 301/304/230 280/323/51 281/666/262
f 302/305/266 281/666/262 279/677/266
f 722/135/20 1122/671/19 723/86/19
f 596/1/2 594/3/2 595/2/2
f 595/2/2 594/3/2 597/4/2
f 594/3/2 598/5/2 597/4/2
f 598/5/2 599/6/2 597/4/2
f 601/9/2 600/8/2 597/4/2
f 603/12/2 602/10/2 601/9/2
f 605/13/2 604/11/2 602/10/2
f 606/14/2 600/8/2 604/11/2
f 607/15/2 606/14/2 604/11/2
f 609/16/2 608/7/2 600/8/2
f 610/17/2 595/2/2 608/7/2
f 611/18/2 595/2/2 610/17/2
f 612/19/2 595/2/2 611/18/2
f 613/20/2 611/18/2 610/17/2
f 614/21/2 610/17/2 608/7/2
f 615/22/2 610/17/2 614/21/2
f 616/23/2 614/21/2 608/7/2
f 619/24/1 617/26/1 618/25/1
f 617/26/1 620/27/1 618/25/1
f 621/28/1 620/27/1 617/26/1
f 622/29/1 620/27/1 621/28/1
f 30/31/2 28/28/2 31/59/2
f 179/172/1 76/83/1 174/171/1
f 629/33/2 627/35/2 628/34/2
f 630/36/2 628/34/2 627/35/2
f 627/35/2 631/37/2 630/36/2
f 42/52/1 38/37/1 39/50/1
f 631/37/2 633/38/2 630/36/2
f 630/36/2 633/38/2 634/39/2
f 43/43/1 41/39/1 37/36/1
f 96/41/1 93/99/1 94/100/1
f 639/45/2 638/44/2 640/46/2
f 639/45/2 640/46/2 641/47/2
f 641/47/2 640/46/2 642/48/2
f 641/47/2 642/48/2 643/49/2
f 632/50/2 635/52/2 644/51/2
f 645/53/2 641/47/2 643/49/2
f 646/54/2 644/51/2 635/52/2
f 646/54/2 647/55/2 644/51/2
f 648/56/2 646/54/2 635/52/2
f 649/57/2 647/55/2 646/54/2
f 649/57/2 650/58/2 647/55/2
f 55/56/1 58/65/1 42/52/1
f 166/165/1 168/61/1 169/130/1
f 654/63/2 651/65/2 655/64/2
f 655/64/2 651/65/2 656/66/2
f 59/167/1 64/71/1 60/168/1
f 651/65/2 658/70/2 656/66/2
f 657/71/2 660/73/2 659/72/2
f 661/74/2 656/66/2 658/70/2
f 645/53/2 660/73/2 657/71/2
f 662/75/2 661/74/2 658/70/2
f 662/75/2 658/70/2 663/76/2
f 664/77/2 663/76/2 658/70/2
f 658/70/2 665/78/2 664/77/2
f 666/79/2 664/77/2 665/78/2
f 666/79/2 665/78/2 667/80/2
f 75/84/1 72/78/1 74/80/1
f 670/81/2 645/53/2 657/71/2
f 671/82/2 668/84/2 669/83/2
f 77/81/1 79/89/1 80/90/1
f 752/157/2 742/152/2 749/111/2
f 673/90/2 675/91/2 672/89/2
f 675/91/2 673/90/2 676/92/2
f 673/90/2 677/93/2 676/92/2
f 678/94/2 674/88/2 672/89/2
f 86/67/1 84/93/1 83/92/1
f 674/88/2 678/94/2 681/95/2
f 682/96/2 674/88/2 681/95/2
f 740/126/2 733/144/2 741/128/2
f 683/68/2 685/98/2 684/97/2
f 674/88/2 682/96/2 686/99/2
f 687/100/2 674/88/2 686/99/2
f 683/68/2 688/101/2 685/98/2
f 142/146/1 139/143/1 138/142/1
f 96/41/1 98/40/1 97/42/1
f 692/105/2 691/40/2 693/106/2
f 692/105/2 693/106/2 694/107/2
f 694/107/2 693/106/2 695/108/2
f 694/107/2 695/108/2 696/109/2
f 685/98/2 688/101/2 697/110/2
f 697/110/2 694/107/2 696/109/2
f 672/89/2 670/81/2 673/90/2
f 81/88/1 52/53/1 48/47/1
f 699/116/2 701/117/2 698/114/2
f 702/118/2 700/115/2 698/114/2
f 700/115/2 702/118/2 703/119/2
f 704/120/2 700/115/2 703/119/2
f 705/121/2 700/115/2 704/120/2
f 705/121/2 704/120/2 706/122/2
f 707/123/2 701/117/2 699/116/2
f 707/123/2 708/124/2 701/117/2
f 116/103/1 113/122/1 112/121/1
f 735/146/2 737/149/2 738/147/2
f 712/104/2 711/102/2 713/125/2
f 114/123/1 121/150/1 122/151/1
f 712/104/2 713/125/2 716/129/2
f 121/150/1 124/131/1 122/151/1
f 717/131/2 719/133/2 718/132/2
f 717/131/2 720/87/2 719/133/2
f 716/129/2 713/125/2 721/134/2
f 716/129/2 721/134/2 722/135/2
f 719/133/2 720/87/2 723/86/2
f 723/86/2 716/129/2 722/135/2
f 130/86/1 131/85/1 127/87/1
f 105/114/1 101/107/1 107/115/1
f 724/85/2 727/138/2 726/137/2
f 725/136/2 726/137/2 728/139/2
f 725/136/2 728/139/2 729/140/2
f 730/141/2 725/136/2 729/140/2
f 731/142/2 725/136/2 730/141/2
f 731/142/2 730/141/2 732/143/2
f 733/144/2 727/138/2 724/85/2
f 733/144/2 734/145/2 727/138/2
f 706/122/2 709/103/2 705/121/2
f 144/149/1 142/146/1 145/147/1
f 738/147/2 737/149/2 739/148/2
f 140/144/1 147/126/1 148/128/1
f 738/147/2 739/148/2 742/152/2
f 677/93/2 679/67/2 676/92/2
f 743/127/2 745/154/2 744/153/2
f 743/127/2 746/113/2 745/154/2
f 742/152/2 739/148/2 747/155/2
f 748/156/2 742/152/2 747/155/2
f 745/154/2 746/113/2 749/111/2
f 749/111/2 742/152/2 748/156/2
f 95/101/1 105/114/1 106/116/1
f 159/157/1 149/152/1 158/159/1
f 750/112/2 753/158/2 752/157/2
f 751/159/2 752/157/2 754/160/2
f 751/159/2 754/160/2 755/161/2
f 756/162/2 751/159/2 755/161/2
f 757/163/2 751/159/2 756/162/2
f 758/164/2 757/163/2 756/162/2
f 759/165/2 753/158/2 750/112/2
f 759/165/2 760/166/2 753/158/2
f 714/150/2 707/123/2 715/151/2
f 56/57/1 59/167/1 60/168/1
f 763/62/2 764/60/2 765/169/2
f 764/60/2 671/82/2 765/169/2
f 765/169/2 671/82/2 766/170/2
f 671/82/2 669/83/2 766/170/2
f 766/170/2 669/83/2 767/171/2
f 175/176/1 165/164/1 164/163/1
f 635/52/2 631/37/2 627/35/2
f 771/174/2 768/176/2 770/175/2
f 768/176/2 771/174/2 773/177/2
f 769/173/2 773/177/2 772/172/2
f 774/178/2 768/176/2 773/177/2
f 774/178/2 773/177/2 769/173/2
f 774/178/2 769/173/2 775/179/2
f 769/173/2 776/180/2 775/179/2
f 815/688/82 963/373/85 961/367/82
f 540/501/2 541/500/2 539/502/2
f 591/559/19 342/689/23 344/690/19
f 188/188/8 187/331/4 185/182/4
f 1180/559/19 931/689/23 1178/691/23
f 192/692/18 191/187/7 190/329/7
f 195/196/12 192/692/18 194/195/12
f 211/212/19 208/213/20 210/557/19
f 800/693/24 801/213/20 799/694/24
f 269/673/264 317/256/37 315/312/264
f 327/201/15 3/1/11 326/202/11
f 788/196/12 785/692/18 786/695/18
f 207/693/24 204/193/9 206/694/24
f 208/213/20 207/693/24 206/694/24
f 254/249/35 255/252/35 256/253/35
f 212/217/23 211/212/19 210/557/19
f 198/197/13 197/194/11 196/198/11
f 588/597/10 349/696/14 586/543/14
f 901/227/2 902/313/2 904/312/2
f 9/10/1 7/8/1 11/11/1
f 487/447/2 486/446/2 485/448/2
f 236/697/16 234/684/16 235/698/16
f 248/246/33 249/247/33 250/248/33
f 231/681/7 230/232/7 232/682/7
f 643/49/268 1078/665/261 1079/646/248
f 613/20/135 918/337/14 611/18/14
f 238/699/19 235/698/19 237/229/19
f 645/53/227 1089/619/228 660/73/228
f 868/677/266 884/297/256 872/678/256
f 203/192/10 200/700/14 202/191/10
f 244/207/17 245/206/17 246/208/17
f 215/204/16 212/217/23 214/205/16
f 848/701/269 847/674/269 849/702/269
f 904/312/264 855/703/246 901/227/246
f 832/704/270 848/701/270 849/702/270
f 201/199/14 198/197/13 200/700/14
f 258/674/265 255/252/265 257/705/265
f 260/702/269 257/705/269 259/701/269
f 246/208/32 247/245/32 248/246/32
f 839/248/1 837/222/1 841/251/1
f 758/164/2 768/176/2 757/163/2
f 843/258/1 841/251/1 845/223/1
f 835/259/1 833/224/1 837/222/1
f 849/260/1 845/223/1 833/224/1
f 847/261/1 845/223/1 849/260/1
f 832/262/1 849/260/1 833/224/1
f 852/263/1 850/265/1 851/264/1
f 850/265/1 853/266/1 851/264/1
f 629/33/271 969/706/127 819/393/127
f 265/267/2 262/264/2 278/268/2
f 858/273/1 857/271/1 855/270/1
f 858/273/1 860/274/1 857/271/1
f 859/272/1 857/271/1 861/275/1
f 860/274/1 862/276/1 857/271/1
f 863/277/1 861/275/1 857/271/1
f 862/276/1 864/278/1 857/271/1
f 865/279/1 863/277/1 857/271/1
f 864/278/1 866/280/1 857/271/1
f 866/280/1 865/279/1 857/271/1
f 868/281/1 867/268/1 854/267/1
f 869/282/1 868/281/1 854/267/1
f 870/283/1 868/281/1 869/282/1
f 871/284/1 867/268/1 868/281/1
f 872/285/1 871/284/1 868/281/1
f 873/286/1 867/268/1 871/284/1
f 874/287/1 851/264/1 867/268/1
f 875/288/1 851/264/1 874/287/1
f 876/289/1 851/264/1 875/288/1
f 877/290/1 875/288/1 874/287/1
f 878/291/1 874/287/1 867/268/1
f 879/292/1 874/287/1 878/291/1
f 880/293/1 878/291/1 867/268/1
f 883/294/2 881/296/2 882/295/2
f 881/296/2 884/297/2 882/295/2
f 882/295/2 884/297/2 885/219/2
f 886/298/2 882/295/2 885/219/2
f 887/299/2 882/295/2 886/298/2
f 888/300/2 886/298/2 885/219/2
f 300/220/1 296/219/1 304/221/1
f 890/304/2 889/220/2 884/297/2
f 891/305/2 890/304/2 884/297/2
f 892/306/2 889/220/2 890/304/2
f 894/307/2 885/219/2 893/221/2
f 895/308/2 885/219/2 894/307/2
f 896/309/2 894/307/2 893/221/2
f 897/310/2 893/221/2 889/220/2
f 898/311/2 893/221/2 897/310/2
f 899/226/2 897/310/2 889/220/2
f 267/269/2 264/266/2 265/267/2
f 313/313/1 311/225/1 312/227/1
f 900/225/2 903/244/2 902/313/2
f 903/244/2 905/185/2 902/313/2
f 906/256/2 904/312/2 902/313/2
f 905/185/2 907/314/2 902/313/2
f 908/255/2 906/256/2 902/313/2
f 907/314/2 909/239/2 902/313/2
f 910/315/2 908/255/2 902/313/2
f 909/239/2 911/316/2 902/313/2
f 911/316/2 910/315/2 902/313/2
f 443/604/212 177/175/262 445/622/230
f 607/15/272 621/707/273 606/14/274
f 16/16/25 335/234/20 33/708/25
f 31/324/275 13/14/276 7/8/55
f 440/596/206 163/162/211 441/603/211
f 28/707/277 14/15/58 13/14/278
f 24/319/279 9/10/280 26/709/281
f 334/338/65 21/21/32 333/339/32
f 610/17/26 919/552/135 613/20/135
f 592/555/24 346/558/20 348/710/24
f 325/215/22 5/5/21 324/216/21
f 447/623/231 180/177/60 448/617/60
f 796/192/10 793/700/14 794/199/14
f 243/242/30 241/241/30 244/207/30
f 240/228/24 828/229/24 238/699/24
f 596/1/11 914/215/22 594/3/22
f 745/154/213 1138/633/242 1139/606/213
f 863/238/28 909/239/29 907/314/28
f 672/89/133 1093/541/134 678/94/134
f 800/693/24 797/193/9 798/190/9
f 15/7/20 334/338/65 335/234/20
f 872/678/256 881/296/60 871/711/60
f 31/324/275 16/16/25 33/708/25
f 1046/350/1 1043/347/1 1045/712/1
f 459/429/2 456/712/2 457/350/2
f 1048/429/1 1045/712/1 1047/434/1
f 463/353/2 464/352/2 462/354/2
f 362/383/112 216/377/92 360/357/92
f 692/105/282 964/356/110 966/374/282
f 813/713/78 959/368/81 957/364/78
f 385/370/84 46/45/283 387/381/283
f 221/366/120 368/364/284 370/368/120
f 381/382/285 81/88/83 383/369/83
f 374/373/100 222/688/119 372/367/119
f 738/147/286 948/714/287 735/146/287
f 158/159/126 355/391/288 353/392/126
f 226/393/289 378/394/290 380/706/289
f 36/33/95 380/706/289 382/378/93
f 971/378/130 629/33/271 628/34/291
f 37/36/292 382/378/93 384/376/293
f 386/375/294 37/36/292 384/376/293
f 387/381/283 43/43/294 386/375/294
f 132/136/295 365/388/296 363/380/295
f 689/41/107 966/374/282 968/715/107
f 368/364/284 219/363/114 366/361/114
f 377/374/87 96/41/297 379/715/297
f 225/384/290 376/372/99 378/394/290
f 636/43/89 976/381/104 975/375/89
f 810/386/108 953/362/76 951/383/108
f 742/152/124 946/716/286 738/147/286
f 119/104/298 369/365/79 367/387/298
f 96/41/297 381/382/285 379/715/297
f 371/359/80 107/115/69 373/355/69
f 138/142/299 363/380/295 361/717/299
f 359/714/300 138/142/299 361/717/299
f 145/147/301 359/714/300 357/716/301
f 149/152/288 357/716/301 355/391/288
f 123/129/296 367/387/298 365/388/296
f 768/176/118 941/390/125 757/163/125
f 735/146/287 950/717/101 731/142/101
f 181/178/97 354/389/121 356/379/98
f 776/180/71 947/358/73 775/179/302
f 1015/395/1 1013/397/1 1014/396/1
f 1013/397/1 1015/395/1 1016/398/1
f 1017/399/1 1016/398/1 1015/395/1
f 1018/400/1 1015/395/1 1014/396/1
f 553/406/2 555/509/2 554/407/2
f 1020/403/1 1015/395/1 1018/400/1
f 1017/399/1 1015/395/1 1020/403/1
f 1020/403/1 1018/400/1 1021/402/1
f 1020/403/1 1021/402/1 1022/404/1
f 430/401/2 433/404/2 435/409/2
f 1022/404/1 1023/408/1 1020/403/1
f 1022/404/1 1024/409/1 1023/408/1
f 1024/409/1 1025/410/1 1023/408/1
f 1023/408/1 1025/410/1 1026/411/1
f 1017/399/1 1027/412/1 1016/398/1
f 1016/398/1 1027/412/1 1028/413/1
f 1027/412/1 1029/414/1 1028/413/1
f 1027/412/1 1030/415/1 1029/414/1
f 441/415/2 442/423/2 438/412/2
f 1036/419/1 1033/420/1 1035/424/1
f 541/500/2 543/418/2 544/417/2
f 1037/425/1 1038/427/1 1039/426/1
f 1038/427/1 1040/428/1 1039/426/1
f 1040/428/1 1038/427/1 1026/411/1
f 1041/349/1 1026/411/1 1038/427/1
f 1042/348/1 1026/411/1 1041/349/1
f 1026/411/1 1042/348/1 1023/408/1
f 1023/408/1 1042/348/1 1020/403/1
f 1042/348/1 1044/351/1 1020/403/1
f 1044/351/1 1046/350/1 1020/403/1
f 471/342/2 472/341/2 470/343/2
f 1046/350/1 1048/429/1 1020/403/1
f 1048/429/1 1050/430/1 1020/403/1
f 1050/430/1 1052/353/1 1020/403/1
f 1059/343/1 1058/344/1 1057/432/1
f 1052/353/1 1054/433/1 1020/403/1
f 1054/433/1 1055/346/1 1020/403/1
f 466/346/2 464/352/2 465/433/2
f 463/353/2 460/431/2 461/430/2
f 1055/346/1 1058/344/1 1020/403/1
f 1058/344/1 1060/342/1 1020/403/1
f 1049/431/1 1048/429/1 1047/434/1
f 1060/342/1 1062/435/1 1020/403/1
f 1063/436/1 1062/435/1 1061/341/1
f 1063/436/1 1061/341/1 1064/437/1
f 1062/435/1 1063/436/1 1065/438/1
f 1062/435/1 1065/438/1 1020/403/1
f 1063/436/1 1064/437/1 1066/439/1
f 1064/437/1 1067/440/1 1066/439/1
f 1064/437/1 1068/441/1 1067/440/1
f 479/441/2 480/477/2 475/437/2
f 1071/442/1 1065/438/1 1063/436/1
f 527/488/2 526/443/2 525/489/2
f 483/487/2 485/448/2 486/446/2
f 1128/502/1 1127/499/1 1123/496/1
f 1076/447/1 1077/450/1 1078/449/1
f 1077/450/1 1079/451/1 1078/449/1
f 1065/438/1 1071/442/1 1080/452/1
f 1079/451/1 1077/450/1 1081/453/1
f 1077/450/1 1082/454/1 1081/453/1
f 1083/455/1 1065/438/1 1080/452/1
f 1020/403/1 1065/438/1 1083/455/1
f 495/461/2 494/455/2 496/459/2
f 1083/455/1 1085/459/1 1020/403/1
f 1085/459/1 1086/460/1 1020/403/1
f 430/401/2 429/400/2 432/402/2
f 1087/463/1 1020/403/1 1086/460/1
f 1081/453/1 1082/454/1 1087/463/1
f 1087/463/1 1082/454/1 1020/403/1
f 1087/463/1 1086/460/1 1088/462/1
f 1087/463/1 1089/464/1 1081/453/1
f 1089/464/1 1087/463/1 1088/462/1
f 1077/450/1 1090/465/1 1082/454/1
f 1090/465/1 1077/450/1 1091/466/1
f 1092/467/1 1082/454/1 1090/465/1
f 1091/466/1 1093/468/1 1090/465/1
f 1093/468/1 1091/466/1 1094/469/1
f 1091/466/1 1095/470/1 1094/469/1
f 508/471/2 506/470/2 507/472/2
f 1097/471/1 1098/473/1 1096/472/1
f 1098/473/1 1099/474/1 1096/472/1
f 1099/474/1 1100/475/1 1096/472/1
f 1101/476/1 1100/475/1 1099/474/1
f 513/478/2 510/474/2 512/476/2
f 1102/478/1 1103/480/1 1104/479/1
f 1103/480/1 1105/481/1 1104/479/1
f 1103/480/1 1106/302/1 1105/481/1
f 518/303/2 514/480/2 517/302/2
f 1108/482/1 1109/483/1 1107/303/1
f 1109/483/1 1108/482/1 1110/484/1
f 1108/482/1 1111/485/1 1110/484/1
f 1097/471/1 1095/470/1 1091/466/1
f 1072/487/1 1070/486/1 1069/477/1
f 1074/448/1 1072/487/1 1075/446/1
f 529/490/2 528/718/2 527/488/2
f 1118/490/1 1119/492/1 1120/491/1
f 1119/492/1 1121/493/1 1120/491/1
f 1119/492/1 1122/494/1 1121/493/1
f 1103/480/1 1107/303/1 1106/302/1
f 1123/496/1 1125/497/1 1124/495/1
f 1125/497/1 1123/496/1 1126/498/1
f 1123/496/1 1127/499/1 1126/498/1
f 538/499/2 539/502/2 534/496/2
f 526/443/2 524/444/2 525/489/2
f 1083/455/1 1084/461/1 1085/459/1
f 1117/718/1 1118/490/1 1116/488/1
f 1134/416/1 1135/504/1 1136/503/1
f 1135/504/1 1137/505/1 1136/503/1
f 1135/504/1 1138/506/1 1137/505/1
f 1027/412/1 1138/506/1 1135/504/1
f 1138/506/1 1027/412/1 1017/399/1
f 1017/399/1 1139/507/1 1138/506/1
f 1139/507/1 1017/399/1 1140/508/1
f 1017/399/1 1141/405/1 1140/508/1
f 1020/403/1 1141/405/1 1017/399/1
f 1153/518/1 1151/516/1 1152/517/1
f 1020/403/1 1143/407/1 1141/405/1
f 657/71/2 652/167/2 653/168/2
f 1144/509/1 1143/407/1 1020/403/1
f 1144/509/1 1146/511/1 1145/510/1
f 1144/509/1 1020/403/1 1146/511/1
f 1146/511/1 1147/512/1 1145/510/1
f 1147/512/1 1146/511/1 1124/495/1
f 1148/513/1 1146/511/1 1020/403/1
f 559/513/2 535/495/2 533/494/2
f 1148/513/1 1149/514/1 1122/494/1
f 1149/514/1 1148/513/1 1150/515/1
f 1148/513/1 1020/403/1 1151/516/1
f 1148/513/1 1151/516/1 1150/515/1
f 1152/517/1 1151/516/1 1020/403/1
f 562/516/2 564/518/2 563/517/2
f 495/461/2 497/460/2 499/462/2
f 1020/403/1 1154/519/1 1152/517/1
f 1155/520/1 1154/519/1 1156/301/1
f 1154/519/1 1020/403/1 1156/301/1
f 1157/521/1 1155/520/1 1156/301/1
f 1157/521/1 1156/301/1 1107/303/1
f 517/302/2 567/301/2 518/303/2
f 1158/522/1 1156/301/1 1020/403/1
f 1158/522/1 1159/523/1 1106/302/1
f 1159/523/1 1158/522/1 1160/524/1
f 1158/522/1 1161/525/1 1160/524/1
f 1158/522/1 1020/403/1 1161/525/1
f 1022/404/1 1019/401/1 1024/409/1
f 1163/458/1 1161/525/1 1020/403/1
f 1020/403/1 1164/457/1 1163/458/1
f 572/525/2 573/456/2 574/458/2
f 1020/403/1 1082/454/1 1164/457/1
f 1164/457/1 1082/454/1 1165/526/1
f 1082/454/1 1092/467/1 1165/526/1
f 831/527/2 830/529/2 1166/528/2
f 830/529/2 834/530/2 1166/528/2
f 848/531/2 831/527/2 1166/528/2
f 834/530/2 836/532/2 1166/528/2
f 846/533/2 848/531/2 1166/528/2
f 836/532/2 838/247/2 1166/528/2
f 844/534/2 846/533/2 1166/528/2
f 838/247/2 840/250/2 1166/528/2
f 842/535/2 844/534/2 1166/528/2
f 840/250/2 842/535/2 1166/528/2
f 1170/634/8 928/719/7 1168/536/7
f 579/536/7 341/537/18 339/719/7
f 581/634/8 339/719/7 337/720/8
f 30/321/66 10/12/303 24/319/304
f 739/148/39 1132/611/219 1134/317/39
f 766/170/225 1025/602/209 765/169/209
f 936/544/13 1175/543/14 1173/545/13
f 585/548/3 336/635/4 338/547/3
f 938/696/14 1177/597/10 1175/543/14
f 1174/548/3 925/635/4 1172/636/4
f 829/230/10 821/550/10 820/551/10
f 599/6/18 625/325/56 597/4/56
f 592/555/24 350/554/9 590/556/9
f 784/187/7 785/692/18 783/329/7
f 591/559/19 346/558/20 593/560/20
f 5/5/21 323/328/18 324/216/21
f 667/80/195 983/721/305 985/591/195
f 535/495/2 530/492/2 533/494/2
f 389/567/306 169/130/307 388/593/307
f 1008/582/308 673/90/203 1010/583/309
f 391/561/143 166/165/306 389/567/306
f 395/577/164 153/113/142 393/562/144
f 1008/582/308 680/69/196 677/93/308
f 78/82/193 394/721/310 392/565/193
f 409/587/182 122/151/311 407/586/312
f 75/84/310 396/591/313 394/721/310
f 984/577/157 746/113/137 743/127/157
f 73/79/314 396/591/313 74/80/313
f 399/584/315 148/128/316 397/573/163
f 71/77/317 398/570/318 73/79/314
f 401/578/166 140/144/319 399/584/315
f 71/77/317 402/580/201 400/571/317
f 994/585/178 720/87/170 717/131/178
f 415/722/320 95/101/321 413/590/321
f 405/585/322 127/87/165 403/579/167
f 68/74/323 404/581/200 69/75/200
f 983/721/305 671/82/145 981/565/145
f 63/66/324 406/563/323 68/74/323
f 423/594/325 80/90/174 421/583/176
f 62/64/183 408/564/326 63/66/324
f 978/567/147 750/112/136 980/561/136
f 649/57/198 1005/575/159 1007/589/199
f 1004/722/327 688/101/191 683/68/197
f 670/81/202 1011/568/149 1012/594/202
f 413/590/321 106/116/181 411/576/181
f 53/54/328 414/574/329 55/56/153
f 417/592/330 90/68/331 415/722/320
f 56/57/187 416/575/328 53/54/328
f 419/582/175 87/69/330 417/592/330
f 999/588/186 656/66/139 997/564/141
f 171/60/192 388/593/307 169/130/307
f 60/168/188 422/568/332 420/569/188
f 122/151/311 405/585/322 407/586/312
f 77/81/325 422/568/332 64/71/332
f 294/294/61 278/723/229 293/295/229
f 604/11/57 618/724/333 620/326/57
f 767/171/232 1039/618/226 1040/615/224
f 607/15/272 620/326/57 622/327/59
f 870/666/262 891/305/266 868/677/266
f 936/544/13 1171/538/11 934/725/11
f 749/111/242 1137/336/64 1138/633/242
f 744/153/237 1142/627/234 740/126/234
f 854/322/52 892/306/51 869/323/51
f 722/135/20 1120/654/24 1121/655/20
f 770/175/262 1032/604/212 1034/622/230
f 761/61/220 1014/612/221 760/166/221
f 896/309/218 851/679/257 876/680/220
f 763/62/210 1019/610/218 761/61/220
f 773/177/60 1036/623/231 1037/617/60
f 734/145/233 1147/625/45 727/138/45
f 521/639/12 111/120/11 522/640/11
f 681/95/334 1093/541/134 1094/726/335
f 756/162/211 1029/596/206 1030/603/211
f 167/166/221 424/687/254 425/612/221
f 772/172/226 1037/617/60 1039/618/226
f 760/166/221 1013/687/254 753/158/254
f 881/296/60 873/330/61 871/711/60
f 587/546/16 342/689/23 589/691/23
f 736/599/207 1129/540/132 1131/600/207
f 614/21/32 921/236/9 615/22/9
f 737/149/219 1131/600/207 1132/611/219
f 766/170/225 1040/615/224 1026/616/225
f 771/174/231 1034/622/230 1036/623/231
f 740/126/234 1145/626/233 734/145/233
f 747/155/40 1134/317/39 1136/318/41
f 765/169/209 1024/601/210 763/62/210
f 159/157/204 439/595/205 427/686/204
f 25/724/333 11/11/57 27/326/57
f 732/143/132 1127/539/131 1129/540/132
f 753/158/254 1016/686/204 752/157/204
f 748/156/64 1136/318/41 1137/336/64
f 477/642/245 38/37/235 478/628/235
f 897/310/254 853/645/247 850/653/336
f 647/55/63 1063/608/215 644/51/215
f 865/240/29 911/316/67 909/239/29
f 718/132/16 1153/667/3 714/150/3
f 485/630/240 47/46/239 487/631/239
f 481/632/241 44/727/244 484/641/244
f 297/298/267 290/728/134 299/300/134
f 637/727/244 1070/632/241 1073/641/244
f 931/689/23 1176/546/16 1178/691/23
f 605/13/333 619/709/281 618/724/333
f 631/37/235 1066/642/245 1067/628/235
f 644/51/215 1066/642/245 632/50/245
f 66/72/243 495/652/208 499/637/243
f 236/697/16 826/684/16 233/683/16
f 730/141/131 1126/613/223 1127/539/131
f 659/72/243 1084/652/208 652/167/208
f 696/109/260 1104/648/250 1105/664/260
f 825/682/4 233/683/4 826/684/4
f 711/102/10 1114/669/14 1116/670/10
f 650/58/62 1071/332/63 647/55/63
f 885/219/209 877/729/216 874/663/209
f 524/676/13 117/730/14 525/669/14
f 527/670/10 120/125/9 529/675/9
f 537/613/223 137/141/131 538/539/131
f 693/106/249 1101/651/252 1102/647/249
f 292/296/60 283/678/256 282/711/60
f 115/124/4 568/335/8 566/643/4
f 173/170/225 436/602/209 437/616/225
f 706/122/13 1111/640/11 1113/676/13
f 679/67/256 1165/662/259 676/92/238
f 690/42/253 1096/661/258 1100/656/253
f 697/110/251 1105/664/260 1106/650/251
f 296/219/209 288/729/216 306/308/216
f 697/110/251 1159/649/51 685/98/51
f 682/96/217 1094/726/335 1095/660/217
f 26/709/281 12/13/333 25/724/333
f 703/119/12 1109/638/18 1110/639/12
f 684/97/255 1162/657/256 679/67/256
f 710/730/14 1113/676/13 1114/669/14
f 548/336/64 156/111/242 549/633/242
f 695/108/250 1102/647/249 1104/648/250
f 504/541/134 88/95/334 505/726/335
f 266/703/246 315/312/264 312/227/246
f 608/7/20 923/338/65 616/23/65
f 642/48/261 1076/631/239 1078/665/261
f 840/250/36 839/248/36 841/251/36
f 660/73/228 1088/637/243 659/72/243
f 273/672/263 321/315/68 319/255/38
f 505/726/335 89/96/217 506/660/217
f 745/154/213 1140/605/214 744/153/237
f 882/295/229 880/624/224 867/723/229
f 719/133/23 1150/668/16 718/132/16
f 898/311/253 850/653/336 852/659/253
f 728/139/222 1126/613/223 729/140/223
f 893/221/257 852/659/253 851/679/257
f 758/164/212 1030/603/211 1032/604/212
f 638/44/240 1073/641/244 1074/630/240
f 243/704/270 259/701/270 242/731/270
f 894/307/217 876/680/220 875/609/217
f 267/243/31 314/244/5 270/184/5
f 895/308/216 875/609/217 877/729/216
f 265/322/52 311/225/31 267/243/31
f 713/125/9 1116/670/10 1118/675/9
f 861/186/6 907/314/28 905/185/6
f 888/300/134 874/663/209 879/728/134
f 686/99/258 1095/660/217 1096/661/258
f 726/137/47 1125/614/222 728/139/222
f 925/635/4 1170/634/8 1172/636/4
f 685/98/51 1160/658/255 684/97/255
f 450/618/226 174/171/232 451/615/224
f 886/298/267 879/728/134 878/685/267
f 238/699/19 827/698/19 236/697/19
f 883/294/61 867/723/229 873/330/61
f 608/7/2 595/2/2 597/4/2
f 600/8/2 601/9/2 602/10/2
f 626/30/1 624/59/1 623/31/1
f 691/40/2 692/105/2 689/41/2
f 636/43/2 637/727/2 638/44/2
f 33/30/2 32/32/2 30/31/2
f 171/60/1 169/130/1 168/61/1
f 86/67/1 91/97/1 90/68/1
f 651/65/2 654/63/2 648/56/2
f 724/85/2 726/137/2 723/86/2
f 674/88/2 641/47/2 645/53/2
f 15/7/1 7/8/1 4/4/1
f 683/68/2 684/97/2 679/67/2
f 686/99/2 690/42/2 689/41/2
f 118/102/1 117/730/1 116/103/1
f 156/111/1 159/157/1 157/112/1
f 694/107/2 697/110/2 698/114/2
f 634/39/2 637/727/2 636/43/2
f 709/103/2 710/730/2 711/102/2
f 147/126/1 151/153/1 150/127/1
f 764/60/2 763/62/2 761/61/2
f 725/136/2 716/129/2 723/86/2
f 732/143/2 736/599/2 735/146/2
f 665/78/2 669/83/2 668/84/2
f 717/131/2 718/132/2 714/150/2
f 743/127/2 744/153/2 740/126/2
f 698/114/2 697/110/2 688/101/2
f 761/61/2 760/166/2 759/165/2
f 652/167/2 650/58/2 649/57/2
f 45/44/1 44/727/1 43/43/1
f 772/172/2 767/171/2 669/83/2
f 777/181/3 780/331/4 778/182/4
f 270/184/5 314/244/5 316/185/6
f 784/187/7 783/329/7 781/188/8
f 798/190/9 797/193/9 795/191/10
f 205/190/9 203/192/10 202/191/10
f 790/194/11 789/198/11 787/195/12
f 790/194/11 792/200/13 791/197/13
f 794/199/14 793/700/14 791/197/13
f 596/1/11 595/2/15 916/201/15
f 186/203/3 184/732/3 215/204/16
f 834/206/17 830/241/17 833/207/17
f 343/209/12 341/537/18 578/210/18
f 804/212/19 803/557/19 801/213/20
f 598/5/21 594/3/22 914/215/22
f 808/204/16 807/205/16 805/217/23
f 808/204/16 777/732/3 779/203/3
f 130/86/1 123/129/1 132/136/1
f 885/219/2 884/297/2 889/220/2
f 248/222/2 252/251/2 256/223/2
f 311/225/1 300/220/1 310/226/1
f 240/228/24 238/699/24 237/229/24
f 228/231/12 824/733/12 823/232/12
f 230/232/12 824/733/12 228/231/12
f 609/16/25 626/708/25 924/234/20
f 228/231/13 821/734/13 227/235/13
f 921/236/9 920/553/26 610/17/26
f 611/18/14 918/337/14 917/237/27
f 274/238/28 318/314/28 320/239/29
f 830/241/30 831/735/30 832/242/30
f 856/243/31 859/184/5 903/244/5
f 836/245/32 834/206/32 835/208/32
f 838/247/33 836/245/33 837/246/33
f 196/198/11 197/194/11 195/196/12
f 843/249/34 842/257/34 840/250/34
f 844/252/35 842/257/35 843/249/35
f 250/248/36 249/247/36 251/250/36
f 271/254/37 273/672/263 319/255/38
f 254/249/34 252/251/34 251/250/34
f 845/223/1 841/251/1 837/222/1
f 851/264/1 853/266/1 854/267/1
f 856/269/1 854/267/1 853/266/1
f 856/269/1 855/270/1 857/271/1
f 1156/301/1 1158/522/1 1106/302/1
f 899/226/2 889/220/2 900/225/2
f 268/271/2 266/270/2 267/269/2
f 545/317/39 146/148/39 154/155/40
f 617/319/42 619/709/281 602/10/43
f 727/138/45 1147/625/45 1124/320/46
f 623/321/48 617/319/337 603/12/49
f 303/306/51 300/220/52 265/322/52
f 606/14/53 621/707/338 624/324/54
f 625/325/56 623/321/48 601/9/50
f 27/326/57 11/11/57 14/15/58
f 598/5/21 913/216/21 912/328/18
f 191/187/7 189/189/8 188/188/8
f 292/296/60 282/711/60 284/330/61
f 780/331/4 782/189/8 781/188/8
f 595/2/15 612/19/27 917/237/27
f 57/58/62 54/55/63 482/332/63
f 3/1/11 1/3/22 325/215/22
f 108/117/8 105/114/7 518/334/7
f 547/318/41 154/155/40 155/156/64
f 18/18/14 19/19/27 328/237/27
f 614/21/32 616/23/65 923/338/65
f 32/325/56 4/4/56 8/9/50
f 866/340/67 864/607/68 910/315/68
f 854/322/52 856/243/31 900/225/31
f 621/28/1 617/26/1 623/31/1
f 1061/341/1 1062/435/1 1060/342/1
f 469/344/2 468/432/2 467/345/2
f 1043/347/1 1044/351/1 1042/348/1
f 457/350/2 456/712/2 454/347/2
f 453/348/2 455/351/2 454/347/2
f 1053/352/1 1054/433/1 1052/353/1
f 373/355/69 107/115/69 101/107/70
f 776/180/71 809/377/72 949/357/72
f 700/115/74 705/121/75 960/359/75
f 811/360/76 812/363/77 955/361/77
f 812/363/77 813/713/78 957/364/78
f 116/103/79 112/121/80 371/359/80
f 814/366/81 815/688/82 961/367/82
f 383/369/83 81/88/83 48/47/84
f 816/371/85 817/385/86 965/372/86
f 375/356/70 101/107/70 99/105/87
f 630/36/88 636/43/89 975/375/89
f 183/180/91 358/358/96 360/357/92
f 358/358/96 182/179/129 181/178/97
f 376/372/99 224/385/99 223/371/100
f 731/142/101 950/717/101 952/380/102
f 641/47/103 974/370/103 976/381/104
f 641/47/103 674/88/105 972/369/105
f 674/88/105 687/100/106 970/382/106
f 689/41/107 968/715/107 970/382/106
f 809/377/72 810/386/108 951/383/108
f 818/384/109 967/394/109 965/372/86
f 694/107/110 700/115/74 962/355/74
f 364/362/111 218/360/111 217/386/112
f 709/103/113 958/365/113 960/359/75
f 366/361/114 219/363/114 218/360/111
f 716/129/115 954/388/115 956/387/116
f 725/136/102 952/380/102 954/388/115
f 712/104/116 956/387/116 958/365/113
f 774/178/117 945/379/128 943/389/118
f 372/367/119 222/688/119 221/366/120
f 175/176/121 164/163/122 352/390/122
f 751/159/123 942/392/123 944/391/124
f 941/390/125 942/392/123 751/159/123
f 352/390/122 164/163/122 158/159/126
f 819/393/127 969/706/127 967/394/109
f 774/178/117 775/179/302 947/358/73
f 1018/400/1 1014/396/1 1019/401/1
f 552/405/2 551/508/2 553/406/2
f 545/416/2 546/504/2 544/417/2
f 447/419/2 446/424/2 444/420/2
f 1033/420/1 1034/421/1 1032/422/1
f 1035/424/1 1038/427/1 1037/425/1
f 1055/346/1 1054/433/1 1053/352/1
f 1052/353/1 1050/430/1 1049/431/1
f 469/344/2 471/342/2 470/343/2
f 1058/344/1 1055/346/1 1056/345/1
f 459/429/2 461/430/2 460/431/2
f 1031/423/1 1032/422/1 1030/415/1
f 1115/443/1 1114/489/1 1113/444/1
f 443/422/2 445/421/2 444/420/2
f 1075/446/1 1077/450/1 1076/447/1
f 573/456/2 576/526/2 575/457/2
f 1086/460/1 1085/459/1 1084/461/1
f 448/425/2 449/427/2 446/424/2
f 1069/477/1 1070/486/1 1068/441/1
f 971/378/130 628/34/291 630/36/88
f 1112/445/1 1113/444/1 1111/485/1
f 481/486/2 484/736/2 483/487/2
f 1115/443/1 1117/718/1 1116/488/1
f 522/485/2 524/444/2 523/445/2
f 1124/495/1 1122/494/1 1119/492/1
f 1099/474/1 1103/480/1 1102/478/1
f 1130/500/1 1131/737/1 1129/501/1
f 1132/418/1 1131/737/1 1130/500/1
f 1133/417/1 1135/504/1 1134/416/1
f 1142/406/1 1140/508/1 1141/405/1
f 1144/509/1 1145/510/1 1142/406/1
f 750/112/2 752/157/2 749/111/2
f 564/518/2 566/520/2 565/519/2
f 1154/519/1 1155/520/1 1153/518/1
f 1124/495/1 1146/511/1 1148/513/1
f 1162/456/1 1160/524/1 1161/525/1
f 1164/457/1 1165/526/1 1162/456/1
f 1168/536/7 928/719/7 930/537/18
f 932/209/12 1169/211/12 1167/210/18
f 582/538/11 345/725/11 343/209/12
f 932/209/12 934/725/11 1171/538/11
f 538/539/131 137/141/131 139/143/132
f 79/89/133 85/94/134 504/541/134
f 586/543/14 349/696/14 347/544/13
f 328/237/27 19/19/27 2/2/15
f 1176/546/16 929/549/16 927/547/3
f 587/546/16 585/548/3 338/547/3
f 821/550/10 240/228/10 239/230/10
f 17/17/26 20/20/135 330/552/135
f 939/554/9 937/710/24 1181/555/24
f 185/182/4 187/331/4 184/181/3
f 804/212/19 806/218/23 805/217/23
f 935/558/20 933/690/19 1180/559/19
f 980/561/136 750/112/136 746/113/137
f 656/66/139 661/74/140 995/563/140
f 153/113/142 157/112/143 391/561/143
f 981/565/145 671/82/145 764/60/146
f 978/567/147 977/593/148 762/130/148
f 1011/568/149 657/71/149 653/168/150
f 664/77/151 666/79/194 987/570/152
f 55/56/153 414/574/329 412/572/154
f 986/573/156 984/577/157 743/127/157
f 646/54/159 648/56/190 1003/574/160
f 1000/576/161 998/587/162 707/123/162
f 397/573/163 148/128/316 150/127/164
f 127/87/165 131/85/166 401/578/166
f 990/578/168 988/584/177 733/144/169
f 990/578/168 724/85/168 720/87/170
f 662/75/172 663/76/173 991/580/173
f 80/90/174 84/93/339 419/582/175
f 988/584/177 986/573/156 741/128/158
f 994/585/178 717/131/178 715/151/179
f 106/116/181 114/123/182 409/587/182
f 998/587/162 996/586/180 715/151/179
f 62/64/183 61/63/155 412/572/154
f 661/74/140 662/75/172 993/581/172
f 1001/572/185 654/63/340 655/64/186
f 56/57/187 60/168/188 420/569/188
f 648/56/190 654/63/340 1001/572/185
f 1002/590/191 1000/576/161 699/116/161
f 171/60/192 78/82/193 392/565/193
f 666/79/194 667/80/195 985/591/195
f 1006/592/196 1004/722/327 683/68/197
f 1009/569/150 653/168/150 649/57/198
f 764/60/146 762/130/148 977/593/148
f 69/75/200 404/581/200 402/580/201
f 1012/594/202 1010/583/309 673/90/203
f 991/580/173 663/76/173 664/77/151
f 752/157/204 1016/686/204 1028/595/205
f 439/595/205 161/160/205 162/161/206
f 939/554/9 1179/556/9 1177/597/10
f 350/554/9 351/598/10 588/597/10
f 540/540/132 139/143/132 143/599/207
f 347/544/13 345/725/11 582/538/11
f 652/167/208 1084/652/208 1080/333/62
f 172/169/209 170/62/210 435/601/210
f 441/603/211 163/162/211 165/164/212
f 152/154/213 151/153/237 551/605/214
f 277/340/67 322/316/67 321/315/68
f 54/55/63 51/51/215 474/608/215
f 306/308/216 288/729/216 286/609/217
f 170/62/210 168/61/220 430/610/218
f 542/600/207 143/599/207 144/149/219
f 168/61/220 167/166/221 425/612/221
f 708/124/4 1155/643/4 1157/335/8
f 17/17/26 331/553/26 332/236/9
f 135/139/222 136/140/223 537/613/223
f 451/615/224 174/171/232 173/170/225
f 448/617/60 180/177/60 179/172/226
f 701/117/8 1157/335/8 1107/334/7
f 52/53/227 67/73/228 500/619/228
f 82/91/229 79/89/133 501/542/133
f 445/622/230 177/175/262 178/174/231
f 675/91/229 1092/621/229 1090/542/133
f 293/295/229 278/723/229 291/624/224
f 141/145/233 134/138/45 558/625/45
f 543/611/219 144/149/219 146/148/39
f 147/126/234 141/145/233 556/626/233
f 478/628/235 38/37/235 40/38/236
f 151/153/237 147/126/234 553/627/234
f 676/92/238 1165/662/259 1092/621/229
f 640/46/239 638/44/240 1074/630/240
f 634/39/241 633/38/236 1068/629/236
f 549/633/242 156/111/242 152/154/213
f 581/634/8 337/720/8 336/635/4
f 134/138/45 133/137/47 535/320/46
f 67/73/228 66/72/243 499/637/243
f 133/137/47 135/139/222 536/614/222
f 520/638/18 109/118/18 110/119/12
f 704/120/11 703/119/12 1110/639/12
f 633/38/236 631/37/235 1067/628/235
f 624/324/54 626/708/25 609/16/25
f 484/641/244 44/727/244 45/44/240
f 51/51/215 39/50/245 477/642/245
f 714/150/3 1153/667/3 1155/643/4
f 272/186/6 316/185/6 318/314/28
f 723/86/19 1122/671/19 1149/644/23
f 21/21/32 22/22/9 332/236/9
f 901/227/246 855/703/246 853/645/247
f 490/646/248 50/49/268 52/53/227
f 513/647/249 100/106/249 102/108/250
f 104/110/251 92/98/51 570/649/51
f 512/651/252 98/40/252 100/106/249
f 59/167/208 57/58/62 491/333/62
f 309/311/253 263/659/253 261/653/254
f 531/654/24 128/134/24 129/135/20
f 479/629/236 40/38/236 41/39/241
f 276/240/29 320/239/29 322/316/67
f 511/656/253 97/42/253 98/40/252
f 91/97/255 86/67/256 573/657/256
f 304/221/257 262/679/257 263/659/253
f 92/98/51 91/97/255 571/658/255
f 20/20/135 18/18/14 329/337/14
f 6/6/18 4/4/56 32/325/56
f 506/660/217 89/96/217 93/99/258
f 83/92/238 82/91/229 503/621/229
f 299/300/134 290/728/134 285/663/209
f 516/664/260 103/109/260 104/110/251
f 487/631/239 47/46/239 49/48/261
f 645/53/227 643/49/268 1079/646/248
f 869/323/51 892/306/51 890/304/230
f 121/150/3 115/124/4 566/643/4
f 264/645/247 266/703/246 312/227/246
f 125/132/16 121/150/3 564/667/3
f 691/40/252 690/42/253 1100/656/253
f 126/133/23 125/132/16 561/668/16
f 525/669/14 117/730/14 118/102/10
f 130/86/19 126/133/23 560/644/23
f 910/315/68 864/607/68 862/672/263
f 906/256/37 860/254/37 858/673/264
f 755/161/206 754/160/205 1028/595/205
f 908/255/38 862/672/263 860/254/37
f 507/661/258 93/99/258 97/42/253
f 847/674/265 846/705/265 844/252/265
f 529/675/9 120/125/9 128/134/24
f 702/118/18 698/114/7 1107/334/7
f 721/134/24 713/125/9 1118/675/9
f 820/235/13 821/734/13 228/231/13
f 522/640/11 111/120/11 113/122/13
f 295/297/256 302/305/266 279/677/266
f 518/334/7 105/114/7 109/118/18
f 129/135/20 130/86/19 533/671/19
f 307/309/218 287/680/220 262/679/257
f 859/184/5 861/186/6 905/185/6
f 305/307/217 286/609/217 287/680/220
f 1181/555/24 937/710/24 935/558/20
f 308/310/254 261/653/254 264/645/247
f 823/232/7 824/733/7 231/681/7
f 515/648/250 102/108/250 103/109/260
f 86/67/256 83/92/238 576/662/259
f 233/683/4 231/681/4 232/682/4
f 887/299/232 886/298/267 878/685/267
f 489/665/261 49/48/261 50/49/268
f 160/158/254 159/157/204 427/686/204
f 298/299/232 291/624/224 289/685/267
f 301/304/230 303/306/51 280/323/51
f 302/305/266 301/304/230 281/666/262
f 722/135/20 1121/655/20 1122/671/19
f 30/31/2 24/26/2 28/28/2
f 179/172/1 176/173/1 76/83/1
f 42/52/1 34/35/1 38/37/1
f 43/43/1 44/727/1 41/39/1
f 96/41/1 97/42/1 93/99/1
f 55/56/1 61/63/1 58/65/1
f 166/165/1 167/166/1 168/61/1
f 59/167/1 66/72/1 64/71/1
f 75/84/1 76/83/1 72/78/1
f 77/81/1 52/53/1 79/89/1
f 752/157/2 751/159/2 742/152/2
f 86/67/1 87/69/1 84/93/1
f 740/126/2 734/145/2 733/144/2
f 142/146/1 143/599/1 139/143/1
f 96/41/1 99/105/1 98/40/1
f 672/89/2 645/53/2 670/81/2
f 81/88/1 79/89/1 52/53/1
f 116/103/1 117/730/1 113/122/1
f 735/146/2 736/599/2 737/149/2
f 114/123/1 115/124/1 121/150/1
f 121/150/1 125/132/1 124/131/1
f 130/86/1 133/137/1 131/85/1
f 105/114/1 104/110/1 101/107/1
f 706/122/2 710/730/2 709/103/2
f 144/149/1 143/599/1 142/146/1
f 140/144/1 141/145/1 147/126/1
f 677/93/2 680/69/2 679/67/2
f 95/101/1 104/110/1 105/114/1
f 159/157/1 156/111/1 149/152/1
f 714/150/2 708/124/2 707/123/2
f 56/57/1 57/58/1 59/167/1
f 175/176/1 177/175/1 165/164/1
f 635/52/2 632/50/2 631/37/2
f 815/688/82 816/371/85 963/373/85
f 540/501/2 542/737/2 541/500/2
f 591/559/19 589/691/23 342/689/23
f 188/188/8 189/189/8 187/331/4
f 1180/559/19 933/690/19 931/689/23
f 192/692/18 193/695/18 191/187/7
f 195/196/12 193/695/18 192/692/18
f 211/212/19 209/214/20 208/213/20
f 800/693/24 802/214/20 801/213/20
f 269/673/264 271/254/37 317/256/37
f 327/201/15 2/2/15 3/1/11
f 788/196/12 787/195/12 785/692/18
f 207/693/24 205/190/9 204/193/9
f 208/213/20 209/214/20 207/693/24
f 254/249/35 253/257/35 255/252/35
f 212/217/23 213/218/23 211/212/19
f 198/197/13 199/200/13 197/194/11
f 588/597/10 351/598/10 349/696/14
f 901/227/2 900/225/2 902/313/2
f 9/10/1 8/9/1 7/8/1
f 487/447/2 488/450/2 486/446/2
f 236/697/16 233/683/16 234/684/16
f 248/246/33 247/245/33 249/247/33
f 231/681/7 824/733/7 230/232/7
f 643/49/268 642/48/261 1078/665/261
f 613/20/135 919/552/135 918/337/14
f 238/699/19 236/697/19 235/698/19
f 645/53/227 1081/620/227 1089/619/228
f 868/677/266 891/305/266 884/297/256
f 203/192/10 201/199/14 200/700/14
f 244/207/17 241/241/17 245/206/17
f 215/204/16 213/218/23 212/217/23
f 848/701/269 846/705/269 847/674/269
f 904/312/264 858/673/264 855/703/246
f 832/704/270 831/731/270 848/701/270
f 201/199/14 199/200/13 198/197/13
f 258/674/265 256/253/265 255/252/265
f 260/702/269 258/674/269 257/705/269
f 246/208/32 245/206/32 247/245/32
f 758/164/2 770/175/2 768/176/2
f 629/33/271 971/378/130 969/706/127
f 265/267/2 264/266/2 262/264/2
f 300/220/1 295/297/1 296/219/1
f 267/269/2 266/270/2 264/266/2
f 313/313/1 314/244/1 311/225/1
f 443/604/212 165/164/212 177/175/262
f 607/15/272 622/327/59 621/707/273
f 16/16/25 15/7/20 335/234/20
f 31/324/275 28/707/341 13/14/276
f 440/596/206 162/161/206 163/162/211
f 28/707/277 29/327/59 14/15/58
f 24/319/279 10/12/342 9/10/280
f 334/338/65 23/23/65 21/21/32
f 610/17/26 920/553/26 919/552/135
f 592/555/24 593/560/20 346/558/20
f 325/215/22 1/3/22 5/5/21
f 447/623/231 178/174/231 180/177/60
f 796/192/10 795/191/10 793/700/14
f 243/242/30 242/735/30 241/241/30
f 240/228/24 829/230/24 828/229/24
f 596/1/11 915/202/11 914/215/22
f 745/154/213 749/111/242 1138/633/242
f 863/238/28 865/240/29 909/239/29
f 672/89/133 1090/542/133 1093/541/134
f 800/693/24 799/694/24 797/193/9
f 15/7/20 23/23/65 334/338/65
f 872/678/256 884/297/256 881/296/60
f 31/324/275 7/8/55 16/16/25
f 1046/350/1 1044/351/1 1043/347/1
f 459/429/2 458/434/2 456/712/2
f 1048/429/1 1046/350/1 1045/712/1
f 463/353/2 465/433/2 464/352/2
f 362/383/112 217/386/112 216/377/92
f 692/105/282 694/107/110 964/356/110
f 813/713/78 814/366/81 959/368/81
f 385/370/84 48/47/84 46/45/283
f 221/366/120 220/713/284 368/364/284
f 381/382/285 94/100/285 81/88/83
f 374/373/100 223/371/100 222/688/119
f 738/147/286 946/716/286 948/714/287
f 158/159/126 149/152/288 355/391/288
f 226/393/289 225/384/290 378/394/290
f 36/33/95 226/393/289 380/706/289
f 37/36/292 35/34/94 382/378/93
f 386/375/294 43/43/294 37/36/292
f 387/381/283 46/45/283 43/43/294
f 132/136/295 123/129/296 365/388/296
f 689/41/107 692/105/282 966/374/282
f 368/364/284 220/713/284 219/363/114
f 377/374/87 99/105/87 96/41/297
f 225/384/290 224/385/99 376/372/99
f 636/43/89 639/45/104 976/381/104
f 810/386/108 811/360/76 953/362/76
f 742/152/124 944/391/124 946/716/286
f 119/104/298 116/103/79 369/365/79
f 96/41/297 94/100/285 381/382/285
f 371/359/80 112/121/80 107/115/69
f 138/142/299 132/136/295 363/380/295
f 359/714/300 142/146/300 138/142/299
f 145/147/301 142/146/300 359/714/300
f 149/152/288 145/147/301 357/716/301
f 123/129/296 119/104/298 367/387/298
f 768/176/118 943/389/118 941/390/125
f 735/146/287 948/714/287 950/717/101
f 181/178/97 175/176/121 354/389/121
f 553/406/2 556/510/2 555/509/2
f 430/401/2 432/402/2 433/404/2
f 441/415/2 443/422/2 442/423/2
f 1036/419/1 1034/421/1 1033/420/1
f 541/500/2 542/737/2 543/418/2
f 471/342/2 473/435/2 472/341/2
f 1059/343/1 1060/342/1 1058/344/1
f 466/346/2 467/345/2 464/352/2
f 463/353/2 462/354/2 460/431/2
f 1049/431/1 1050/430/1 1048/429/1
f 479/441/2 481/486/2 480/477/2
f 527/488/2 528/718/2 526/443/2
f 483/487/2 484/736/2 485/448/2
f 1128/502/1 1129/501/1 1127/499/1
f 495/461/2 491/452/2 494/455/2
f 430/401/2 425/396/2 429/400/2
f 508/471/2 502/466/2 506/470/2
f 513/478/2 514/480/2 510/474/2
f 518/303/2 519/482/2 514/480/2
f 1097/471/1 1096/472/1 1095/470/1
f 1072/487/1 1073/736/1 1070/486/1
f 1074/448/1 1073/736/1 1072/487/1
f 529/490/2 530/492/2 528/718/2
f 1103/480/1 1108/482/1 1107/303/1
f 538/499/2 540/501/2 539/502/2
f 526/443/2 523/445/2 524/444/2
f 1083/455/1 1080/452/1 1084/461/1
f 1117/718/1 1119/492/1 1118/490/1
f 1153/518/1 1150/515/1 1151/516/1
f 657/71/2 659/72/2 652/167/2
f 559/513/2 557/511/2 535/495/2
f 562/516/2 561/515/2 564/518/2
f 495/461/2 496/459/2 497/460/2
f 517/302/2 569/522/2 567/301/2
f 1022/404/1 1021/402/1 1019/401/1
f 572/525/2 571/524/2 573/456/2
f 1170/634/8 926/720/8 928/719/7
f 579/536/7 578/210/18 341/537/18
f 581/634/8 579/536/7 339/719/7
f 30/321/66 8/9/50 10/12/303
f 739/148/39 737/149/219 1132/611/219
f 766/170/225 1026/616/225 1025/602/209
f 936/544/13 938/696/14 1175/543/14
f 585/548/3 583/636/4 336/635/4
f 938/696/14 940/598/10 1177/597/10
f 1174/548/3 927/547/3 925/635/4
f 829/230/10 240/228/10 821/550/10
f 599/6/18 912/328/18 625/325/56
f 592/555/24 348/710/24 350/554/9
f 784/187/7 786/695/18 785/692/18
f 591/559/19 344/690/19 346/558/20
f 5/5/21 6/6/18 323/328/18
f 667/80/195 668/84/305 983/721/305
f 535/495/2 534/496/2 530/492/2
f 389/567/306 166/165/306 169/130/307
f 1008/582/308 677/93/308 673/90/203
f 391/561/143 157/112/143 166/165/306
f 395/577/164 150/127/164 153/113/142
f 1008/582/308 1006/592/196 680/69/196
f 78/82/193 75/84/310 394/721/310
f 409/587/182 114/123/182 122/151/311
f 75/84/310 74/80/313 396/591/313
f 984/577/157 982/562/138 746/113/137
f 73/79/314 398/570/318 396/591/313
f 399/584/315 140/144/319 148/128/316
f 71/77/317 400/571/317 398/570/318
f 401/578/166 131/85/166 140/144/319
f 71/77/317 70/76/201 402/580/201
f 994/585/178 992/579/171 720/87/170
f 415/722/320 90/68/331 95/101/321
f 405/585/322 124/131/322 127/87/165
f 68/74/323 406/563/323 404/581/200
f 983/721/305 668/84/305 671/82/145
f 63/66/324 408/564/326 406/563/323
f 423/594/325 77/81/325 80/90/174
f 62/64/183 410/588/184 408/564/326
f 978/567/147 759/165/147 750/112/136
f 649/57/198 646/54/159 1005/575/159
f 1004/722/327 1002/590/191 688/101/191
f 670/81/202 657/71/149 1011/568/149
f 413/590/321 95/101/321 106/116/181
f 53/54/328 416/575/328 414/574/329
f 417/592/330 87/69/330 90/68/331
f 56/57/187 418/589/189 416/575/328
f 419/582/175 84/93/339 87/69/330
f 999/588/186 655/64/186 656/66/139
f 171/60/192 390/566/192 388/593/307
f 60/168/188 64/71/332 422/568/332
f 122/151/311 124/131/322 405/585/322
f 77/81/325 423/594/325 422/568/332
f 294/294/61 284/330/61 278/723/229
f 604/11/57 605/13/333 618/724/333
f 767/171/232 772/172/226 1039/618/226
f 607/15/272 604/11/57 620/326/57
f 870/666/262 890/304/230 891/305/266
f 936/544/13 1173/545/13 1171/538/11
f 749/111/242 748/156/64 1137/336/64
f 744/153/237 1140/605/214 1142/627/234
f 854/322/52 889/220/52 892/306/51
f 722/135/20 721/134/24 1120/654/24
f 770/175/262 758/164/212 1032/604/212
f 761/61/220 1019/610/218 1014/612/221
f 896/309/218 893/221/257 851/679/257
f 763/62/210 1024/601/210 1019/610/218
f 773/177/60 771/174/231 1036/623/231
f 734/145/233 1145/626/233 1147/625/45
f 521/639/12 110/119/12 111/120/11
f 681/95/334 678/94/134 1093/541/134
f 756/162/211 755/161/206 1029/596/206
f 167/166/221 160/158/254 424/687/254
f 772/172/226 773/177/60 1037/617/60
f 760/166/221 1014/612/221 1013/687/254
f 881/296/60 883/294/61 873/330/61
f 587/546/16 340/549/16 342/689/23
f 736/599/207 732/143/132 1129/540/132
f 614/21/32 922/339/32 921/236/9
f 737/149/219 736/599/207 1131/600/207
f 766/170/225 767/171/232 1040/615/224
f 771/174/231 770/175/262 1034/622/230
f 740/126/234 1142/627/234 1145/626/233
f 747/155/40 739/148/39 1134/317/39
f 765/169/209 1025/602/209 1024/601/210
f 159/157/204 161/160/205 439/595/205
f 25/724/333 12/13/333 11/11/57
f 732/143/132 730/141/131 1127/539/131
f 753/158/254 1013/687/254 1016/686/204
f 748/156/64 747/155/40 1136/318/41
f 477/642/245 39/50/245 38/37/235
f 897/310/254 899/226/247 853/645/247
f 647/55/63 1071/332/63 1063/608/215
f 865/240/29 866/340/67 911/316/67
f 718/132/16 1150/668/16 1153/667/3
f 485/630/240 45/44/240 47/46/239
f 481/632/241 41/39/241 44/727/244
f 297/298/267 289/685/267 290/728/134
f 637/727/244 634/39/241 1070/632/241
f 931/689/23 929/549/16 1176/546/16
f 605/13/333 602/10/43 619/709/281
f 631/37/235 632/50/245 1066/642/245
f 644/51/215 1063/608/215 1066/642/245
f 66/72/243 59/167/208 495/652/208
f 236/697/16 827/698/16 826/684/16
f 730/141/131 729/140/223 1126/613/223
f 659/72/243 1088/637/243 1084/652/208
f 696/109/260 695/108/250 1104/648/250
f 825/682/4 231/681/4 233/683/4
f 711/102/10 710/730/14 1114/669/14
f 650/58/62 1080/333/62 1071/332/63
f 885/219/209 895/308/216 877/729/216
f 524/676/13 113/122/13 117/730/14
f 527/670/10 118/102/10 120/125/9
f 537/613/223 136/140/223 137/141/131
f 693/106/249 691/40/252 1101/651/252
f 292/296/60 295/297/256 283/678/256
f 115/124/4 108/117/8 568/335/8
f 173/170/225 172/169/209 436/602/209
f 706/122/13 704/120/11 1111/640/11
f 679/67/256 1162/657/256 1165/662/259
f 690/42/253 686/99/258 1096/661/258
f 697/110/251 696/109/260 1105/664/260
f 296/219/209 285/663/209 288/729/216
f 697/110/251 1106/650/251 1159/649/51
f 682/96/217 681/95/334 1094/726/335
f 26/709/281 9/10/280 12/13/333
f 703/119/12 702/118/18 1109/638/18
f 684/97/255 1160/658/255 1162/657/256
f 710/730/14 706/122/13 1113/676/13
f 548/336/64 155/156/64 156/111/242
f 695/108/250 693/106/249 1102/647/249
f 504/541/134 85/94/134 88/95/334
f 266/703/246 269/673/264 315/312/264
f 608/7/20 924/234/20 923/338/65
f 642/48/261 640/46/239 1076/631/239
f 840/250/36 838/247/36 839/248/36
f 660/73/228 1089/619/228 1088/637/243
f 273/672/263 275/607/68 321/315/68
f 505/726/335 88/95/334 89/96/217
f 745/154/213 1139/606/213 1140/605/214
f 882/295/229 887/299/232 880/624/224
f 719/133/23 1149/644/23 1150/668/16
f 898/311/253 897/310/254 850/653/336
f 728/139/222 1125/614/222 1126/613/223
f 893/221/257 898/311/253 852/659/253
f 758/164/212 756/162/211 1030/603/211
f 638/44/240 637/727/244 1073/641/244
f 243/704/270 260/702/270 259/701/270
f 894/307/217 896/309/218 876/680/220
f 267/243/31 311/225/31 314/244/5
f 895/308/216 894/307/217 875/609/217
f 265/322/52 300/220/52 311/225/31
f 713/125/9 711/102/10 1116/670/10
f 861/186/6 863/238/28 907/314/28
f 888/300/134 885/219/209 874/663/209
f 686/99/258 682/96/217 1095/660/217
f 726/137/47 1124/320/46 1125/614/222
f 925/635/4 926/720/8 1170/634/8
f 685/98/51 1159/649/51 1160/658/255
f 450/618/226 179/172/226 174/171/232
f 886/298/267 888/300/134 879/728/134
f 238/699/19 828/229/19 827/698/19
f 883/294/61 882/295/229 867/723/229
