# Blender 5.2.1 LTS
# www.blender.org
o s060_Wheels_02.001
v 63.320225 4.288016 7.417694
v 63.320225 7.423105 4.282597
v 63.320225 6.061948 6.056516
v 63.320225 -2.211460 8.273385
v 63.320225 2.222240 8.273373
v 63.320225 0.005396 8.565218
v 63.320225 -11.066634 -4.282642
v 63.320225 -11.066632 4.282618
v 63.320225 -21.053446 2.216817
v 63.320225 -20.233698 3.434318
v 63.320225 -21.429199 -0.753130
v 63.320225 -21.429199 0.753113
v 63.320225 -20.233698 -3.434347
v 63.320225 -21.053452 -2.216859
v 63.320225 0.005368 -8.565276
v 63.320225 -2.211476 -8.273431
v 63.320225 7.423104 -4.282638
v 63.320225 8.570636 -0.000017
v 63.320225 8.278778 2.216827
v 63.320225 8.278778 -2.216867
v 63.320225 4.288002 -7.417751
v 63.320225 6.061933 -6.056574
v 63.320225 2.222225 -8.273418
v 59.562416 -20.238642 3.396686
v 59.562416 -21.429199 0.753113
v 59.562416 -21.053446 2.216817
v 59.562416 -21.429199 -0.753130
v 59.562416 -20.238653 -3.396696
v 59.562416 -21.053452 -2.216859
v 59.562416 -11.066632 4.282598
v 59.562416 -11.066634 -4.282649
v 59.562416 -2.211460 8.273385
v 59.562416 -2.211476 -8.273431
v 56.917267 15.866787 -26.248447
v 56.917267 15.631255 -27.069683
v 56.917267 16.417471 -26.615768
v 56.917267 10.720372 -29.446955
v 56.917267 10.291904 -22.153645
v 56.917267 10.349819 -19.499495
v 56.917267 9.222695 -24.583603
v 56.917267 7.304973 -26.419426
v 56.917267 17.267025 -16.530380
v 56.917267 5.444141 -30.860727
v 56.917267 4.830688 -27.381632
v 56.917267 2.176527 -27.323709
v 56.917267 0.002573 -31.336800
v 56.917267 -0.253431 -26.254498
v 56.917267 -5.439000 -30.860741
v 56.917267 -2.089251 -24.336777
v 56.917267 -3.051449 -21.862497
v 56.917267 9.387624 -17.025208
v 56.917267 -2.993533 -19.208334
v 56.917267 6.121750 -10.598779
v 56.917267 7.551802 -15.107486
v 56.917267 7.869246 -9.375151
v 56.917267 4.188343 -11.500325
v 56.917267 5.121842 -14.038273
v 56.917267 17.558954 -10.136202
v 56.917267 2.467686 -13.980357
v 56.917267 2.127747 -12.052474
v 56.917267 9.377704 -7.866680
v 56.917267 10.601313 -6.119216
v 56.917267 11.502890 -4.185776
v 56.917267 0.002562 -12.238408
v 56.917267 17.940718 -0.000012
v 56.917267 -0.006600 -14.942562
v 56.917267 -1.924321 -16.778376
v 56.917267 12.055029 -2.125181
v 56.917267 12.240954 -0.000017
v 56.917267 12.055029 2.125171
v 56.917267 11.502892 4.185759
v 56.917267 17.807985 10.279943
v 56.917267 10.601331 6.119182
v 56.917267 9.377707 7.866652
v 56.917267 7.869251 9.375085
v 56.917267 17.408840 16.600626
v 56.917267 -2.122586 -12.052474
v 56.917267 6.121753 10.598706
v 56.917267 -7.006875 -18.132963
v 56.917267 -4.183175 -11.500319
v 56.917267 -10.715248 -29.446955
v 56.917267 -6.717857 -15.493954
v 56.917267 -7.460745 -12.945228
v 56.917252 -6.116611 -10.598777
v 56.917267 -8.283802 -20.460489
v 56.917267 -9.122438 -10.874795
v 56.917267 -7.864094 -9.375174
v 56.917267 -10.354225 -22.122181
v 56.917267 -12.902958 -22.865068
v 56.917267 -9.372557 -7.866684
v 56.917267 -11.449965 -9.597870
v 56.917267 -14.088971 -9.308852
v 56.917267 -15.541967 -22.576052
v 56.917267 -15.665819 -27.138477
v 56.917267 -10.596180 -6.119221
v 56.917267 -20.140306 -24.005377
v 56.917267 -17.869495 -21.299133
v 56.917267 -19.531189 -19.228699
v 56.917267 -24.002789 -20.142902
v 56.917267 -20.274075 -16.679962
v 56.917267 -27.135880 -15.668406
v 56.917267 -19.985056 -14.040952
v 56.917267 -18.708134 -11.713431
v 56.917267 -16.637707 -10.051734
v 56.917267 -18.393646 -6.286102
v 56.917267 -11.497720 -4.185780
v 56.917267 -29.444366 -10.717831
v 56.917267 -16.186270 -4.811177
v 56.917267 -20.997425 -6.804024
v 56.917267 -23.601200 -6.286102
v 56.917267 -25.808580 -4.811176
v 56.917252 -30.858124 -5.441606
v 56.917267 -27.283501 -2.603801
v 56.917267 -12.049871 -2.125191
v 56.917267 -14.711353 -2.603802
v 56.917252 -31.334194 -0.000026
v 56.917267 -27.801430 -0.000020
v 56.917267 -27.283501 2.603755
v 56.917267 -30.858124 5.441560
v 56.917267 -25.808580 4.811136
v 56.917267 -14.193425 -0.000021
v 56.917267 -12.235789 -0.000022
v 56.917267 -29.444366 10.717790
v 56.917267 -12.049871 2.125154
v 56.917267 -14.711353 2.603754
v 56.917267 -16.186270 4.811129
v 56.917267 -11.497711 4.185737
v 56.917267 -23.601202 6.286055
v 56.917267 -20.997425 6.803981
v 56.917267 -18.393646 6.286054
v 56.917267 -10.596177 6.119152
v 56.917267 -27.135874 15.668343
v 56.917267 -16.637701 10.051686
v 56.917267 -14.088968 9.308804
v 56.917267 -18.708126 11.713384
v 56.917267 -19.985054 14.040901
v 56.917267 -20.274069 16.679918
v 56.917267 -24.002792 20.142859
v 56.917267 -19.531187 19.228643
v 56.917267 -9.372561 7.866641
v 56.917267 -11.449964 9.597819
v 56.917252 -20.140320 24.005308
v 56.917267 -17.869492 21.299076
v 56.917267 -15.541964 22.576002
v 56.917267 -15.665822 27.138420
v 56.917267 -12.902950 22.865019
v 56.917267 -9.122437 10.874745
v 56.917267 -7.864110 9.375112
v 56.917267 -10.715260 29.446888
v 56.917267 -6.116614 10.598708
v 56.917267 -7.460743 12.945178
v 56.917267 -6.717854 15.493903
v 56.917267 -4.183207 11.500274
v 56.917267 -10.354224 22.122129
v 56.917267 -8.283793 20.460440
v 56.917267 -7.006871 18.132914
v 56.917267 -2.122597 12.052423
v 56.917267 -5.439009 30.860682
v 56.917267 -2.993528 19.208284
v 56.917267 -1.924319 16.778326
v 56.917267 -3.051441 21.862440
v 56.917267 -2.089249 24.336721
v 56.917267 -0.253423 26.254446
v 56.917267 0.002584 31.336777
v 56.917267 2.176531 27.323660
v 56.917267 0.002581 12.238357
v 56.917267 -0.006595 14.942506
v 56.917267 2.467689 13.980307
v 56.917267 2.127751 12.052423
v 56.917267 5.121847 14.038229
v 56.917267 4.188347 11.500268
v 56.917267 7.551805 15.107430
v 56.917267 9.387627 17.025152
v 56.917267 10.349824 19.499432
v 56.917267 5.444150 30.860682
v 56.917267 15.866812 26.248384
v 56.917267 4.830693 27.381575
v 56.917267 7.304978 26.419382
v 56.917267 10.291909 22.153595
v 56.917267 9.222702 24.583553
v 56.917267 10.720406 29.446915
v 56.917267 15.631275 27.069639
v 56.917267 16.417496 26.615711
v 67.831558 -20.620808 -0.000008
v 63.295517 -20.391329 1.153650
v 63.295517 -20.620810 -0.000015
v 67.831558 -20.391329 1.153656
v 63.295517 -19.737831 2.131676
v 67.831558 -19.737831 2.131689
v 63.295517 -18.759804 2.785162
v 67.831558 -18.759802 2.785175
v 63.295517 -17.606140 3.014655
v 67.831558 -17.606138 3.014661
v 63.295517 -16.452469 2.785162
v 67.831558 -16.452465 2.785175
v 63.295517 -15.474442 2.131676
v 67.831558 -15.474438 2.131688
v 63.295517 -14.820937 1.153637
v 67.831558 -14.820937 1.153643
v 63.295517 -14.591452 -0.000028
v 67.831558 -14.591452 -0.000015
v 63.295517 -14.820937 -1.153699
v 67.831558 -14.820937 -1.153692
v 63.295517 -15.474442 -2.131725
v 67.831558 -15.474438 -2.131706
v 63.295517 -16.452469 -2.785236
v 67.831558 -16.452467 -2.785217
v 63.295517 -17.606146 -3.014703
v 67.831558 -17.606142 -3.014691
v 63.295517 -18.759811 -2.785223
v 67.831558 -18.759806 -2.785211
v 63.295517 -19.737837 -2.131724
v 67.831558 -19.737837 -2.131706
v 63.295517 -20.391329 -1.153692
v 67.831558 -20.391329 -1.153679
v 59.539696 16.967016 25.869097
v 59.539684 20.415142 23.357252
v 56.917267 20.145491 24.005342
v 56.917267 24.007977 20.142868
v 56.917267 27.141024 15.668362
v 56.917267 29.449530 10.717772
v 56.917267 30.863295 5.441542
v 56.917267 31.339365 -0.000038
v 56.917267 30.863295 -5.441599
v 56.917267 29.449511 -10.717848
v 56.917267 27.141018 -15.668425
v 56.917267 24.007956 -20.142918
v 56.917267 20.145479 -24.005394
v 53.385513 5.192580 -0.000023
v 0.000000 5.192580 -0.000021
v 0.000000 3.671718 3.671683
v 53.385513 3.671718 3.671681
v 53.385502 0.000007 5.192588
v 0.000000 0.000007 5.192590
v 0.000000 -3.671697 3.671709
v 53.385513 -3.671697 3.671707
v 0.000000 -5.192580 -0.000014
v 53.385513 -5.192580 -0.000016
v 53.385513 -3.671706 -3.671733
v 0.000000 -3.671705 -3.671731
v 53.385513 0.000006 -5.192596
v 0.000000 0.000006 -5.192594
v 53.385513 3.671716 -3.671740
v 0.000000 3.671716 -3.671738
v 59.562416 0.005396 8.565218
v 59.562416 2.222240 8.273385
v 59.562416 4.288016 7.417694
v 59.562416 6.061948 6.056516
v 59.562416 7.423118 4.282622
v 59.562416 8.278778 2.216827
v 59.562416 8.570636 -0.000017
v 59.562416 8.278778 -2.216867
v 59.562416 7.423104 -4.282638
v 59.562416 6.061933 -6.056574
v 59.562416 4.288002 -7.417751
v 59.562416 2.222225 -8.273431
v 59.562416 0.005368 -8.565276
v 64.350082 -1.958819 0.814714
v 64.350082 -1.497324 1.505400
v 64.350082 -2.120876 -0.000023
v 64.350082 -0.806625 1.966889
v 64.350082 -1.958819 -0.814734
v 64.350082 0.008086 2.128958
v 64.350082 -1.497325 -1.505420
v 64.350082 0.822804 1.966882
v 64.350082 -0.806638 -1.966928
v 64.350082 1.513503 1.505394
v 64.350082 0.008086 -2.128991
v 64.350082 1.975004 0.814707
v 64.350082 0.822803 -1.966934
v 64.350082 2.137061 -0.000029
v 64.350082 1.513502 -1.505427
v 64.350082 1.975003 -0.814740
v 61.847137 0.002584 32.452625
v 61.847137 -5.632784 31.959593
v 61.847137 5.637926 31.959593
v 61.847126 -11.096913 30.495508
v 61.847137 11.102059 30.495508
v 61.847126 -16.223734 28.104816
v 61.847137 16.228926 28.104803
v 61.847115 -20.857578 24.860128
v 61.847137 20.862749 24.860163
v 61.847126 -24.857599 20.860130
v 61.847137 24.862759 20.860165
v 61.847126 -28.102243 16.226286
v 61.847137 28.107393 16.226316
v 61.847126 -30.492924 11.099432
v 61.847137 30.498098 11.099440
v 61.847115 -31.957056 5.635322
v 61.847137 31.962206 5.635304
v 61.847115 -32.450073 -0.000026
v 61.847137 32.455250 -0.000038
v 61.847115 -31.957037 -5.635375
v 61.847137 31.962206 -5.635374
v 61.847115 -30.492935 -11.099498
v 61.847137 30.498093 -11.099477
v 61.847115 -28.102243 -16.226349
v 61.847115 28.107388 -16.226341
v 61.847115 -24.857595 -20.860199
v 61.847126 24.862749 -20.860189
v 61.847115 -20.857586 -24.860197
v 61.847126 20.862724 -24.860214
v 61.847115 -16.223738 -28.104834
v 61.847126 16.228903 -28.104834
v 61.847115 -11.096884 -30.495537
v 61.847126 11.102039 -30.495523
v 61.847115 -5.632775 -31.959652
v 61.847115 5.637916 -31.959641
v 61.847115 0.002586 -32.452671
v 59.574856 2.029684 11.496281
v 59.574844 0.002581 11.673634
v 59.574871 3.995218 10.969610
v 59.574844 -2.024529 11.496281
v 59.574856 5.839403 10.109662
v 59.574856 -3.990057 10.969617
v 59.574856 7.506260 8.942517
v 59.574856 -5.834249 10.109664
v 59.574871 8.945133 7.503665
v 59.574856 -7.501100 8.942518
v 59.574871 10.112270 5.836811
v 59.574856 -8.939957 7.503654
v 59.574871 10.972220 3.992616
v 59.574844 -10.107117 5.836800
v 59.574856 11.498897 2.027088
v 59.574856 -10.967053 3.992593
v 59.574844 11.676237 -0.000017
v 59.574856 -11.493732 2.027077
v 59.574856 11.498897 -2.027123
v 59.574856 -11.671080 -0.000022
v 59.574856 10.972233 -3.992638
v 59.574844 -11.493732 -2.027127
v 59.574856 10.112252 -5.836845
v 59.574844 -10.967063 -3.992637
v 59.574844 8.945129 -7.503687
v 59.574844 -10.107113 -5.836844
v 59.574844 7.506243 -8.942570
v 59.574844 -8.939968 -7.503698
v 59.574844 5.839385 -10.109715
v 59.574856 -7.501103 -8.942569
v 59.574856 3.995214 -10.969668
v 59.574856 -5.834260 -10.109714
v 59.574856 2.029680 -11.496314
v 59.574856 -3.990039 -10.969662
v 59.574856 0.002562 -11.673686
v 59.574856 -2.024541 -11.496326
v 51.997555 -1.924319 16.778326
v 51.997555 -0.006595 14.942506
v 51.997562 -1.948029 11.062449
v 51.997555 -2.993528 19.208284
v 51.997562 -3.839373 10.555675
v 51.997562 0.002587 11.233111
v 51.997555 2.467689 13.980307
v 51.997562 0.002584 -0.000016
v 51.997562 1.953206 11.062449
v 51.997562 3.844543 10.555668
v 51.997562 5.619156 9.728157
v 51.997555 5.121847 14.038229
v 51.997555 7.551805 15.107430
v 51.997555 9.387627 17.025152
v 51.997570 -6.886471 39.069675
v 51.997555 -3.051441 21.862440
v 51.997555 -2.089249 24.336721
v 51.997555 -0.253423 26.254446
v 51.997570 0.002610 39.672394
v 51.997555 2.176531 27.323660
v 51.997581 6.891653 39.069691
v 51.997555 4.830693 27.381575
v 51.997570 13.571374 37.279850
v 51.997555 7.304978 26.419382
v 51.997555 9.222702 24.583553
v 51.997581 19.838799 34.357334
v 51.997555 10.291909 22.153595
v 51.997555 10.349824 19.499432
v 51.997570 25.503542 30.390854
v 51.997562 7.223104 8.605060
v 51.997570 30.393425 25.500896
v 51.997570 8.607666 7.220500
v 51.997570 34.359928 19.836164
v 51.997562 9.730768 5.616544
v 51.997570 37.282478 13.568739
v 51.997562 10.558282 3.841937
v 51.997570 39.072289 6.889011
v 51.997562 11.065050 1.950590
v 51.997570 39.675007 -0.000032
v 51.997562 11.235723 -0.000024
v 51.997570 39.072289 -6.889088
v 51.997562 11.065051 -1.950638
v 51.997562 10.558279 -3.841978
v 51.997570 37.282471 -13.568789
v 51.997570 34.359917 -19.836227
v 51.997562 9.730765 -5.616590
v 51.997570 30.393414 -25.500959
v 51.997562 8.607659 -7.220535
v 51.997570 25.503521 -30.390844
v 51.997562 7.223099 -8.605094
v 51.997555 9.387624 -17.025208
v 51.997570 19.838787 -34.357334
v 51.997562 5.619156 -9.728191
v 51.997555 10.349819 -19.499495
v 51.997555 10.291904 -22.153645
v 51.997555 9.222695 -24.583603
v 51.997555 13.571374 -37.279888
v 51.997555 7.304973 -26.419426
v 51.997555 7.551802 -15.107486
v 51.997555 6.891640 -39.069710
v 51.997555 4.830688 -27.381632
v 51.997555 2.176527 -27.323709
v 51.997555 0.002585 -39.672440
v 51.997555 -0.253431 -26.254498
v 51.997555 -6.886439 -39.069710
v 51.997555 -2.089251 -24.336777
v 51.997555 -3.051449 -21.862497
v 51.997555 5.121842 -14.038273
v 51.997555 -2.993533 -19.208334
v 51.997562 -3.839369 -10.555714
v 51.997562 3.844544 -10.555714
v 51.997555 2.467686 -13.980357
v 51.997562 1.953203 -11.062494
v 51.997562 0.002584 -11.233150
v 51.997562 -1.948028 -11.062488
v 51.997555 -0.006600 -14.942562
v 51.997555 -1.924321 -16.778376
v 51.997555 -7.006875 -18.132963
v 51.997555 -13.566167 -37.279915
v 51.997555 -6.717857 -15.493954
v 51.997555 -8.283802 -20.460489
v 51.997555 -10.354225 -22.122181
v 51.997555 -12.902958 -22.865068
v 51.997555 -15.541967 -22.576052
v 51.997543 -19.833605 -34.357353
v 51.997543 -25.498367 -30.390863
v 51.997555 -30.388269 -25.500954
v 51.997555 -17.869495 -21.299133
v 51.997555 -19.531189 -19.228699
v 51.997555 -20.274075 -16.679962
v 51.997555 -34.354748 -19.836227
v 51.997555 -19.985056 -14.040952
v 51.997555 -18.708134 -11.713431
v 51.997555 -16.637707 -10.051734
v 51.997555 -18.393646 -6.286102
v 51.997570 -37.277302 -13.568789
v 51.997555 -20.997425 -6.804024
v 51.997555 -23.601200 -6.286102
v 51.997555 -25.808580 -4.811176
v 51.997555 -39.067120 -6.889056
v 51.997555 -27.283501 -2.603801
v 51.997555 -27.801430 -0.000020
v 51.997555 -39.669849 -0.000013
v 51.997555 -27.283501 2.603755
v 51.997570 -39.067131 6.889023
v 51.997555 -25.808580 4.811136
v 51.997555 -37.277294 13.568765
v 51.997555 -23.601202 6.286055
v 51.997555 -20.997425 6.803981
v 51.997555 -18.393646 6.286054
v 51.997570 -34.354736 19.836184
v 51.997555 -16.637701 10.051686
v 51.997555 -18.708126 11.713384
v 51.997555 -19.985054 14.040901
v 51.997555 -20.274069 16.679918
v 51.997570 -30.388256 25.500927
v 51.997555 -19.531187 19.228643
v 51.997555 -25.498363 30.390797
v 51.997555 -17.869492 21.299076
v 51.997555 -15.541964 22.576002
v 51.997570 -19.833630 34.357288
v 51.997555 -12.902950 22.865019
v 51.997570 -13.566192 37.279861
v 51.997555 -10.354224 22.122129
v 51.997555 -8.283793 20.460440
v 51.997555 -7.006871 18.132914
v 51.997555 -6.717854 15.493903
v 51.997555 -7.460743 12.945178
v 51.997562 -5.613986 9.728159
v 51.997555 -9.122437 10.874745
v 51.997562 -7.217933 8.605061
v 51.997562 -8.602493 7.220502
v 51.997555 -11.449964 9.597819
v 51.997562 -9.725592 5.616545
v 51.997555 -14.088968 9.308804
v 51.997562 -10.553108 3.841938
v 51.997555 -16.186270 4.811129
v 51.997555 -14.711353 2.603754
v 51.997562 -11.059896 1.950592
v 51.997562 -11.230548 -0.000015
v 51.997555 -14.193425 -0.000021
v 51.997562 -11.059893 -1.950636
v 51.997555 -14.711353 -2.603802
v 51.997562 -10.553112 -3.841982
v 51.997555 -16.186270 -4.811177
v 51.997562 -9.725597 -5.616583
v 51.997555 -14.088971 -9.308852
v 51.997555 -11.449965 -9.597870
v 51.997562 -8.602497 -7.220533
v 51.997555 -9.122438 -10.874795
v 51.997562 -7.217939 -8.605099
v 51.997562 -5.613979 -9.728203
v 51.997555 -7.460745 -12.945228
v 63.234959 0.008086 2.128958
v 63.234959 -0.806625 1.966907
v 63.234959 0.822804 1.966901
v 63.234959 -1.497324 1.505400
v 63.234959 1.513503 1.505394
v 63.234959 -1.958819 0.814714
v 63.234959 1.975004 0.814707
v 63.234959 -2.120876 -0.000010
v 63.234959 2.137061 -0.000017
v 63.234959 -1.958819 -0.814734
v 63.234959 1.975003 -0.814740
v 63.234959 -1.497325 -1.505420
v 63.234959 1.513502 -1.505427
v 63.234959 -0.806638 -1.966921
v 63.234959 0.822803 -1.966928
v 63.234959 0.008086 -2.128991
v -63.320225 4.288016 7.417694
v -63.320225 7.423105 4.282597
v -63.320225 6.061948 6.056516
v -63.320225 -2.211460 8.273385
v -63.320225 2.222240 8.273373
v -63.320225 0.005396 8.565218
v -63.320225 -11.066634 -4.282642
v -63.320225 -11.066632 4.282618
v -63.320225 -21.053446 2.216817
v -63.320225 -20.233698 3.434318
v -63.320225 -21.429199 -0.753130
v -63.320225 -21.429199 0.753113
v -63.320225 -20.233698 -3.434347
v -63.320225 -21.053452 -2.216859
v -63.320225 0.005368 -8.565276
v -63.320225 -2.211476 -8.273431
v -63.320225 7.423104 -4.282638
v -63.320225 8.570636 -0.000017
v -63.320225 8.278778 2.216827
v -63.320225 8.278778 -2.216867
v -63.320225 4.288002 -7.417751
v -63.320225 6.061933 -6.056574
v -63.320225 2.222225 -8.273418
v -59.562416 -20.238642 3.396686
v -59.562416 -21.429199 0.753113
v -59.562416 -21.053446 2.216817
v -59.562416 -21.429199 -0.753130
v -59.562416 -20.238653 -3.396696
v -59.562416 -21.053452 -2.216859
v -59.562416 -11.066632 4.282598
v -59.562416 -11.066634 -4.282649
v -59.562416 -2.211460 8.273385
v -59.562416 -2.211476 -8.273431
v -56.917267 15.866787 -26.248447
v -56.917267 15.631255 -27.069683
v -56.917267 16.417471 -26.615768
v -56.917267 10.720372 -29.446955
v -56.917267 10.291904 -22.153645
v -56.917267 10.349819 -19.499495
v -56.917267 9.222695 -24.583603
v -56.917267 7.304973 -26.419426
v -56.917267 17.267025 -16.530380
v -56.917267 5.444141 -30.860727
v -56.917267 4.830688 -27.381632
v -56.917267 2.176527 -27.323709
v -56.917267 0.002573 -31.336800
v -56.917267 -0.253431 -26.254498
v -56.917267 -5.439000 -30.860741
v -56.917267 -2.089251 -24.336777
v -56.917267 -3.051449 -21.862497
v -56.917267 9.387624 -17.025208
v -56.917267 -2.993533 -19.208334
v -56.917267 6.121750 -10.598779
v -56.917267 7.551802 -15.107486
v -56.917267 7.869246 -9.375151
v -56.917267 4.188343 -11.500325
v -56.917267 5.121842 -14.038273
v -56.917267 17.558954 -10.136202
v -56.917267 2.467686 -13.980357
v -56.917267 2.127747 -12.052474
v -56.917267 9.377704 -7.866680
v -56.917267 10.601313 -6.119216
v -56.917267 11.502890 -4.185776
v -56.917267 0.002562 -12.238408
v -56.917267 17.940718 -0.000012
v -56.917267 -0.006600 -14.942562
v -56.917267 -1.924321 -16.778376
v -56.917267 12.055029 -2.125181
v -56.917267 12.240954 -0.000017
v -56.917267 12.055029 2.125171
v -56.917267 11.502892 4.185759
v -56.917267 17.807985 10.279943
v -56.917267 10.601331 6.119182
v -56.917267 9.377707 7.866652
v -56.917267 7.869251 9.375085
v -56.917267 17.408840 16.600626
v -56.917267 -2.122586 -12.052474
v -56.917267 6.121753 10.598706
v -56.917267 -7.006875 -18.132963
v -56.917267 -4.183175 -11.500319
v -56.917267 -10.715248 -29.446955
v -56.917267 -6.717857 -15.493954
v -56.917267 -7.460745 -12.945228
v -56.917252 -6.116611 -10.598777
v -56.917267 -8.283802 -20.460489
v -56.917267 -9.122438 -10.874795
v -56.917267 -7.864094 -9.375174
v -56.917267 -10.354225 -22.122181
v -56.917267 -12.902958 -22.865068
v -56.917267 -9.372557 -7.866684
v -56.917267 -11.449965 -9.597870
v -56.917267 -14.088971 -9.308852
v -56.917267 -15.541967 -22.576052
v -56.917267 -15.665819 -27.138477
v -56.917267 -10.596180 -6.119221
v -56.917267 -20.140306 -24.005377
v -56.917267 -17.869495 -21.299133
v -56.917267 -19.531189 -19.228699
v -56.917267 -24.002789 -20.142902
v -56.917267 -20.274075 -16.679962
v -56.917267 -27.135880 -15.668406
v -56.917267 -19.985056 -14.040952
v -56.917267 -18.708134 -11.713431
v -56.917267 -16.637707 -10.051734
v -56.917267 -18.393646 -6.286102
v -56.917267 -11.497720 -4.185780
v -56.917267 -29.444366 -10.717831
v -56.917267 -16.186270 -4.811177
v -56.917267 -20.997425 -6.804024
v -56.917267 -23.601200 -6.286102
v -56.917267 -25.808580 -4.811176
v -56.917252 -30.858124 -5.441606
v -56.917267 -27.283501 -2.603801
v -56.917267 -12.049871 -2.125191
v -56.917267 -14.711353 -2.603802
v -56.917252 -31.334194 -0.000026
v -56.917267 -27.801430 -0.000020
v -56.917267 -27.283501 2.603755
v -56.917267 -30.858124 5.441560
v -56.917267 -25.808580 4.811136
v -56.917267 -14.193425 -0.000021
v -56.917267 -12.235789 -0.000022
v -56.917267 -29.444366 10.717790
v -56.917267 -12.049871 2.125154
v -56.917267 -14.711353 2.603754
v -56.917267 -16.186270 4.811129
v -56.917267 -11.497711 4.185737
v -56.917267 -23.601202 6.286055
v -56.917267 -20.997425 6.803981
v -56.917267 -18.393646 6.286054
v -56.917267 -10.596177 6.119152
v -56.917267 -27.135874 15.668343
v -56.917267 -16.637701 10.051686
v -56.917267 -14.088968 9.308804
v -56.917267 -18.708126 11.713384
v -56.917267 -19.985054 14.040901
v -56.917267 -20.274069 16.679918
v -56.917267 -24.002792 20.142859
v -56.917267 -19.531187 19.228643
v -56.917267 -9.372561 7.866641
v -56.917267 -11.449964 9.597819
v -56.917252 -20.140320 24.005308
v -56.917267 -17.869492 21.299076
v -56.917267 -15.541964 22.576002
v -56.917267 -15.665822 27.138420
v -56.917267 -12.902950 22.865019
v -56.917267 -9.122437 10.874745
v -56.917267 -7.864110 9.375112
v -56.917267 -10.715260 29.446888
v -56.917267 -6.116614 10.598708
v -56.917267 -7.460743 12.945178
v -56.917267 -6.717854 15.493903
v -56.917267 -4.183207 11.500274
v -56.917267 -10.354224 22.122129
v -56.917267 -8.283793 20.460440
v -56.917267 -7.006871 18.132914
v -56.917267 -2.122597 12.052423
v -56.917267 -5.439009 30.860682
v -56.917267 -2.993528 19.208284
v -56.917267 -1.924319 16.778326
v -56.917267 -3.051441 21.862440
v -56.917267 -2.089249 24.336721
v -56.917267 -0.253423 26.254446
v -56.917267 0.002584 31.336777
v -56.917267 2.176531 27.323660
v -56.917267 0.002581 12.238357
v -56.917267 -0.006595 14.942506
v -56.917267 2.467689 13.980307
v -56.917267 2.127751 12.052423
v -56.917267 5.121847 14.038229
v -56.917267 4.188347 11.500268
v -56.917267 7.551805 15.107430
v -56.917267 9.387627 17.025152
v -56.917267 10.349824 19.499432
v -56.917267 5.444150 30.860682
v -56.917267 15.866812 26.248384
v -56.917267 4.830693 27.381575
v -56.917267 7.304978 26.419382
v -56.917267 10.291909 22.153595
v -56.917267 9.222702 24.583553
v -56.917267 10.720406 29.446915
v -56.917267 15.631275 27.069639
v -56.917267 16.417496 26.615711
v -67.831558 -20.620808 -0.000008
v -63.295517 -20.391329 1.153650
v -63.295517 -20.620810 -0.000015
v -67.831558 -20.391329 1.153656
v -63.295517 -19.737831 2.131676
v -67.831558 -19.737831 2.131689
v -63.295517 -18.759804 2.785162
v -67.831558 -18.759802 2.785175
v -63.295517 -17.606140 3.014655
v -67.831558 -17.606138 3.014661
v -63.295517 -16.452469 2.785162
v -67.831558 -16.452465 2.785175
v -63.295517 -15.474442 2.131676
v -67.831558 -15.474438 2.131688
v -63.295517 -14.820937 1.153637
v -67.831558 -14.820937 1.153643
v -63.295517 -14.591452 -0.000028
v -67.831558 -14.591452 -0.000015
v -63.295517 -14.820937 -1.153699
v -67.831558 -14.820937 -1.153692
v -63.295517 -15.474442 -2.131725
v -67.831558 -15.474438 -2.131706
v -63.295517 -16.452469 -2.785236
v -67.831558 -16.452467 -2.785217
v -63.295517 -17.606146 -3.014703
v -67.831558 -17.606142 -3.014691
v -63.295517 -18.759811 -2.785223
v -67.831558 -18.759806 -2.785211
v -63.295517 -19.737837 -2.131724
v -67.831558 -19.737837 -2.131706
v -63.295517 -20.391329 -1.153692
v -67.831558 -20.391329 -1.153679
v -59.539696 16.967016 25.869097
v -59.539684 20.415142 23.357252
v -56.917267 20.145491 24.005342
v -56.917267 24.007977 20.142868
v -56.917267 27.141024 15.668362
v -56.917267 29.449530 10.717772
v -56.917267 30.863295 5.441542
v -56.917267 31.339365 -0.000038
v -56.917267 30.863295 -5.441599
v -56.917267 29.449511 -10.717848
v -56.917267 27.141018 -15.668425
v -56.917267 24.007956 -20.142918
v -56.917267 20.145479 -24.005394
v -53.385513 5.192580 -0.000023
v -53.385513 3.671718 3.671681
v -53.385502 0.000007 5.192588
v -53.385513 -3.671697 3.671707
v -53.385513 -5.192580 -0.000016
v -53.385513 -3.671706 -3.671733
v -53.385513 0.000006 -5.192596
v -53.385513 3.671716 -3.671740
v -59.562416 0.005396 8.565218
v -59.562416 2.222240 8.273385
v -59.562416 4.288016 7.417694
v -59.562416 6.061948 6.056516
v -59.562416 7.423118 4.282622
v -59.562416 8.278778 2.216827
v -59.562416 8.570636 -0.000017
v -59.562416 8.278778 -2.216867
v -59.562416 7.423104 -4.282638
v -59.562416 6.061933 -6.056574
v -59.562416 4.288002 -7.417751
v -59.562416 2.222225 -8.273431
v -59.562416 0.005368 -8.565276
v -64.350082 -1.958819 0.814714
v -64.350082 -1.497324 1.505400
v -64.350082 -2.120876 -0.000023
v -64.350082 -0.806625 1.966889
v -64.350082 -1.958819 -0.814734
v -64.350082 0.008086 2.128958
v -64.350082 -1.497325 -1.505420
v -64.350082 0.822804 1.966882
v -64.350082 -0.806638 -1.966928
v -64.350082 1.513503 1.505394
v -64.350082 0.008086 -2.128991
v -64.350082 1.975004 0.814707
v -64.350082 0.822803 -1.966934
v -64.350082 2.137061 -0.000029
v -64.350082 1.513502 -1.505427
v -64.350082 1.975003 -0.814740
v -61.847137 0.002584 32.452625
v -61.847137 -5.632784 31.959593
v -61.847137 5.637926 31.959593
v -61.847126 -11.096913 30.495508
v -61.847137 11.102059 30.495508
v -61.847126 -16.223734 28.104816
v -61.847137 16.228926 28.104803
v -61.847115 -20.857578 24.860128
v -61.847137 20.862749 24.860163
v -61.847126 -24.857599 20.860130
v -61.847137 24.862759 20.860165
v -61.847126 -28.102243 16.226286
v -61.847137 28.107393 16.226316
v -61.847126 -30.492924 11.099432
v -61.847137 30.498098 11.099440
v -61.847115 -31.957056 5.635322
v -61.847137 31.962206 5.635304
v -61.847115 -32.450073 -0.000026
v -61.847137 32.455250 -0.000038
v -61.847115 -31.957037 -5.635375
v -61.847137 31.962206 -5.635374
v -61.847115 -30.492935 -11.099498
v -61.847137 30.498093 -11.099477
v -61.847115 -28.102243 -16.226349
v -61.847115 28.107388 -16.226341
v -61.847115 -24.857595 -20.860199
v -61.847126 24.862749 -20.860189
v -61.847115 -20.857586 -24.860197
v -61.847126 20.862724 -24.860214
v -61.847115 -16.223738 -28.104834
v -61.847126 16.228903 -28.104834
v -61.847115 -11.096884 -30.495537
v -61.847126 11.102039 -30.495523
v -61.847115 -5.632775 -31.959652
v -61.847115 5.637916 -31.959641
v -61.847115 0.002586 -32.452671
v -59.574856 2.029684 11.496281
v -59.574844 0.002581 11.673634
v -59.574871 3.995218 10.969610
v -59.574844 -2.024529 11.496281
v -59.574856 5.839403 10.109662
v -59.574856 -3.990057 10.969617
v -59.574856 7.506260 8.942517
v -59.574856 -5.834249 10.109664
v -59.574871 8.945133 7.503665
v -59.574856 -7.501100 8.942518
v -59.574871 10.112270 5.836811
v -59.574856 -8.939957 7.503654
v -59.574871 10.972220 3.992616
v -59.574844 -10.107117 5.836800
v -59.574856 11.498897 2.027088
v -59.574856 -10.967053 3.992593
v -59.574844 11.676237 -0.000017
v -59.574856 -11.493732 2.027077
v -59.574856 11.498897 -2.027123
v -59.574856 -11.671080 -0.000022
v -59.574856 10.972233 -3.992638
v -59.574844 -11.493732 -2.027127
v -59.574856 10.112252 -5.836845
v -59.574844 -10.967063 -3.992637
v -59.574844 8.945129 -7.503687
v -59.574844 -10.107113 -5.836844
v -59.574844 7.506243 -8.942570
v -59.574844 -8.939968 -7.503698
v -59.574844 5.839385 -10.109715
v -59.574856 -7.501103 -8.942569
v -59.574856 3.995214 -10.969668
v -59.574856 -5.834260 -10.109714
v -59.574856 2.029680 -11.496314
v -59.574856 -3.990039 -10.969662
v -59.574856 0.002562 -11.673686
v -59.574856 -2.024541 -11.496326
v -51.997555 -1.924319 16.778326
v -51.997555 -0.006595 14.942506
v -51.997562 -1.948029 11.062449
v -51.997555 -2.993528 19.208284
v -51.997562 -3.839373 10.555675
v -51.997562 0.002587 11.233111
v -51.997555 2.467689 13.980307
v -51.997562 0.002584 -0.000016
v -51.997562 1.953206 11.062449
v -51.997562 3.844543 10.555668
v -51.997562 5.619156 9.728157
v -51.997555 5.121847 14.038229
v -51.997555 7.551805 15.107430
v -51.997555 9.387627 17.025152
v -51.997570 -6.886471 39.069675
v -51.997555 -3.051441 21.862440
v -51.997555 -2.089249 24.336721
v -51.997555 -0.253423 26.254446
v -51.997570 0.002610 39.672394
v -51.997555 2.176531 27.323660
v -51.997581 6.891653 39.069691
v -51.997555 4.830693 27.381575
v -51.997570 13.571374 37.279850
v -51.997555 7.304978 26.419382
v -51.997555 9.222702 24.583553
v -51.997581 19.838799 34.357334
v -51.997555 10.291909 22.153595
v -51.997555 10.349824 19.499432
v -51.997570 25.503542 30.390854
v -51.997562 7.223104 8.605060
v -51.997570 30.393425 25.500896
v -51.997570 8.607666 7.220500
v -51.997570 34.359928 19.836164
v -51.997562 9.730768 5.616544
v -51.997570 37.282478 13.568739
v -51.997562 10.558282 3.841937
v -51.997570 39.072289 6.889011
v -51.997562 11.065050 1.950590
v -51.997570 39.675007 -0.000032
v -51.997562 11.235723 -0.000024
v -51.997570 39.072289 -6.889088
v -51.997562 11.065051 -1.950638
v -51.997562 10.558279 -3.841978
v -51.997570 37.282471 -13.568789
v -51.997570 34.359917 -19.836227
v -51.997562 9.730765 -5.616590
v -51.997570 30.393414 -25.500959
v -51.997562 8.607659 -7.220535
v -51.997570 25.503521 -30.390844
v -51.997562 7.223099 -8.605094
v -51.997555 9.387624 -17.025208
v -51.997570 19.838787 -34.357334
v -51.997562 5.619156 -9.728191
v -51.997555 10.349819 -19.499495
v -51.997555 10.291904 -22.153645
v -51.997555 9.222695 -24.583603
v -51.997555 13.571374 -37.279888
v -51.997555 7.304973 -26.419426
v -51.997555 7.551802 -15.107486
v -51.997555 6.891640 -39.069710
v -51.997555 4.830688 -27.381632
v -51.997555 2.176527 -27.323709
v -51.997555 0.002585 -39.672440
v -51.997555 -0.253431 -26.254498
v -51.997555 -6.886439 -39.069710
v -51.997555 -2.089251 -24.336777
v -51.997555 -3.051449 -21.862497
v -51.997555 5.121842 -14.038273
v -51.997555 -2.993533 -19.208334
v -51.997562 -3.839369 -10.555714
v -51.997562 3.844544 -10.555714
v -51.997555 2.467686 -13.980357
v -51.997562 1.953203 -11.062494
v -51.997562 0.002584 -11.233150
v -51.997562 -1.948028 -11.062488
v -51.997555 -0.006600 -14.942562
v -51.997555 -1.924321 -16.778376
v -51.997555 -7.006875 -18.132963
v -51.997555 -13.566167 -37.279915
v -51.997555 -6.717857 -15.493954
v -51.997555 -8.283802 -20.460489
v -51.997555 -10.354225 -22.122181
v -51.997555 -12.902958 -22.865068
v -51.997555 -15.541967 -22.576052
v -51.997543 -19.833605 -34.357353
v -51.997543 -25.498367 -30.390863
v -51.997555 -30.388269 -25.500954
v -51.997555 -17.869495 -21.299133
v -51.997555 -19.531189 -19.228699
v -51.997555 -20.274075 -16.679962
v -51.997555 -34.354748 -19.836227
v -51.997555 -19.985056 -14.040952
v -51.997555 -18.708134 -11.713431
v -51.997555 -16.637707 -10.051734
v -51.997555 -18.393646 -6.286102
v -51.997570 -37.277302 -13.568789
v -51.997555 -20.997425 -6.804024
v -51.997555 -23.601200 -6.286102
v -51.997555 -25.808580 -4.811176
v -51.997555 -39.067120 -6.889056
v -51.997555 -27.283501 -2.603801
v -51.997555 -27.801430 -0.000020
v -51.997555 -39.669849 -0.000013
v -51.997555 -27.283501 2.603755
v -51.997570 -39.067131 6.889023
v -51.997555 -25.808580 4.811136
v -51.997555 -37.277294 13.568765
v -51.997555 -23.601202 6.286055
v -51.997555 -20.997425 6.803981
v -51.997555 -18.393646 6.286054
v -51.997570 -34.354736 19.836184
v -51.997555 -16.637701 10.051686
v -51.997555 -18.708126 11.713384
v -51.997555 -19.985054 14.040901
v -51.997555 -20.274069 16.679918
v -51.997570 -30.388256 25.500927
v -51.997555 -19.531187 19.228643
v -51.997555 -25.498363 30.390797
v -51.997555 -17.869492 21.299076
v -51.997555 -15.541964 22.576002
v -51.997570 -19.833630 34.357288
v -51.997555 -12.902950 22.865019
v -51.997570 -13.566192 37.279861
v -51.997555 -10.354224 22.122129
v -51.997555 -8.283793 20.460440
v -51.997555 -7.006871 18.132914
v -51.997555 -6.717854 15.493903
v -51.997555 -7.460743 12.945178
v -51.997562 -5.613986 9.728159
v -51.997555 -9.122437 10.874745
v -51.997562 -7.217933 8.605061
v -51.997562 -8.602493 7.220502
v -51.997555 -11.449964 9.597819
v -51.997562 -9.725592 5.616545
v -51.997555 -14.088968 9.308804
v -51.997562 -10.553108 3.841938
v -51.997555 -16.186270 4.811129
v -51.997555 -14.711353 2.603754
v -51.997562 -11.059896 1.950592
v -51.997562 -11.230548 -0.000015
v -51.997555 -14.193425 -0.000021
v -51.997562 -11.059893 -1.950636
v -51.997555 -14.711353 -2.603802
v -51.997562 -10.553112 -3.841982
v -51.997555 -16.186270 -4.811177
v -51.997562 -9.725597 -5.616583
v -51.997555 -14.088971 -9.308852
v -51.997555 -11.449965 -9.597870
v -51.997562 -8.602497 -7.220533
v -51.997555 -9.122438 -10.874795
v -51.997562 -7.217939 -8.605099
v -51.997562 -5.613979 -9.728203
v -51.997555 -7.460745 -12.945228
v -63.234959 0.008086 2.128958
v -63.234959 -0.806625 1.966907
v -63.234959 0.822804 1.966901
v -63.234959 -1.497324 1.505400
v -63.234959 1.513503 1.505394
v -63.234959 -1.958819 0.814714
v -63.234959 1.975004 0.814707
v -63.234959 -2.120876 -0.000010
v -63.234959 2.137061 -0.000017
v -63.234959 -1.958819 -0.814734
v -63.234959 1.975003 -0.814740
v -63.234959 -1.497325 -1.505420
v -63.234959 1.513502 -1.505427
v -63.234959 -0.806638 -1.966921
v -63.234959 0.822803 -1.966928
v -63.234959 0.008086 -2.128991
vn -1.0000 -0.0000 -0.0000
vn 1.0000 -0.0000 -0.0000
vn -0.0000 -1.0000 -0.0000
vn -0.0000 -0.9239 0.3827
vn -0.0000 -0.7071 0.7071
vn -0.0000 -0.0000 1.0000
vn -0.0000 -0.3827 0.9239
vn -0.0000 0.7071 0.7071
vn -0.0000 0.3827 0.9239
vn -0.0000 -0.0000 -1.0000
vn -0.0000 0.3827 -0.9239
vn -0.0000 0.7071 -0.7071
vn -0.0000 -0.9239 -0.3827
vn -0.0000 -0.7071 -0.7071
vn -0.0000 -0.3827 -0.9239
vn -0.0000 0.9239 0.3827
vn -0.0000 0.9239 -0.3827
vn -0.0000 1.0000 -0.0000
vn -0.0000 -0.5736 -0.8192
vn -0.0000 -0.8434 -0.5373
vn -0.0000 0.9763 0.2164
vn -0.0000 0.9848 -0.1736
vn -0.0011 -0.8244 0.5660
vn -0.0018 -0.9117 0.4108
vn -0.0045 -0.8295 0.5585
vn -0.0074 -0.0952 -0.9954
vn -0.0012 -0.2555 -0.9668
vn -0.0000 -0.2550 -0.9669
vn -0.0000 -0.9848 0.1737
vn -0.0000 -0.9763 -0.2164
vn -0.0000 -0.9848 0.1736
vn -0.0000 0.2588 0.9659
vn -0.0000 0.8660 0.5000
vn -0.0000 -0.2164 0.9763
vn -0.0000 0.1736 0.9848
vn -0.0000 0.8660 -0.5000
vn -0.0000 0.9659 -0.2588
vn -0.0000 0.5000 -0.8660
vn -0.0000 0.2588 -0.9659
vn 0.1290 0.5786 0.8053
vn 0.1208 0.5744 0.8096
vn 0.1379 0.5832 0.8006
vn 0.2208 -0.7471 -0.6269
vn 0.2208 -0.8447 -0.4877
vn 0.2208 0.3336 -0.9165
vn 0.2208 0.4877 -0.8447
vn 0.2208 0.8447 -0.4877
vn 0.2208 0.9165 -0.3336
vn 0.2208 -0.9753 -0.0000
vn 0.2208 -0.9605 -0.1694
vn 0.2208 0.3336 0.9165
vn 0.2208 0.4877 0.8447
vn 0.2208 -0.6269 -0.7471
vn 0.2208 0.6269 -0.7471
vn 0.2208 0.1694 -0.9605
vn 0.2271 -0.5276 0.8186
vn 0.2208 -0.6269 0.7471
vn 0.2255 -0.4862 0.8443
vn 0.2244 -0.3364 0.9146
vn 0.2208 -0.3336 0.9165
vn 0.2208 -0.1694 0.9605
vn 0.2208 -0.0000 0.9753
vn 0.2208 0.1694 0.9605
vn 0.2208 0.9605 -0.1694
vn 0.2208 0.7471 0.6269
vn 0.2208 0.8447 0.4877
vn 0.2208 0.9605 0.1694
vn 0.2208 0.9753 -0.0000
vn 0.2208 -0.9165 -0.3336
vn 0.2208 0.7471 -0.6269
vn 0.2208 -0.7471 0.6269
vn 0.2208 -0.1694 -0.9605
vn 0.2208 -0.0000 -0.9753
vn 0.2208 -0.9605 0.1694
vn 0.2244 -0.3364 -0.9146
vn 0.2255 -0.4862 -0.8443
vn 0.2208 -0.3336 -0.9165
vn -0.0012 -0.2555 0.9668
vn -0.0074 -0.0952 0.9954
vn -0.0000 -0.2550 0.9669
vn -0.0000 -0.1736 -0.9848
vn -0.0000 0.2164 -0.9763
vn -0.0000 -0.4618 -0.8870
vn -0.0000 -0.0872 -0.9962
vn -0.0000 -0.4617 -0.8870
vn 0.2079 -0.4891 -0.8471
vn 0.2079 -0.6288 -0.7493
vn 0.2079 -0.1699 0.9633
vn 0.2079 -0.0000 0.9782
vn 0.2078 0.4891 0.8471
vn 0.2078 0.3346 0.9192
vn 0.2078 0.6287 0.7493
vn 0.2079 0.9192 0.3346
vn 0.2079 0.8471 0.4891
vn 0.2078 0.7493 0.6288
vn 0.2078 0.8471 0.4891
vn 0.2079 -0.3345 -0.9192
vn 0.2078 -0.3345 -0.9192
vn 0.2079 0.9633 0.1699
vn 0.2079 0.9192 -0.3346
vn 0.2078 0.9633 -0.1699
vn 0.2078 0.9192 -0.3346
vn 0.2079 -0.0000 -0.9782
vn 0.2079 0.1699 -0.9633
vn 0.2079 -0.9633 0.1699
vn 0.2079 -0.9192 0.3346
vn 0.2079 0.9633 -0.1699
vn 0.2079 0.9782 -0.0000
vn 0.2079 -0.9633 -0.1699
vn 0.2079 -0.9782 -0.0000
vn 0.2079 -0.9192 -0.3345
vn 0.2079 -0.9192 -0.3346
vn 0.2078 0.6288 -0.7493
vn 0.2078 0.7493 -0.6287
vn 0.2079 0.6287 -0.7493
vn 0.2079 0.8471 -0.4891
vn 0.2079 0.4891 -0.8471
vn 0.2079 -0.7493 -0.6287
vn 0.2079 0.3345 -0.9192
vn 0.2078 0.3345 -0.9192
vn 0.2079 -0.3346 0.9192
vn 0.2079 -0.3345 0.9192
vn 0.2079 0.1699 0.9633
vn 0.2079 -0.8471 -0.4891
vn 0.2078 -0.7493 -0.6287
vn 0.2079 -0.1699 -0.9633
vn 0.2079 -0.8471 0.4891
vn 0.2079 -0.9192 0.3345
vn -0.0000 -0.8434 0.5373
vn -0.0000 -0.5736 0.8192
vn -0.0000 0.4617 -0.8870
vn -0.0000 0.0872 -0.9962
vn -0.0000 -0.6428 0.7660
vn -0.0000 -0.3007 0.9537
vn -0.0000 0.9763 -0.2164
vn -0.0000 0.9848 0.1737
vn -0.0000 -0.2736 -0.9618
vn -0.0000 0.9962 0.0872
vn -0.0000 0.8870 0.4617
vn -0.0000 -0.9537 -0.3007
vn -0.0000 -0.7660 -0.6428
vn -0.0000 0.1737 -0.9848
vn -0.0000 -0.2164 -0.9763
vn -0.0000 0.5736 -0.8192
vn -0.0000 0.8434 -0.5373
vn -0.0000 -0.5373 0.8434
vn -0.0000 -0.8192 0.5736
vn -0.0000 -0.0872 0.9962
vn -0.0000 -0.4618 0.8870
vn -0.0000 -0.9962 -0.0872
vn -0.0000 -0.9537 0.3007
vn -0.0000 0.7660 -0.6428
vn -0.0000 0.9962 -0.0872
vn -0.0000 0.9537 0.3007
vn -0.0000 0.6428 0.7660
vn 0.2208 -0.9165 0.3336
vn -0.0000 -0.2736 0.9618
vn -0.0018 -0.9117 -0.4108
vn -0.0011 -0.8244 -0.5660
vn -0.0045 -0.8295 -0.5585
vn -0.0000 0.9537 -0.3007
vn -0.0000 0.5000 0.8660
vn -0.0000 -0.9921 -0.1253
vn -0.0000 -0.9099 -0.4149
vn -0.0000 -0.9921 0.1253
vn -0.0000 0.9659 0.2588
vn 0.2271 -0.5276 -0.8186
vn 0.2355 -0.4548 0.8589
vn 0.2208 -0.8447 0.4877
vn 0.2208 0.6269 0.7471
vn 0.2208 0.9165 0.3336
vn 0.2355 -0.4548 -0.8589
vn -0.0000 0.3007 -0.9537
vn -0.0000 0.8870 -0.4617
vn 0.2078 -0.9782 -0.0000
vn 0.2078 -0.4891 0.8471
vn 0.2079 -0.7493 0.6287
vn 0.2079 -0.7493 0.6288
vn 0.2079 -0.6288 0.7493
vn 0.2079 -0.6287 0.7493
vn -0.0000 -0.9099 0.4149
vn -0.0000 0.5373 0.8434
vn -0.0000 -0.9962 0.0872
vn -0.0000 -0.7660 0.6428
vn -0.0000 0.8192 0.5736
vn -0.0000 -0.9848 -0.1736
vn -0.0000 0.8434 0.5373
vn -0.0000 0.5736 0.8192
vn -0.0000 0.2164 0.9763
vn -0.0000 -0.1737 0.9848
vn -0.0000 -0.8192 -0.5736
vn -0.0000 -0.8870 0.4618
vn -0.0000 -0.8870 0.4617
vn -0.0000 0.4617 0.8870
vn -0.0000 0.7660 0.6428
vn -0.0000 0.6428 -0.7660
vn -0.0000 0.0872 0.9962
vn -0.0000 -0.5373 -0.8434
vn -0.0000 -0.3007 -0.9537
vn -0.0000 -0.6428 -0.7660
vn -0.0000 -0.9763 0.2164
vn -0.0000 -0.1736 0.9848
vn -0.0000 0.8192 -0.5736
vn -0.0000 0.5373 -0.8434
vn -0.0000 0.1736 -0.9848
vn -0.0000 0.9848 0.1736
vn -0.0000 0.3007 0.9537
vn -0.0000 -0.8870 -0.4618
vn -0.0000 0.8191 -0.5736
vn -0.0000 -0.8870 -0.4617
vn -0.0000 -0.4617 0.8870
vn 0.0018 -0.9117 0.4108
vn 0.0011 -0.8244 0.5660
vn 0.0045 -0.8295 0.5585
vn 0.0012 -0.2555 -0.9668
vn 0.0074 -0.0952 -0.9954
vn -0.1208 0.5744 0.8096
vn -0.1290 0.5786 0.8053
vn -0.1379 0.5832 0.8006
vn -0.2208 -0.7471 -0.6269
vn -0.2208 -0.8447 -0.4877
vn -0.2208 0.4877 -0.8447
vn -0.2208 0.3336 -0.9165
vn -0.2208 0.9165 -0.3336
vn -0.2208 0.8447 -0.4877
vn -0.2208 -0.9605 -0.1694
vn -0.2208 -0.9753 -0.0000
vn -0.2208 0.3336 0.9165
vn -0.2208 0.4877 0.8447
vn -0.2208 -0.6269 -0.7471
vn -0.2208 0.6269 -0.7471
vn -0.2208 0.1694 -0.9605
vn -0.2208 -0.6269 0.7471
vn -0.2271 -0.5276 0.8186
vn -0.2244 -0.3364 0.9146
vn -0.2255 -0.4862 0.8443
vn -0.2208 -0.3336 0.9165
vn -0.2208 -0.1694 0.9605
vn -0.2208 -0.0000 0.9753
vn -0.2208 0.1694 0.9605
vn -0.2208 0.9605 -0.1694
vn -0.2208 0.7471 0.6269
vn -0.2208 0.8447 0.4877
vn -0.2208 0.9605 0.1694
vn -0.2208 0.9753 -0.0000
vn -0.2208 -0.9165 -0.3336
vn -0.2208 0.7471 -0.6269
vn -0.2208 -0.7471 0.6269
vn -0.2208 -0.0000 -0.9753
vn -0.2208 -0.1694 -0.9605
vn -0.2208 -0.9605 0.1694
vn -0.2244 -0.3364 -0.9146
vn -0.2255 -0.4862 -0.8443
vn -0.2355 -0.4548 -0.8589
vn 0.0074 -0.0952 0.9954
vn 0.0012 -0.2555 0.9668
vn -0.2079 -0.4891 -0.8471
vn -0.2079 -0.6288 -0.7493
vn -0.2079 -0.1699 0.9633
vn -0.2079 -0.0000 0.9782
vn -0.2078 0.4891 0.8471
vn -0.2078 0.3346 0.9192
vn -0.2078 0.6287 0.7493
vn -0.2079 0.8471 0.4891
vn -0.2079 0.9192 0.3345
vn -0.2079 0.9192 0.3346
vn -0.2078 0.7493 0.6288
vn -0.2078 0.8471 0.4891
vn -0.2079 -0.3345 -0.9192
vn -0.2078 -0.3345 -0.9192
vn -0.2079 0.9633 0.1699
vn -0.2078 0.9633 -0.1699
vn -0.2079 0.9192 -0.3346
vn -0.2078 0.9192 -0.3346
vn -0.2079 -0.0000 -0.9782
vn -0.2079 0.1699 -0.9633
vn -0.2079 -0.9633 0.1699
vn -0.2079 -0.9192 0.3346
vn -0.2079 -0.9192 0.3345
vn -0.2079 0.9782 -0.0000
vn -0.2079 0.9633 -0.1699
vn -0.2079 -0.9633 -0.1699
vn -0.2079 -0.9782 -0.0000
vn -0.2078 -0.9782 -0.0000
vn -0.2079 -0.9192 -0.3345
vn -0.2079 -0.9192 -0.3346
vn -0.2078 0.7493 -0.6287
vn -0.2078 0.6288 -0.7493
vn -0.2079 0.6287 -0.7493
vn -0.2079 0.8471 -0.4891
vn -0.2079 0.4891 -0.8471
vn -0.2079 -0.7493 -0.6287
vn -0.2078 -0.7493 -0.6287
vn -0.2079 0.3345 -0.9192
vn -0.2078 0.3345 -0.9192
vn -0.2079 -0.3346 0.9192
vn -0.2079 -0.3345 0.9192
vn -0.2079 0.1699 0.9633
vn -0.2079 -0.8471 -0.4891
vn -0.2079 -0.1699 -0.9633
vn -0.2079 -0.8471 0.4891
vn -0.2208 -0.9165 0.3336
vn 0.0011 -0.8244 -0.5660
vn 0.0018 -0.9117 -0.4108
vn 0.0045 -0.8295 -0.5585
vn -0.2271 -0.5276 -0.8186
vn -0.2355 -0.4548 0.8589
vn -0.2208 -0.8447 0.4877
vn -0.2208 0.6269 0.7471
vn -0.2208 0.9165 0.3336
vn -0.2078 -0.4891 0.8471
vn -0.2079 -0.7493 0.6287
vn -0.2079 -0.7493 0.6288
vn -0.2079 -0.6288 0.7493
vn -0.2079 -0.6287 0.7493
vn -0.2078 0.7493 -0.6288
vn -0.0098 -0.0961 -0.9953
vn 0.1123 0.5699 0.8140
vn -0.0098 -0.0961 0.9953
vn 0.2078 0.7493 -0.6288
vn 0.0098 -0.0961 -0.9953
vn -0.1123 0.5699 0.8140
vn -0.2208 -0.3336 -0.9165
vn 0.0098 -0.0961 0.9953
vt 0.371308 0.796113
vt 0.365454 0.803090
vt 0.371986 0.803089
vt 0.375019 0.809832
vt 0.362422 0.809822
vt 0.051626 0.460347
vt 0.051532 0.452630
vt 0.044493 0.457403
vt 0.058384 0.456305
vt 0.059399 0.449277
vt 0.071172 0.511154
vt 0.074285 0.514174
vt 0.074209 0.511326
vt 0.068647 0.476538
vt 0.064467 0.475132
vt 0.065787 0.477647
vt 0.051235 0.513292
vt 0.065418 0.509204
vt 0.062955 0.507537
vt 0.076163 0.446717
vt 0.069740 0.465312
vt 0.075986 0.465061
vt 0.077962 0.476320
vt 0.082158 0.474672
vt 0.078893 0.472374
vt 0.071697 0.475903
vt 0.074828 0.475835
vt 0.106839 0.460150
vt 0.097541 0.477666
vt 0.112298 0.466655
vt 0.112247 0.479736
vt 0.119337 0.482093
vt 0.116524 0.474085
vt 0.085588 0.506771
vt 0.090091 0.506222
vt 0.087750 0.504428
vt 0.091357 0.492415
vt 0.093733 0.488523
vt 0.090867 0.489243
vt 0.090637 0.498731
vt 0.102231 0.496295
vt 0.091293 0.495632
vt 0.118673 0.507360
vt 0.100921 0.502504
vt 0.086543 0.454776
vt 0.092775 0.450577
vt 0.084659 0.447880
vt 0.110824 0.522454
vt 0.103330 0.521714
vt 0.104929 0.528645
vt 0.090317 0.537277
vt 0.089196 0.517595
vt 0.083515 0.520338
vt 0.089799 0.486243
vt 0.064755 0.527468
vt 0.053274 0.521378
vt 0.056686 0.535452
vt 0.896441 0.962362
vt 0.894631 0.968648
vt 0.896441 0.968648
vt 0.892864 0.962362
vt 0.894631 0.962362
vt 0.889287 0.962362
vt 0.891065 0.968648
vt 0.891065 0.962362
vt 0.885666 0.962362
vt 0.887488 0.968648
vt 0.887488 0.962362
vt 0.874935 0.962362
vt 0.876734 0.968648
vt 0.876734 0.962362
vt 0.878512 0.968648
vt 0.878512 0.962362
vt 0.869525 0.962362
vt 0.871336 0.968648
vt 0.871336 0.962361
vt 0.873146 0.962362
vt 0.874935 0.968648
vt 0.883911 0.962361
vt 0.885666 0.968648
vt 0.880300 0.962362
vt 0.882111 0.968648
vt 0.882111 0.962361
vt 0.433611 0.883664
vt 0.443847 0.896456
vt 0.445282 0.893737
vt 0.892864 0.968648
vt 0.057077 0.475864
vt 0.057244 0.469777
vt 0.053778 0.474148
vt 0.435657 0.970909
vt 0.412862 0.968430
vt 0.412862 0.970909
vt 0.078949 0.524060
vt 0.084318 0.524270
vt 0.443909 0.901847
vt 0.442744 0.896933
vt 0.444742 0.890900
vt 0.437474 0.879043
vt 0.064261 0.523690
vt 0.069770 0.525885
vt 0.069410 0.524071
vt 0.411190 0.895051
vt 0.404703 0.898532
vt 0.408838 0.900722
vt 0.753215 0.568619
vt 0.755516 0.569787
vt 0.754215 0.568138
vt 0.404259 0.888543
vt 0.396767 0.886730
vt 0.398469 0.891329
vt 0.070543 0.514909
vt 0.074164 0.519413
vt 0.407698 0.873880
vt 0.400014 0.872010
vt 0.405360 0.876157
vt 0.413674 0.871431
vt 0.417482 0.865220
vt 0.412778 0.865174
vt 0.420002 0.871918
vt 0.416895 0.871335
vt 0.435657 0.956086
vt 0.412862 0.958548
vt 0.435657 0.958548
vt 0.588808 0.878035
vt 0.572985 0.881123
vt 0.574319 0.884771
vt 0.576291 0.862566
vt 0.590081 0.870917
vt 0.578789 0.859587
vt 0.049257 0.533989
vt 0.054311 0.535371
vt 0.050020 0.532688
vt 0.042871 0.530356
vt 0.035377 0.527216
vt 0.041431 0.532362
vt 0.098008 0.533683
vt 0.106851 0.530822
vt 0.123258 0.499377
vt 0.120438 0.499066
vt 0.026121 0.505482
vt 0.026299 0.513819
vt 0.028633 0.512781
vt 0.085310 0.445075
vt 0.076333 0.443854
vt 0.048132 0.536583
vt 0.113042 0.524190
vt 0.099482 0.536162
vt 0.037009 0.464117
vt 0.030961 0.467773
vt 0.033086 0.469433
vt 0.036178 0.461017
vt 0.042678 0.455266
vt 0.050098 0.450229
vt 0.058416 0.446538
vt 0.067696 0.447165
vt 0.067241 0.444322
vt 0.120661 0.490546
vt 0.123517 0.490327
vt 0.100250 0.454720
vt 0.108827 0.458120
vt 0.101841 0.452351
vt 0.122124 0.481403
vt 0.119119 0.472865
vt 0.037195 0.525434
vt 0.030243 0.520937
vt 0.115425 0.515260
vt 0.121394 0.508204
vt 0.026953 0.474542
vt 0.029165 0.475661
vt 0.073366 0.540142
vt 0.082397 0.542218
vt 0.081999 0.539339
vt 0.091280 0.540020
vt 0.024907 0.497850
vt 0.023606 0.506129
vt 0.064859 0.539340
vt 0.073220 0.542967
vt 0.056047 0.539665
vt 0.064255 0.542068
vt 0.591877 0.869653
vt 0.592484 0.867677
vt 0.590996 0.867777
vt 0.592618 0.853170
vt 0.593411 0.860681
vt 0.596517 0.853175
vt 0.616745 0.873476
vt 0.609680 0.872621
vt 0.610097 0.874046
vt 0.585141 0.855165
vt 0.588189 0.862065
vt 0.589180 0.860947
vt 0.572328 0.873403
vt 0.588433 0.873743
vt 0.573005 0.869579
vt 0.589357 0.878995
vt 0.576250 0.888145
vt 0.578744 0.891128
vt 0.574343 0.865933
vt 0.590914 0.880553
vt 0.581720 0.893621
vt 0.603991 0.855194
vt 0.600666 0.861963
vt 0.602153 0.862001
vt 0.594631 0.890782
vt 0.592556 0.897592
vt 0.596436 0.897598
vt 0.595935 0.890082
vt 0.592882 0.881470
vt 0.593832 0.883333
vt 0.593965 0.881665
vt 0.595068 0.881676
vt 0.595250 0.883747
vt 0.612770 0.888204
vt 0.606693 0.883750
vt 0.606389 0.885206
vt 0.616745 0.877364
vt 0.609206 0.876833
vt 0.616053 0.881194
vt 0.591717 0.890518
vt 0.588730 0.896903
vt 0.604331 0.880208
vt 0.614719 0.884836
vt 0.609926 0.875529
vt 0.607354 0.857146
vt 0.600812 0.875939
vt 0.602484 0.874700
vt 0.600811 0.874839
vt 0.599004 0.870928
vt 0.599117 0.868856
vt 0.598156 0.870217
vt 0.603363 0.868954
vt 0.600262 0.872735
vt 0.604523 0.870982
vt 0.597207 0.869671
vt 0.600624 0.877030
vt 0.605137 0.878020
vt 0.600161 0.881031
vt 0.599699 0.879006
vt 0.598984 0.879857
vt 0.756578 0.568162
vt 0.751819 0.570439
vt 0.753654 0.570457
vt 0.429191 0.901787
vt 0.429241 0.895657
vt 0.073839 0.534243
vt 0.076020 0.528454
vt 0.074191 0.528839
vt 0.755886 0.563082
vt 0.755071 0.565117
vt 0.756737 0.564586
vt 0.751060 0.568275
vt 0.748897 0.568665
vt 0.750189 0.569803
vt 0.754577 0.561929
vt 0.754529 0.564152
vt 0.095362 0.522617
vt 0.098854 0.516861
vt 0.097178 0.516797
vt 0.751105 0.561283
vt 0.752688 0.563048
vt 0.752954 0.561284
vt 0.748181 0.563578
vt 0.750549 0.563562
vt 0.749274 0.561950
vt 0.612818 0.862633
vt 0.614754 0.865996
vt 0.077059 0.479880
vt 0.080958 0.477359
vt 0.078961 0.506701
vt 0.077293 0.510966
vt 0.080281 0.510075
vt 0.069316 0.507085
vt 0.071692 0.507621
vt 0.067118 0.506158
vt 0.068222 0.510441
vt 0.058974 0.503207
vt 0.063328 0.503214
vt 0.061889 0.501334
vt 0.065062 0.504828
vt 0.060770 0.505533
vt 0.074590 0.479453
vt 0.060724 0.499237
vt 0.056160 0.492029
vt 0.059586 0.494680
vt 0.059578 0.492294
vt 0.069680 0.479980
vt 0.067339 0.480857
vt 0.087660 0.492662
vt 0.056189 0.494953
vt 0.059974 0.497018
vt 0.056656 0.497847
vt 0.086429 0.487758
vt 0.088221 0.483420
vt 0.085170 0.485542
vt 0.059037 0.483664
vt 0.060778 0.487707
vt 0.061932 0.485596
vt 0.059981 0.489950
vt 0.060892 0.481265
vt 0.063447 0.483723
vt 0.079429 0.480711
vt 0.083703 0.478937
vt 0.063143 0.479248
vt 0.065274 0.482112
vt 0.083087 0.508652
vt 0.081145 0.505580
vt 0.074115 0.507767
vt 0.083539 0.483589
vt 0.081617 0.481956
vt 0.072080 0.479491
vt 0.087086 0.497684
vt 0.087596 0.495196
vt 0.412862 0.965968
vt 0.435657 0.963489
vt 0.412862 0.963489
vt 0.065295 0.520088
vt 0.070814 0.520738
vt 0.067390 0.517012
vt 0.093447 0.472819
vt 0.088051 0.469198
vt 0.090048 0.474938
vt 0.096006 0.508840
vt 0.093088 0.503559
vt 0.063243 0.464245
vt 0.063789 0.465796
vt 0.435657 0.951136
vt 0.412862 0.953615
vt 0.435657 0.953615
vt 0.422605 0.873382
vt 0.421937 0.866357
vt 0.096098 0.461480
vt 0.089351 0.462221
vt 0.090257 0.463599
vt 0.095646 0.516068
vt 0.094503 0.514834
vt 0.435657 0.961036
vt 0.412862 0.961036
vt 0.095445 0.492171
vt 0.099593 0.487159
vt 0.060314 0.470538
vt 0.060834 0.476231
vt 0.112783 0.491417
vt 0.108236 0.486582
vt 0.107695 0.488308
vt 0.081217 0.531473
vt 0.078589 0.525862
vt 0.077545 0.527437
vt 0.055723 0.465431
vt 0.056351 0.463978
vt 0.082497 0.455465
vt 0.083297 0.462144
vt 0.084698 0.461243
vt 0.076738 0.469005
vt 0.082016 0.465219
vt 0.090345 0.466813
vt 0.089430 0.468248
vt 0.108601 0.511254
vt 0.101936 0.510347
vt 0.102474 0.511954
vt 0.093921 0.458020
vt 0.087951 0.461276
vt 0.406015 0.891284
vt 0.403242 0.885487
vt 0.414204 0.896026
vt 0.408383 0.893467
vt 0.444796 0.895191
vt 0.445221 0.892228
vt 0.403746 0.879012
vt 0.403053 0.882198
vt 0.410545 0.872292
vt 0.367020 0.795469
vt 0.366142 0.796113
vt 0.368164 0.795202
vt 0.369286 0.795202
vt 0.370408 0.795469
vt 0.038647 0.464430
vt 0.038257 0.462852
vt 0.049817 0.467913
vt 0.049936 0.463977
vt 0.090559 0.455635
vt 0.108307 0.515362
vt 0.062408 0.456565
vt 0.066003 0.458383
vt 0.068573 0.461489
vt 0.051169 0.471464
vt 0.042756 0.478651
vt 0.057617 0.486295
vt 0.044914 0.486827
vt 0.056674 0.489105
vt 0.047975 0.500029
vt 0.069355 0.469225
vt 0.067516 0.472684
vt 0.057608 0.500593
vt 0.076818 0.461062
vt 0.079096 0.457714
vt 0.089457 0.501728
vt 0.086077 0.475577
vt 0.086157 0.480974
vt 0.096777 0.465529
vt 0.095849 0.469486
vt 0.094866 0.480718
vt 0.101214 0.475872
vt 0.105312 0.475626
vt 0.109155 0.476983
vt 0.093509 0.484517
vt 0.114212 0.487557
vt 0.098432 0.494895
vt 0.110021 0.494425
vt 0.106295 0.496177
vt 0.096904 0.502274
vt 0.104578 0.504307
vt 0.107291 0.507379
vt 0.099416 0.522957
vt 0.087980 0.513795
vt 0.088306 0.509776
vt 0.091783 0.520730
vt 0.081367 0.517043
vt 0.083521 0.528184
vt 0.077818 0.533635
vt 0.078093 0.514888
vt 0.069941 0.533246
vt 0.066726 0.530838
vt 0.057091 0.537004
vt 0.055393 0.536489
vt 0.022465 0.489893
vt 0.022317 0.498048
vt 0.604547 0.863685
vt 0.610324 0.859650
vt 0.867781 0.968648
vt 0.869525 0.968648
vt 0.889287 0.968648
vt 0.873146 0.968648
vt 0.413262 0.901848
vt 0.883911 0.968648
vt 0.102502 0.481554
vt 0.104249 0.481461
vt 0.448599 0.887940
vt 0.090631 0.465203
vt 0.450314 0.894349
vt 0.449962 0.890954
vt 0.756982 0.566341
vt 0.072362 0.519770
vt 0.449517 0.897792
vt 0.396290 0.881674
vt 0.880300 0.968648
vt 0.408072 0.866319
vt 0.588821 0.872709
vt 0.025040 0.490176
vt 0.024001 0.481959
vt 0.032372 0.519493
vt 0.093918 0.447925
vt 0.114622 0.465033
vt 0.026462 0.482671
vt 0.117975 0.516569
vt 0.595100 0.869109
vt 0.594803 0.865896
vt 0.593820 0.867015
vt 0.595287 0.864492
vt 0.596176 0.869295
vt 0.593989 0.869096
vt 0.594533 0.875383
vt 0.592916 0.869285
vt 0.590920 0.870215
vt 0.589596 0.867289
vt 0.588462 0.866305
vt 0.595199 0.863002
vt 0.594534 0.861661
vt 0.590542 0.889581
vt 0.585071 0.895576
vt 0.607294 0.893673
vt 0.602856 0.887552
vt 0.603920 0.895604
vt 0.581771 0.857092
vt 0.587712 0.863486
vt 0.587804 0.864965
vt 0.589368 0.871752
vt 0.588247 0.875926
vt 0.572329 0.877291
vt 0.588253 0.874835
vt 0.588430 0.877011
vt 0.590066 0.879843
vt 0.590098 0.885362
vt 0.591854 0.881106
vt 0.589682 0.886804
vt 0.589839 0.888272
vt 0.591025 0.884210
vt 0.588800 0.853843
vt 0.592003 0.860193
vt 0.605082 0.865070
vt 0.600261 0.896926
vt 0.596867 0.888911
vt 0.597299 0.887479
vt 0.592335 0.883491
vt 0.597128 0.885992
vt 0.597189 0.881105
vt 0.598145 0.880559
vt 0.596158 0.881482
vt 0.596409 0.884675
vt 0.599324 0.885199
vt 0.599041 0.883734
vt 0.600152 0.886432
vt 0.601391 0.887272
vt 0.610277 0.891179
vt 0.604316 0.887280
vt 0.605552 0.886456
vt 0.606398 0.882281
vt 0.605566 0.881035
vt 0.606613 0.878191
vt 0.608038 0.877766
vt 0.608752 0.871450
vt 0.607440 0.870722
vt 0.605960 0.870562
vt 0.604440 0.867931
vt 0.605043 0.866565
vt 0.616077 0.869646
vt 0.600344 0.853863
vt 0.599266 0.862505
vt 0.598188 0.863536
vt 0.597578 0.864894
vt 0.597551 0.866393
vt 0.598090 0.867774
vt 0.599712 0.871775
vt 0.600482 0.869466
vt 0.601970 0.869497
vt 0.603363 0.871916
vt 0.602644 0.873220
vt 0.600631 0.873766
vt 0.602893 0.876132
vt 0.603830 0.877296
vt 0.600253 0.878058
vt 0.602870 0.879924
vt 0.601401 0.880211
vt 0.599329 0.882269
vt 0.754893 0.567285
vt 0.100447 0.516262
vt 0.102346 0.513592
vt 0.106579 0.489672
vt 0.105058 0.490482
vt 0.100980 0.482311
vt 0.749609 0.565502
vt 0.747814 0.565372
vt 0.750244 0.567572
vt 0.748043 0.567129
vt 0.087272 0.490139
vt 0.083153 0.504045
vt 0.076545 0.507444
vt 0.086153 0.500036
vt 0.084812 0.502181
vt 0.446986 0.900342
vt 0.101681 0.489980
vt 0.075997 0.519765
vt 0.401159 0.895350
vt 0.752109 0.568681
vt 0.093942 0.513221
vt 0.103349 0.490599
vt 0.082360 0.463574
vt 0.078569 0.522252
vt 0.056183 0.468567
vt 0.435657 0.968430
vt 0.435657 0.965968
vt 0.749727 0.566613
vt 0.060652 0.462360
vt 0.062140 0.463044
vt 0.099894 0.483668
vt 0.057552 0.462876
vt 0.059042 0.462301
vt 0.070825 0.527433
vt 0.094043 0.511515
vt 0.100804 0.509066
vt 0.106460 0.519062
vt 0.101656 0.515103
vt 0.099297 0.508353
vt 0.097618 0.508279
vt 0.072354 0.528466
vt 0.094774 0.509993
vt 0.069760 0.522272
vt 0.084721 0.469205
vt 0.055664 0.467041
vt 0.099392 0.485373
vt 0.058712 0.470467
vt 0.054600 0.457636
vt 0.063043 0.468884
vt 0.061840 0.469976
vt 0.077518 0.520768
vt 0.086387 0.469543
vt 0.086347 0.460923
vt 0.082372 0.466882
vt 0.063735 0.467427
vt 0.083324 0.468271
vt 0.397093 0.876438
vt 0.105936 0.482022
vt 0.107297 0.483215
vt 0.114030 0.483454
vt 0.108099 0.484791
vt 0.100379 0.488805
vt 0.593149 0.890949
vt 0.753729 0.563447
vt 0.751565 0.563080
vt 0.749880 0.564439
vt 0.603511 0.862603
vt 0.867781 0.962362
vt 0.412862 0.956086
vt 0.590508 0.860292
vt 0.755180 0.566220
vt 0.403750 0.868664
vt 0.412862 0.951136
vt 0.425823 0.868517
s 1
f 28/1/1 30/2/1 31/3/1
f 33/4/1 30/2/1 32/5/1
f 41/6/2 43/7/2 37/8/2
f 43/7/2 45/9/2 46/10/2
f 171/11/2 168/12/2 169/13/2
f 64/14/2 59/15/2 60/16/2
f 72/17/2 75/18/2 74/19/2
f 81/20/2 52/21/2 79/22/2
f 84/23/2 86/24/2 83/25/2
f 79/22/2 77/26/2 80/27/2
f 101/28/2 105/29/2 107/30/2
f 113/31/2 116/32/2 112/33/2
f 150/34/2 147/35/2 148/36/2
f 124/37/2 121/38/2 122/39/2
f 131/40/2 130/41/2 127/42/2
f 132/43/2 130/41/2 133/44/2
f 93/45/2 96/46/2 94/47/2
f 142/48/2 144/49/2 145/50/2
f 158/51/2 156/52/2 159/53/2
f 121/38/2 114/54/2 122/39/2
f 179/55/2 76/56/2 176/57/2
f 184/58/3 185/59/4 186/60/3
f 189/61/5 185/59/4 187/62/4
f 193/63/6 190/64/7 191/65/7
f 197/66/8 194/67/9 195/68/9
f 209/69/10 206/70/11 207/71/11
f 207/71/11 204/72/12 205/73/12
f 215/74/13 212/75/14 213/76/14
f 211/77/15 208/78/10 209/69/10
f 199/79/16 196/80/8 197/66/8
f 203/81/17 200/82/18 201/83/18
f 7/84/2 9/85/2 11/86/2
f 189/61/5 190/64/7 188/87/5
f 54/88/19 396/89/20 51/90/20
f 229/91/17 244/92/17 230/93/17
f 159/53/21 361/94/22 161/95/22
f 24/96/23 9/85/24 10/97/25
f 13/98/26 31/99/27 7/84/28
f 174/100/29 372/101/30 373/102/31
f 6/103/6 246/104/32 245/105/6
f 265/106/9 499/107/6 263/108/6
f 3/109/8 249/110/33 248/111/8
f 170/112/34 352/113/35 168/12/35
f 17/114/36 252/115/37 20/116/37
f 21/117/38 256/118/39 255/119/38
f 15/120/10 256/118/39 23/121/39
f 233/122/7 235/123/7 236/124/7
f 388/125/1 386/126/1 389/127/1
f 376/128/1 375/129/1 374/130/1
f 218/131/40 216/132/41 217/133/42
f 219/134/43 286/135/44 284/136/43
f 149/137/45 279/138/46 145/50/46
f 132/43/47 287/139/48 123/140/48
f 223/141/49 290/142/50 222/143/50
f 81/20/51 303/144/52 305/145/51
f 218/131/53 284/136/43 282/146/53
f 145/50/46 281/147/54 142/48/54
f 158/51/55 277/148/45 149/137/45
f 36/149/56 302/150/57 228/151/57
f 304/152/58 37/8/59 306/153/60
f 37/8/59 308/154/61 306/153/60
f 43/7/61 309/155/62 308/154/61
f 48/156/63 305/145/51 307/157/63
f 119/158/64 287/139/48 289/159/64
f 99/160/65 297/161/66 299/162/65
f 112/33/67 291/163/68 293/164/67
f 220/165/44 288/166/69 286/135/44
f 138/167/70 285/168/47 132/43/47
f 228/151/57 300/169/71 227/170/71
f 175/171/72 274/172/73 164/173/73
f 164/173/73 275/174/55 158/51/55
f 224/175/74 292/176/49 223/141/49
f 181/177/75 276/178/72 175/171/72
f 181/177/75 280/179/76 278/180/77
f 355/181/1 352/182/1 357/183/1
f 364/184/1 363/185/1 360/186/1
f 448/187/1 449/188/1 447/189/1
f 368/190/1 370/191/1 369/192/1
f 382/193/1 381/194/1 380/195/1
f 391/196/1 389/127/1 390/197/1
f 392/198/1 391/196/1 390/197/1
f 381/194/1 378/199/1 380/195/1
f 395/200/1 392/198/1 394/201/1
f 466/202/1 467/203/1 465/204/1
f 407/205/1 405/206/1 408/207/1
f 408/207/1 409/208/1 407/205/1
f 416/209/1 417/210/1 418/211/1
f 419/212/1 417/210/1 421/213/1
f 432/214/1 435/215/1 434/216/1
f 445/217/1 444/218/1 441/219/1
f 405/206/1 403/220/1 402/221/1
f 441/219/1 439/222/1 436/223/1
f 448/187/1 446/224/1 445/217/1
f 465/204/1 463/225/1 466/202/1
f 487/226/1 486/227/1 485/228/1
f 477/229/1 475/230/1 476/231/1
f 457/232/1 481/233/1 455/234/1
f 475/230/1 474/235/1 476/231/1
f 489/236/1 439/222/1 440/237/1
f 495/238/1 494/239/1 496/240/1
f 500/241/7 263/108/6 499/107/6
f 265/106/9 503/242/8 501/243/9
f 30/244/78 10/97/79 8/245/80
f 177/246/81 365/247/82 367/248/81
f 506/249/3 258/250/4 504/251/4
f 269/252/16 507/253/18 505/254/16
f 508/255/13 260/256/3 506/249/3
f 154/257/83 467/258/84 469/259/85
f 512/260/15 264/261/14 510/262/14
f 513/263/11 268/264/10 514/265/10
f 456/266/1 455/234/1 452/267/1
f 341/268/86 87/269/87 84/23/86
f 313/270/88 166/271/89 157/272/88
f 314/273/90 171/11/91 312/274/91
f 316/275/92 78/276/90 314/273/90
f 71/277/93 320/278/94 322/279/93
f 74/19/95 316/275/92 318/280/95
f 73/281/96 318/280/95 320/278/94
f 341/268/86 80/27/97 343/282/98
f 324/283/99 71/277/93 322/279/93
f 63/284/100 328/285/101 330/286/102
f 344/287/103 60/16/104 342/288/104
f 327/289/105 127/42/106 124/37/105
f 68/290/107 326/291/108 328/285/101
f 69/292/108 324/283/99 326/291/108
f 331/293/109 122/39/110 114/54/109
f 331/293/109 106/294/111 333/295/112
f 55/296/113 334/297/114 336/298/115
f 332/299/116 63/284/100 330/286/102
f 53/300/117 336/298/115 338/301/117
f 339/302/87 90/303/118 87/269/87
f 56/304/119 338/301/117 340/305/120
f 313/270/88 153/306/121 315/307/122
f 171/11/91 310/308/123 312/274/91
f 335/309/124 90/303/118 337/310/125
f 345/311/126 80/27/97 77/26/126
f 323/312/127 127/42/106 325/313/128
f 242/314/15 239/315/15 240/316/15
f 173/317/129 358/318/130 172/319/130
f 104/320/131 492/321/132 92/322/132
f 147/35/133 478/323/134 141/324/134
f 52/21/135 412/325/136 414/326/135
f 229/327/16 231/328/16 232/329/16
f 16/330/137 257/331/10 15/120/10
f 100/332/138 434/333/139 435/334/138
f 156/52/140 470/335/141 471/336/140
f 240/316/13 238/337/13 237/338/13
f 125/339/13 486/340/3 121/38/3
f 59/15/142 413/341/143 57/342/143
f 120/343/12 449/344/17 451/345/12
f 163/346/144 362/347/145 363/348/144
f 41/6/146 401/349/147 403/350/146
f 89/351/148 427/352/149 428/353/148
f 82/354/150 423/355/151 79/22/151
f 104/320/131 438/356/152 439/357/131
f 137/358/153 459/359/154 460/360/153
f 98/361/139 433/362/155 434/333/139
f 3/109/2 1/363/2 2/364/2
f 2/364/2 1/363/2 4/365/2
f 1/363/2 5/366/2 4/365/2
f 5/366/2 6/103/2 4/365/2
f 8/245/2 7/84/2 4/365/2
f 10/97/2 9/85/2 8/245/2
f 12/367/2 11/86/2 9/85/2
f 13/98/2 7/84/2 11/86/2
f 14/368/2 13/98/2 11/86/2
f 16/330/2 15/120/2 7/84/2
f 17/114/2 2/364/2 15/120/2
f 18/369/2 2/364/2 17/114/2
f 19/370/2 2/364/2 18/369/2
f 20/116/2 18/369/2 17/114/2
f 21/117/2 17/114/2 15/120/2
f 22/371/2 17/114/2 21/117/2
f 23/121/2 21/117/2 15/120/2
f 26/372/1 24/373/1 25/374/1
f 24/373/1 27/375/1 25/374/1
f 28/1/1 27/375/1 24/373/1
f 29/376/1 27/375/1 28/1/1
f 36/149/2 34/377/2 35/378/2
f 37/8/2 35/378/2 34/377/2
f 34/377/2 38/379/2 37/8/2
f 38/379/2 40/380/2 37/8/2
f 37/8/2 40/380/2 41/6/2
f 98/361/2 96/46/2 97/381/2
f 139/382/2 142/48/2 138/167/2
f 46/10/2 45/9/2 47/383/2
f 46/10/2 47/383/2 48/156/2
f 48/156/2 47/383/2 49/384/2
f 48/156/2 49/384/2 50/385/2
f 39/386/2 42/387/2 51/90/2
f 52/21/2 48/156/2 50/385/2
f 53/300/2 51/90/2 42/387/2
f 53/300/2 54/88/2 51/90/2
f 55/296/2 53/300/2 42/387/2
f 56/304/2 54/88/2 53/300/2
f 56/304/2 57/342/2 54/88/2
f 61/388/2 58/389/2 62/390/2
f 62/390/2 58/389/2 63/284/2
f 58/389/2 65/391/2 63/284/2
f 64/14/2 67/392/2 66/393/2
f 68/290/2 63/284/2 65/391/2
f 52/21/2 67/392/2 64/14/2
f 69/292/2 68/290/2 65/391/2
f 69/292/2 65/391/2 70/394/2
f 71/277/2 70/394/2 65/391/2
f 65/391/2 72/17/2 71/277/2
f 73/281/2 71/277/2 72/17/2
f 73/281/2 72/17/2 74/19/2
f 58/389/2 55/296/2 42/387/2
f 77/26/2 52/21/2 64/14/2
f 78/276/2 75/18/2 76/56/2
f 80/27/2 82/354/2 79/22/2
f 82/354/2 80/27/2 83/25/2
f 80/27/2 84/23/2 83/25/2
f 85/395/2 81/20/2 79/22/2
f 15/120/2 4/365/2 7/84/2
f 81/20/2 85/395/2 88/396/2
f 89/351/2 81/20/2 88/396/2
f 147/35/2 140/397/2 148/36/2
f 90/303/2 92/322/2 91/398/2
f 81/20/2 89/351/2 93/45/2
f 94/47/2 81/20/2 93/45/2
f 90/303/2 95/399/2 92/322/2
f 99/160/2 98/361/2 100/332/2
f 99/160/2 100/332/2 101/28/2
f 101/28/2 100/332/2 102/400/2
f 101/28/2 102/400/2 103/401/2
f 92/322/2 95/399/2 104/320/2
f 104/320/2 101/28/2 103/401/2
f 157/272/2 156/52/2 153/306/2
f 106/294/2 108/402/2 105/29/2
f 109/403/2 107/30/2 105/29/2
f 107/30/2 109/403/2 110/404/2
f 111/405/2 107/30/2 110/404/2
f 112/33/2 107/30/2 111/405/2
f 112/33/2 111/405/2 113/31/2
f 114/54/2 108/402/2 106/294/2
f 114/54/2 115/406/2 108/402/2
f 119/158/2 118/407/2 120/343/2
f 119/158/2 120/343/2 123/140/2
f 59/15/2 56/304/2 60/16/2
f 124/37/2 126/408/2 125/339/2
f 124/37/2 127/42/2 126/408/2
f 123/140/2 120/343/2 128/409/2
f 123/140/2 128/409/2 129/410/2
f 126/408/2 127/42/2 130/41/2
f 130/41/2 123/140/2 129/410/2
f 131/40/2 134/411/2 133/44/2
f 132/43/2 133/44/2 135/412/2
f 132/43/2 135/412/2 136/413/2
f 137/358/2 132/43/2 136/413/2
f 138/167/2 132/43/2 137/358/2
f 138/167/2 137/358/2 139/382/2
f 140/397/2 134/411/2 131/40/2
f 140/397/2 141/324/2 134/411/2
f 116/32/2 118/407/2 119/158/2
f 145/50/2 144/49/2 146/414/2
f 145/50/2 146/414/2 149/137/2
f 150/34/2 152/415/2 151/416/2
f 150/34/2 153/306/2 152/415/2
f 149/137/2 146/414/2 154/257/2
f 155/417/2 149/137/2 154/257/2
f 152/415/2 153/306/2 156/52/2
f 156/52/2 149/137/2 155/417/2
f 157/272/2 160/418/2 159/53/2
f 158/51/2 159/53/2 161/95/2
f 158/51/2 161/95/2 162/419/2
f 163/346/2 158/51/2 162/419/2
f 164/173/2 158/51/2 163/346/2
f 165/420/2 164/173/2 163/346/2
f 166/271/2 160/418/2 157/272/2
f 166/271/2 167/421/2 160/418/2
f 168/12/2 166/271/2 169/13/2
f 170/112/2 171/11/2 172/319/2
f 171/11/2 78/276/2 172/319/2
f 172/319/2 78/276/2 173/317/2
f 78/276/2 76/56/2 173/317/2
f 173/317/2 76/56/2 174/100/2
f 42/387/2 38/379/2 34/377/2
f 178/422/2 175/171/2 177/246/2
f 175/171/2 178/422/2 180/423/2
f 176/57/2 180/423/2 179/55/2
f 181/177/2 175/171/2 180/423/2
f 181/177/2 180/423/2 176/57/2
f 181/177/2 176/57/2 182/424/2
f 176/57/2 183/425/2 182/424/2
f 224/175/74 296/426/156 294/427/74
f 463/225/1 462/428/1 461/429/1
f 215/74/13 186/430/3 214/431/13
f 195/68/9 192/432/6 193/63/6
f 31/99/27 16/330/137 7/84/28
f 211/77/15 212/75/14 210/433/15
f 32/434/157 8/245/80 4/365/157
f 201/83/18 198/435/16 199/79/16
f 165/420/2 175/171/2 164/173/2
f 231/328/9 233/122/9 232/329/9
f 236/124/4 237/338/4 238/337/4
f 110/404/9 442/436/6 443/437/9
f 14/368/158 28/438/159 13/98/160
f 103/401/152 437/439/161 438/356/152
f 1/363/162 246/104/32 5/366/32
f 14/368/158 27/440/163 29/441/164
f 258/250/4 502/442/5 504/251/4
f 172/319/130 357/443/34 170/112/34
f 11/86/163 25/444/165 27/440/163
f 18/369/18 250/445/166 19/370/166
f 205/73/12 202/446/17 203/81/17
f 254/447/12 17/114/36 22/371/12
f 379/448/1 376/128/1 378/199/1
f 183/425/167 282/146/53 280/179/76
f 304/152/58 36/149/56 35/378/168
f 225/449/156 298/450/169 296/426/156
f 119/158/64 291/163/68 116/32/68
f 221/451/69 290/142/50 288/166/69
f 96/46/170 299/162/65 301/452/170
f 107/30/171 293/164/67 295/453/171
f 227/170/71 298/450/169 226/454/169
f 138/167/70 281/147/54 283/455/70
f 94/47/52 301/452/170 303/144/52
f 48/156/63 309/155/62 46/10/62
f 101/28/66 295/453/171 297/161/66
f 183/425/167 280/179/76 182/424/172
f 348/456/1 346/457/1 347/458/1
f 346/457/1 348/456/1 349/459/1
f 350/460/1 349/459/1 348/456/1
f 351/461/1 348/456/1 347/458/1
f 353/462/1 348/456/1 351/461/1
f 350/460/1 348/456/1 353/462/1
f 353/462/1 351/461/1 354/463/1
f 353/462/1 354/463/1 355/181/1
f 351/461/1 352/182/1 354/463/1
f 355/181/1 356/464/1 353/462/1
f 355/181/1 357/183/1 356/464/1
f 357/183/1 358/465/1 356/464/1
f 356/464/1 358/465/1 359/466/1
f 350/460/1 360/186/1 349/459/1
f 349/459/1 360/186/1 361/467/1
f 360/186/1 362/468/1 361/467/1
f 360/186/1 363/185/1 362/468/1
f 402/221/1 401/469/1 397/470/1
f 430/471/1 428/472/1 424/473/1
f 370/191/1 371/474/1 372/475/1
f 371/474/1 373/476/1 372/475/1
f 373/476/1 371/474/1 359/466/1
f 374/130/1 359/466/1 371/474/1
f 375/129/1 359/466/1 374/130/1
f 359/466/1 375/129/1 356/464/1
f 356/464/1 375/129/1 353/462/1
f 375/129/1 377/477/1 353/462/1
f 377/477/1 379/448/1 353/462/1
f 379/448/1 381/194/1 353/462/1
f 386/126/1 385/478/1 384/479/1
f 381/194/1 383/480/1 353/462/1
f 383/480/1 385/478/1 353/462/1
f 385/478/1 387/481/1 353/462/1
f 387/481/1 388/125/1 353/462/1
f 388/125/1 391/196/1 353/462/1
f 391/196/1 393/482/1 353/462/1
f 385/478/1 382/193/1 384/479/1
f 393/482/1 395/200/1 353/462/1
f 396/483/1 395/200/1 394/201/1
f 396/483/1 394/201/1 397/470/1
f 395/200/1 396/483/1 398/484/1
f 395/200/1 398/484/1 353/462/1
f 396/483/1 397/470/1 399/485/1
f 397/470/1 400/486/1 399/485/1
f 397/470/1 401/469/1 400/486/1
f 404/487/1 398/484/1 396/483/1
f 366/488/1 365/489/1 364/184/1
f 461/429/1 460/490/1 456/266/1
f 409/208/1 410/491/1 411/492/1
f 410/491/1 412/493/1 411/492/1
f 398/484/1 404/487/1 413/494/1
f 412/493/1 410/491/1 414/495/1
f 410/491/1 415/496/1 414/495/1
f 416/209/1 398/484/1 413/494/1
f 353/462/1 398/484/1 416/209/1
f 497/497/1 495/238/1 496/240/1
f 416/209/1 418/211/1 353/462/1
f 418/211/1 419/212/1 353/462/1
f 90/303/2 86/24/2 87/269/2
f 420/498/1 353/462/1 419/212/1
f 414/495/1 415/496/1 420/498/1
f 420/498/1 415/496/1 353/462/1
f 420/498/1 419/212/1 421/213/1
f 420/498/1 422/499/1 414/495/1
f 422/499/1 420/498/1 421/213/1
f 410/491/1 423/500/1 415/496/1
f 423/500/1 410/491/1 424/473/1
f 425/501/1 415/496/1 423/500/1
f 424/473/1 426/502/1 423/500/1
f 426/502/1 424/473/1 427/503/1
f 424/473/1 428/472/1 427/503/1
f 430/471/1 431/504/1 429/505/1
f 431/504/1 432/214/1 429/505/1
f 432/214/1 433/506/1 429/505/1
f 434/216/1 433/506/1 432/214/1
f 435/215/1 436/223/1 437/507/1
f 436/223/1 438/508/1 437/507/1
f 436/223/1 439/222/1 438/508/1
f 441/219/1 442/509/1 440/237/1
f 442/509/1 441/219/1 443/510/1
f 441/219/1 444/218/1 443/510/1
f 369/192/1 366/488/1 368/190/1
f 451/511/1 452/267/1 453/512/1
f 452/267/1 454/513/1 453/512/1
f 452/267/1 455/234/1 454/513/1
f 456/266/1 458/514/1 457/232/1
f 458/514/1 456/266/1 459/515/1
f 456/266/1 460/490/1 459/515/1
f 450/516/1 451/511/1 449/188/1
f 467/203/1 468/517/1 469/518/1
f 468/517/1 470/519/1 469/518/1
f 468/517/1 471/520/1 470/519/1
f 360/186/1 471/520/1 468/517/1
f 471/520/1 360/186/1 350/460/1
f 350/460/1 472/521/1 471/520/1
f 472/521/1 350/460/1 473/522/1
f 350/460/1 474/235/1 473/522/1
f 353/462/1 474/235/1 350/460/1
f 353/462/1 476/231/1 474/235/1
f 477/229/1 476/231/1 353/462/1
f 477/229/1 479/523/1 478/524/1
f 477/229/1 353/462/1 479/523/1
f 479/523/1 480/525/1 478/524/1
f 480/525/1 479/523/1 457/232/1
f 481/233/1 479/523/1 353/462/1
f 481/233/1 482/526/1 455/234/1
f 482/526/1 481/233/1 483/527/1
f 481/233/1 353/462/1 484/528/1
f 481/233/1 484/528/1 483/527/1
f 485/228/1 484/528/1 353/462/1
f 353/462/1 487/226/1 485/228/1
f 488/529/1 487/226/1 489/236/1
f 487/226/1 353/462/1 489/236/1
f 490/530/1 488/529/1 489/236/1
f 490/530/1 489/236/1 440/237/1
f 105/29/2 95/399/2 106/294/2
f 491/531/1 489/236/1 353/462/1
f 491/531/1 492/532/1 439/222/1
f 492/532/1 491/531/1 493/533/1
f 491/531/1 494/239/1 493/533/1
f 491/531/1 353/462/1 494/239/1
f 486/227/1 484/528/1 485/228/1
f 496/240/1 494/239/1 353/462/1
f 353/462/1 497/497/1 496/240/1
f 353/462/1 415/496/1 497/497/1
f 497/497/1 415/496/1 498/534/1
f 415/496/1 425/501/1 498/534/1
f 502/442/5 261/535/7 500/241/7
f 146/414/84 465/536/173 467/258/84
f 139/382/174 460/360/153 462/537/174
f 2/364/33 250/445/166 249/110/33
f 129/410/10 453/538/11 454/539/10
f 108/402/5 440/540/7 105/29/7
f 272/541/12 513/263/11 511/542/12
f 271/543/18 509/544/17 507/253/18
f 268/264/10 512/260/15 514/265/10
f 327/289/105 122/39/110 329/545/175
f 317/546/176 153/306/121 150/34/176
f 77/26/126 344/287/103 345/311/126
f 311/547/89 169/13/123 166/271/89
f 323/312/127 140/397/177 131/40/127
f 342/288/104 56/304/119 340/305/120
f 321/548/178 148/36/179 140/397/177
f 334/297/114 62/390/116 332/299/116
f 335/309/124 106/294/111 95/399/124
f 319/549/180 150/34/176 148/36/179
f 12/367/165 26/550/181 25/444/165
f 130/41/15 482/551/14 126/408/14
f 168/12/35 347/552/182 167/421/182
f 3/109/8 247/553/162 1/363/162
f 269/252/16 503/242/8 267/554/8
f 152/415/183 471/336/140 472/555/183
f 129/410/10 455/556/15 130/41/15
f 79/22/151 426/557/184 85/395/184
f 160/418/185 349/558/21 159/53/21
f 162/419/145 361/94/22 362/347/145
f 51/90/20 399/559/186 39/386/186
f 242/314/11 243/560/11 241/561/11
f 272/541/12 509/544/17 273/562/17
f 49/384/187 409/563/188 411/564/187
f 115/406/4 490/565/5 108/402/5
f 45/9/189 406/566/190 407/567/189
f 179/55/30 370/568/191 372/101/30
f 152/415/183 473/569/192 151/416/193
f 133/44/194 458/570/195 135/412/195
f 143/571/196 462/537/174 464/572/196
f 134/411/197 457/573/194 133/44/194
f 141/324/134 480/574/197 134/411/197
f 178/422/198 367/248/81 369/575/198
f 151/416/193 475/576/133 147/35/133
f 109/403/6 440/540/7 442/436/6
f 135/412/195 459/359/154 136/413/154
f 173/317/129 373/102/31 359/577/129
f 155/417/141 469/259/85 470/335/141
f 91/398/199 495/578/200 86/24/200
f 40/380/147 400/579/201 401/349/147
f 21/117/38 254/447/12 22/371/12
f 121/38/3 488/580/4 115/406/4
f 57/342/143 404/581/19 54/88/19
f 44/582/202 403/350/146 406/566/190
f 67/392/203 421/583/204 66/393/204
f 66/393/204 417/584/205 59/15/142
f 38/379/201 399/559/186 400/579/201
f 167/421/182 346/585/185 160/418/185
f 92/322/132 493/586/199 91/398/199
f 128/409/11 451/345/12 453/538/11
f 180/423/191 369/575/198 370/568/191
f 50/385/206 411/564/187 412/325/136
f 93/45/207 428/353/148 429/587/207
f 83/25/208 425/588/150 82/354/150
f 97/381/155 429/587/207 433/362/155
f 52/21/135 422/589/209 67/392/203
f 47/383/188 407/567/189 409/563/188
f 86/24/200 498/590/210 83/25/208
f 144/49/173 464/572/196 465/536/173
f 20/116/37 251/591/18 18/369/18
f 102/400/161 435/334/138 437/439/161
f 6/103/6 32/434/157 4/365/157
f 264/261/14 508/255/13 510/262/14
f 111/405/8 443/437/9 444/592/8
f 165/420/82 363/348/144 365/247/82
f 113/31/16 444/592/8 446/593/16
f 117/594/18 446/593/16 447/595/18
f 126/408/14 483/596/13 125/339/13
f 118/407/17 447/595/18 449/344/17
f 88/396/211 426/557/184 427/352/149
f 544/2/2 542/1/2 545/3/2
f 547/4/2 544/2/2 545/3/2
f 555/6/1 557/7/1 558/582/1
f 559/9/1 557/7/1 560/10/1
f 682/12/1 685/11/1 683/13/1
f 578/14/1 573/15/1 580/393/1
f 586/17/1 589/18/1 590/56/1
f 595/20/1 566/21/1 562/156/1
f 598/23/1 600/24/1 601/269/1
f 591/26/1 593/22/1 594/27/1
f 619/29/1 615/28/1 621/30/1
f 627/31/1 630/32/1 631/594/1
f 664/34/1 661/35/1 665/416/1
f 638/37/1 635/38/1 639/339/1
f 645/40/1 644/41/1 647/44/1
f 644/41/1 646/43/1 647/44/1
f 607/45/1 610/46/1 611/381/1
f 658/49/1 656/48/1 659/50/1
f 670/52/1 672/51/1 673/53/1
f 628/54/1 635/38/1 636/39/1
f 590/56/1 693/55/1 690/57/1
f 698/58/3 699/59/4 701/62/4
f 699/59/4 703/61/5 701/62/4
f 704/64/7 707/63/6 705/65/7
f 708/67/9 711/66/8 709/68/9
f 720/70/11 723/69/10 721/71/11
f 718/72/12 721/71/11 719/73/12
f 726/75/14 729/74/13 727/76/14
f 722/78/10 725/77/15 723/69/10
f 710/80/8 713/79/16 711/66/8
f 714/82/18 717/81/17 715/83/18
f 523/85/1 521/84/1 525/86/1
f 703/61/5 704/64/7 705/65/7
f 902/89/20 568/88/19 565/90/20
f 230/93/17 750/560/17 743/91/17
f 867/94/22 673/53/21 675/95/22
f 523/85/212 538/96/213 524/97/214
f 545/99/215 527/98/216 521/84/28
f 878/101/30 688/100/29 879/102/31
f 520/103/6 752/104/32 519/366/32
f 1005/107/6 771/106/9 769/108/6
f 517/109/8 755/110/33 516/364/33
f 858/113/35 684/112/34 682/12/35
f 758/115/37 531/114/36 534/116/37
f 535/117/38 762/118/39 537/121/39
f 762/118/39 529/120/10 537/121/39
f 235/123/7 745/122/7 746/124/7
f 892/126/2 894/125/2 895/127/2
f 882/128/2 881/129/2 883/477/2
f 730/132/217 732/131/218 731/133/219
f 733/134/220 792/135/221 734/165/221
f 785/138/222 663/137/223 659/50/222
f 793/139/224 646/43/225 637/140/224
f 796/142/226 737/141/227 736/143/226
f 595/20/228 809/144/229 608/47/229
f 732/131/230 790/136/220 733/134/220
f 787/147/231 659/50/222 656/48/231
f 783/148/223 672/51/232 663/137/223
f 808/150/233 550/149/234 742/151/233
f 551/8/235 810/152/236 812/153/237
f 551/8/235 814/154/238 557/7/238
f 557/7/238 815/155/239 560/10/239
f 562/156/240 811/145/228 595/20/228
f 633/158/241 793/139/224 637/140/224
f 613/160/242 803/161/243 615/28/243
f 626/33/244 797/163/245 630/32/245
f 734/165/221 794/166/246 735/451/246
f 791/168/225 652/167/247 646/43/225
f 806/169/248 742/151/233 741/170/248
f 780/172/249 689/171/250 678/173/249
f 672/51/232 780/172/249 678/173/249
f 798/176/227 738/175/251 737/141/227
f 782/178/250 695/177/252 689/171/250
f 695/177/252 786/179/253 696/424/254
f 858/182/2 861/181/2 863/183/2
f 870/184/2 869/185/2 871/489/2
f 954/187/2 955/188/2 956/516/2
f 874/190/2 876/191/2 877/474/2
f 888/193/2 887/194/2 889/480/2
f 895/127/2 897/196/2 896/197/2
f 898/198/2 897/196/2 899/482/2
f 884/199/2 887/194/2 886/195/2
f 898/198/2 901/200/2 900/201/2
f 972/202/2 973/203/2 974/517/2
f 911/206/2 913/205/2 914/207/2
f 914/207/2 915/208/2 916/491/2
f 923/210/2 922/209/2 924/211/2
f 923/210/2 925/212/2 927/213/2
f 938/214/2 941/215/2 942/223/2
f 951/217/2 950/218/2 952/224/2
f 911/206/2 909/220/2 912/597/2
f 945/222/2 947/219/2 942/223/2
f 954/187/2 952/224/2 953/189/2
f 969/225/2 971/204/2 972/202/2
f 993/226/2 992/227/2 994/529/2
f 983/229/2 981/230/2 984/524/2
f 987/233/2 963/232/2 961/234/2
f 980/235/2 981/230/2 982/231/2
f 995/236/2 945/222/2 997/531/2
f 1000/239/2 1001/238/2 1002/240/2
f 1006/241/7 769/108/6 767/535/7
f 771/106/9 1009/242/8 773/554/8
f 524/97/255 544/244/256 522/245/80
f 871/247/82 691/246/81 873/248/81
f 1012/249/3 764/250/4 766/256/3
f 775/252/16 1013/253/18 777/543/18
f 1014/255/13 766/256/3 768/598/13
f 973/258/84 668/257/83 975/259/85
f 1018/260/15 770/261/14 772/599/15
f 1019/263/11 774/264/10 776/600/11
f 962/266/2 961/234/2 963/232/2
f 847/268/257 601/269/258 845/302/258
f 671/272/259 817/547/260 819/270/259
f 820/273/261 685/11/262 592/276/261
f 822/275/263 592/276/261 589/18/263
f 826/278/264 585/277/265 828/279/266
f 822/275/263 588/19/267 824/280/267
f 824/280/267 587/281/268 826/278/264
f 594/27/269 847/268/257 849/282/270
f 830/283/271 585/277/265 584/394/271
f 834/285/272 577/284/273 836/286/274
f 850/287/275 574/16/276 578/14/275
f 833/289/277 641/42/278 831/313/279
f 832/291/280 582/290/281 834/285/272
f 830/283/271 583/292/280 832/291/280
f 837/293/282 636/39/283 835/545/284
f 620/294/285 837/293/282 839/295/286
f 840/297/287 569/296/288 842/298/289
f 838/299/290 577/284/273 576/390/290
f 842/298/289 567/300/291 844/301/291
f 845/302/258 604/303/292 843/310/293
f 844/301/291 570/304/294 846/305/295
f 667/306/296 819/270/259 821/307/297
f 816/308/298 685/11/262 818/274/262
f 604/303/292 841/309/299 843/310/293
f 851/311/300 594/27/269 849/282/270
f 641/42/278 829/312/301 831/313/279
f 748/315/15 242/314/15 240/316/15
f 864/318/130 687/317/129 686/319/130
f 998/321/132 618/320/131 606/322/132
f 984/323/134 661/35/133 655/324/134
f 918/325/136 566/21/135 920/326/135
f 231/328/16 743/327/16 744/329/16
f 763/331/10 530/330/137 529/120/10
f 940/333/139 614/332/138 941/334/138
f 976/335/141 670/52/140 977/336/140
f 747/337/13 240/316/13 237/338/13
f 992/340/3 639/339/13 635/38/3
f 919/341/143 573/15/142 571/342/143
f 955/344/17 634/343/12 957/345/12
f 868/347/145 677/346/144 869/348/144
f 907/349/147 555/6/146 909/350/146
f 933/352/149 603/351/148 934/353/148
f 929/355/151 596/354/150 593/22/151
f 944/356/152 618/320/131 945/357/131
f 965/359/154 651/358/153 966/360/153
f 939/362/155 612/361/139 940/333/139
f 517/109/1 516/364/1 515/363/1
f 516/364/1 518/365/1 515/363/1
f 515/363/1 518/365/1 519/366/1
f 519/366/1 518/365/1 520/103/1
f 522/245/1 518/365/1 521/84/1
f 524/97/1 522/245/1 523/85/1
f 526/367/1 523/85/1 525/86/1
f 527/98/1 525/86/1 521/84/1
f 528/368/1 525/86/1 527/98/1
f 530/330/1 521/84/1 529/120/1
f 531/114/1 529/120/1 516/364/1
f 532/369/1 531/114/1 516/364/1
f 533/370/1 532/369/1 516/364/1
f 534/116/1 531/114/1 532/369/1
f 535/117/1 529/120/1 531/114/1
f 536/371/1 535/117/1 531/114/1
f 537/121/1 529/120/1 535/117/1
f 540/372/2 539/374/2 538/373/2
f 538/373/2 539/374/2 541/375/2
f 542/1/2 538/373/2 541/375/2
f 543/376/2 542/1/2 541/375/2
f 550/149/1 549/378/1 548/377/1
f 551/8/1 548/377/1 549/378/1
f 548/377/1 551/8/1 552/379/1
f 552/379/1 551/8/1 554/380/1
f 551/8/1 555/6/1 554/380/1
f 612/361/1 610/46/1 613/160/1
f 653/382/1 656/48/1 657/571/1
f 560/10/1 561/383/1 559/9/1
f 560/10/1 562/156/1 561/383/1
f 562/156/1 563/384/1 561/383/1
f 562/156/1 564/385/1 563/384/1
f 553/386/1 565/90/1 556/387/1
f 566/21/1 564/385/1 562/156/1
f 567/300/1 556/387/1 565/90/1
f 567/300/1 565/90/1 568/88/1
f 569/296/1 556/387/1 567/300/1
f 570/304/1 567/300/1 568/88/1
f 570/304/1 568/88/1 571/342/1
f 575/388/1 576/390/1 572/389/1
f 576/390/1 577/284/1 572/389/1
f 572/389/1 577/284/1 579/391/1
f 578/14/1 580/393/1 581/392/1
f 582/290/1 579/391/1 577/284/1
f 566/21/1 578/14/1 581/392/1
f 583/292/1 579/391/1 582/290/1
f 583/292/1 584/394/1 579/391/1
f 585/277/1 579/391/1 584/394/1
f 579/391/1 585/277/1 586/17/1
f 587/281/1 586/17/1 585/277/1
f 587/281/1 588/19/1 586/17/1
f 572/389/1 569/296/1 575/388/1
f 591/26/1 578/14/1 566/21/1
f 592/276/1 590/56/1 589/18/1
f 594/27/1 593/22/1 596/354/1
f 596/354/1 597/25/1 594/27/1
f 594/27/1 597/25/1 598/23/1
f 599/395/1 593/22/1 595/20/1
f 529/120/1 518/365/1 516/364/1
f 595/20/1 602/396/1 599/395/1
f 603/351/1 602/396/1 595/20/1
f 654/397/1 661/35/1 662/36/1
f 604/303/1 605/398/1 606/322/1
f 595/20/1 607/45/1 603/351/1
f 608/47/1 607/45/1 595/20/1
f 604/303/1 606/322/1 609/399/1
f 613/160/1 614/332/1 612/361/1
f 613/160/1 615/28/1 614/332/1
f 615/28/1 616/400/1 614/332/1
f 615/28/1 617/401/1 616/400/1
f 606/322/1 618/320/1 609/399/1
f 618/320/1 617/401/1 615/28/1
f 671/272/1 670/52/1 673/53/1
f 620/294/1 619/29/1 622/402/1
f 623/403/1 619/29/1 621/30/1
f 621/30/1 624/404/1 623/403/1
f 625/405/1 624/404/1 621/30/1
f 626/33/1 625/405/1 621/30/1
f 626/33/1 627/31/1 625/405/1
f 628/54/1 620/294/1 622/402/1
f 628/54/1 622/402/1 629/406/1
f 633/158/1 634/343/1 632/407/1
f 633/158/1 637/140/1 634/343/1
f 570/304/1 573/15/1 574/16/1
f 638/37/1 639/339/1 640/408/1
f 638/37/1 640/408/1 641/42/1
f 637/140/1 642/409/1 634/343/1
f 637/140/1 643/410/1 642/409/1
f 640/408/1 644/41/1 641/42/1
f 644/41/1 643/410/1 637/140/1
f 645/40/1 647/44/1 648/411/1
f 646/43/1 649/412/1 647/44/1
f 646/43/1 650/413/1 649/412/1
f 651/358/1 650/413/1 646/43/1
f 652/167/1 651/358/1 646/43/1
f 652/167/1 653/382/1 651/358/1
f 654/397/1 645/40/1 648/411/1
f 654/397/1 648/411/1 655/324/1
f 632/407/1 630/32/1 633/158/1
f 659/50/1 660/414/1 658/49/1
f 659/50/1 663/137/1 660/414/1
f 664/34/1 665/416/1 666/415/1
f 664/34/1 666/415/1 667/306/1
f 663/137/1 668/257/1 660/414/1
f 669/417/1 668/257/1 663/137/1
f 666/415/1 670/52/1 667/306/1
f 670/52/1 669/417/1 663/137/1
f 671/272/1 673/53/1 674/418/1
f 672/51/1 675/95/1 673/53/1
f 672/51/1 676/419/1 675/95/1
f 677/346/1 676/419/1 672/51/1
f 678/173/1 677/346/1 672/51/1
f 679/420/1 677/346/1 678/173/1
f 680/271/1 671/272/1 674/418/1
f 680/271/1 674/418/1 681/421/1
f 680/271/1 682/12/1 683/13/1
f 684/112/1 686/319/1 685/11/1
f 685/11/1 686/319/1 592/276/1
f 686/319/1 687/317/1 592/276/1
f 592/276/1 687/317/1 590/56/1
f 687/317/1 688/100/1 590/56/1
f 552/379/1 556/387/1 548/377/1
f 692/422/1 691/246/1 689/171/1
f 689/171/1 694/423/1 692/422/1
f 690/57/1 693/55/1 694/423/1
f 695/177/1 694/423/1 689/171/1
f 695/177/1 690/57/1 694/423/1
f 695/177/1 696/424/1 690/57/1
f 690/57/1 696/424/1 697/425/1
f 738/175/251 802/426/302 739/449/302
f 969/225/2 968/428/2 970/601/2
f 729/74/13 700/430/3 698/602/3
f 706/432/6 709/68/9 707/63/6
f 530/330/137 545/99/215 521/84/28
f 725/77/15 726/75/14 727/76/14
f 522/245/80 546/434/157 518/365/157
f 712/435/16 715/83/18 713/79/16
f 679/420/1 689/171/1 691/246/1
f 231/328/9 745/122/9 234/603/9
f 237/338/4 746/124/4 747/337/4
f 948/436/6 624/404/9 949/437/9
f 542/438/303 528/368/304 527/98/305
f 943/439/161 617/401/152 944/356/152
f 752/104/32 515/363/162 519/366/32
f 541/440/163 528/368/304 543/441/164
f 1008/442/5 764/250/4 1010/251/4
f 863/443/34 686/319/130 684/112/34
f 539/444/165 525/86/163 541/440/163
f 756/445/166 532/369/18 533/370/166
f 716/446/17 719/73/12 717/81/17
f 531/114/36 760/447/12 536/371/12
f 882/128/2 885/448/2 884/199/2
f 697/425/306 788/146/230 732/131/230
f 810/152/236 549/378/307 550/149/234
f 739/449/302 804/450/308 740/454/308
f 797/163/245 633/158/241 630/32/245
f 735/451/246 796/142/226 736/143/226
f 610/46/309 805/162/242 613/160/242
f 621/30/310 799/164/244 626/33/244
f 804/450/308 741/170/248 740/454/308
f 652/167/247 787/147/231 656/48/231
f 608/47/229 807/452/309 610/46/309
f 815/155/239 562/156/240 560/10/239
f 615/28/243 801/453/310 621/30/310
f 697/425/306 696/424/254 786/179/253
f 854/456/2 853/458/2 852/457/2
f 852/457/2 855/459/2 854/456/2
f 856/460/2 854/456/2 855/459/2
f 857/461/2 853/458/2 854/456/2
f 859/462/2 857/461/2 854/456/2
f 856/460/2 859/462/2 854/456/2
f 859/462/2 860/463/2 857/461/2
f 859/462/2 861/181/2 860/463/2
f 858/182/2 857/461/2 860/463/2
f 861/181/2 859/462/2 862/464/2
f 861/181/2 862/464/2 863/183/2
f 863/183/2 862/464/2 864/465/2
f 862/464/2 865/466/2 864/465/2
f 856/460/2 855/459/2 866/186/2
f 855/459/2 867/467/2 866/186/2
f 866/186/2 867/467/2 868/468/2
f 866/186/2 868/468/2 869/185/2
f 908/221/2 907/469/2 909/220/2
f 934/472/2 936/471/2 930/473/2
f 876/191/2 878/475/2 877/474/2
f 877/474/2 878/475/2 879/476/2
f 879/476/2 865/466/2 877/474/2
f 880/130/2 877/474/2 865/466/2
f 881/129/2 880/130/2 865/466/2
f 865/466/2 862/464/2 881/129/2
f 862/464/2 859/462/2 881/129/2
f 881/129/2 859/462/2 883/477/2
f 883/477/2 859/462/2 885/448/2
f 885/448/2 859/462/2 887/194/2
f 892/126/2 891/478/2 893/481/2
f 887/194/2 859/462/2 889/480/2
f 889/480/2 859/462/2 891/478/2
f 891/478/2 859/462/2 893/481/2
f 893/481/2 859/462/2 894/125/2
f 894/125/2 859/462/2 897/196/2
f 897/196/2 859/462/2 899/482/2
f 888/193/2 891/478/2 890/479/2
f 899/482/2 859/462/2 901/200/2
f 902/483/2 900/201/2 901/200/2
f 902/483/2 903/470/2 900/201/2
f 901/200/2 904/484/2 902/483/2
f 901/200/2 859/462/2 904/484/2
f 902/483/2 905/485/2 903/470/2
f 903/470/2 905/485/2 906/486/2
f 903/470/2 906/486/2 907/469/2
f 910/487/2 902/483/2 904/484/2
f 872/488/2 871/489/2 873/604/2
f 967/429/2 966/490/2 968/428/2
f 915/208/2 917/492/2 916/491/2
f 916/491/2 917/492/2 918/493/2
f 904/484/2 919/494/2 910/487/2
f 918/493/2 920/495/2 916/491/2
f 916/491/2 920/495/2 921/496/2
f 922/209/2 919/494/2 904/484/2
f 859/462/2 922/209/2 904/484/2
f 1003/497/2 1001/238/2 1004/534/2
f 922/209/2 859/462/2 924/211/2
f 924/211/2 859/462/2 925/212/2
f 604/303/1 600/24/1 605/398/1
f 926/498/2 925/212/2 859/462/2
f 920/495/2 926/498/2 921/496/2
f 926/498/2 859/462/2 921/496/2
f 926/498/2 927/213/2 925/212/2
f 926/498/2 920/495/2 928/499/2
f 928/499/2 927/213/2 926/498/2
f 916/491/2 921/496/2 929/500/2
f 929/500/2 930/473/2 916/491/2
f 931/501/2 929/500/2 921/496/2
f 930/473/2 929/500/2 932/502/2
f 932/502/2 933/503/2 930/473/2
f 930/473/2 933/503/2 934/472/2
f 936/471/2 935/505/2 937/504/2
f 937/504/2 935/505/2 938/214/2
f 938/214/2 935/505/2 939/506/2
f 940/216/2 938/214/2 939/506/2
f 941/215/2 943/507/2 942/223/2
f 942/223/2 943/507/2 944/508/2
f 942/223/2 944/508/2 945/222/2
f 947/219/2 946/237/2 948/509/2
f 948/509/2 949/510/2 947/219/2
f 947/219/2 949/510/2 950/218/2
f 875/192/2 872/488/2 873/604/2
f 957/511/2 959/512/2 958/267/2
f 958/267/2 959/512/2 960/513/2
f 958/267/2 960/513/2 961/234/2
f 962/266/2 963/232/2 964/514/2
f 964/514/2 965/515/2 962/266/2
f 962/266/2 965/515/2 966/490/2
f 956/516/2 957/511/2 958/267/2
f 973/203/2 975/518/2 974/517/2
f 974/517/2 975/518/2 976/519/2
f 974/517/2 976/519/2 977/520/2
f 866/186/2 974/517/2 977/520/2
f 977/520/2 856/460/2 866/186/2
f 856/460/2 977/520/2 978/521/2
f 978/521/2 979/522/2 856/460/2
f 856/460/2 979/522/2 980/235/2
f 859/462/2 856/460/2 980/235/2
f 859/462/2 980/235/2 982/231/2
f 983/229/2 859/462/2 982/231/2
f 983/229/2 984/524/2 985/523/2
f 983/229/2 985/523/2 859/462/2
f 985/523/2 984/524/2 986/525/2
f 986/525/2 963/232/2 985/523/2
f 987/233/2 859/462/2 985/523/2
f 987/233/2 961/234/2 988/526/2
f 988/526/2 989/527/2 987/233/2
f 987/233/2 990/528/2 859/462/2
f 987/233/2 989/527/2 990/528/2
f 991/228/2 859/462/2 990/528/2
f 859/462/2 991/228/2 993/226/2
f 994/529/2 995/236/2 993/226/2
f 993/226/2 995/236/2 859/462/2
f 996/530/2 995/236/2 994/529/2
f 996/530/2 946/237/2 995/236/2
f 609/399/1 619/29/1 620/294/1
f 997/531/2 859/462/2 995/236/2
f 997/531/2 945/222/2 998/532/2
f 998/532/2 999/533/2 997/531/2
f 997/531/2 999/533/2 1000/239/2
f 997/531/2 1000/239/2 859/462/2
f 990/528/2 992/227/2 991/228/2
f 1002/240/2 859/462/2 1000/239/2
f 859/462/2 1002/240/2 1003/497/2
f 859/462/2 1003/497/2 921/496/2
f 1003/497/2 1004/534/2 921/496/2
f 921/496/2 1004/534/2 931/501/2
f 1008/442/5 767/535/7 765/605/5
f 971/536/173 660/414/84 973/258/84
f 966/360/153 653/382/174 968/537/174
f 516/364/33 756/445/166 533/370/166
f 959/538/11 643/410/10 960/539/10
f 946/540/7 622/402/5 619/29/7
f 778/541/12 1019/263/11 776/600/11
f 777/543/18 1015/544/17 779/562/17
f 1018/260/15 774/264/10 1020/265/10
f 636/39/283 833/289/277 835/545/284
f 823/546/311 667/306/296 821/307/297
f 850/287/275 591/26/300 851/311/300
f 817/547/260 683/13/298 816/308/298
f 829/312/301 654/397/312 827/548/313
f 848/288/276 570/304/294 574/16/276
f 827/548/313 662/36/314 825/549/315
f 840/297/287 576/390/290 575/388/316
f 841/309/299 620/294/285 839/295/286
f 825/549/315 664/34/311 823/546/311
f 540/550/181 526/367/165 539/444/165
f 988/551/14 644/41/15 640/408/14
f 853/552/182 682/12/35 681/421/182
f 753/553/162 517/109/8 515/363/162
f 1009/242/8 775/252/16 773/554/8
f 977/336/140 666/415/183 978/555/183
f 961/556/15 643/410/10 644/41/15
f 932/557/184 593/22/151 599/395/184
f 855/558/21 674/418/185 673/53/21
f 867/94/22 676/419/145 868/347/145
f 905/559/186 565/90/20 553/386/186
f 749/561/11 244/92/11 242/314/11
f 1015/544/17 778/541/12 779/562/17
f 915/563/188 563/384/187 917/564/187
f 996/565/5 629/406/4 622/402/5
f 912/566/190 559/9/189 913/567/189
f 876/568/191 693/55/30 878/101/30
f 979/569/192 666/415/183 665/416/193
f 964/570/195 647/44/194 649/412/195
f 968/537/174 657/571/196 970/572/196
f 963/573/194 648/411/197 647/44/194
f 986/574/197 655/324/134 648/411/197
f 873/248/81 692/422/198 875/575/198
f 981/576/133 665/416/193 661/35/133
f 946/540/7 623/403/6 948/436/6
f 965/359/154 649/412/195 650/413/154
f 879/102/31 687/317/129 865/577/129
f 975/259/85 669/417/141 976/335/141
f 1001/578/200 605/398/199 600/24/200
f 906/579/201 554/380/147 907/349/147
f 760/447/12 535/117/38 536/371/12
f 994/580/4 635/38/3 629/406/4
f 910/581/19 571/342/143 568/88/19
f 909/350/146 558/582/202 912/566/190
f 927/583/204 581/392/203 580/393/204
f 923/584/205 580/393/204 573/15/142
f 905/559/186 552/379/201 906/579/201
f 852/585/185 681/421/182 674/418/185
f 999/586/199 606/322/132 605/398/199
f 957/345/12 642/409/11 959/538/11
f 875/575/198 694/423/191 876/568/191
f 917/564/187 564/385/206 918/325/136
f 934/353/148 607/45/207 935/587/207
f 931/588/150 597/25/208 596/354/150
f 935/587/207 611/381/155 939/362/155
f 928/589/209 566/21/135 581/392/203
f 913/567/189 561/383/188 915/563/188
f 1004/590/210 600/24/200 597/25/208
f 970/572/196 658/49/173 971/536/173
f 757/591/18 534/116/37 532/369/18
f 941/334/138 616/400/161 943/439/161
f 546/434/157 520/103/6 518/365/157
f 1014/255/13 770/261/14 1016/262/14
f 949/437/9 625/405/8 950/592/8
f 869/348/144 679/420/82 871/247/82
f 950/592/8 627/31/16 952/593/16
f 952/593/16 631/594/18 953/595/18
f 989/596/13 640/408/14 639/339/13
f 953/595/18 632/407/17 955/344/17
f 932/557/184 602/396/211 933/352/149
f 28/1/1 24/373/1 30/2/1
f 33/4/1 31/3/1 30/2/1
f 41/6/2 44/582/2 43/7/2
f 43/7/2 44/582/2 45/9/2
f 171/11/2 170/112/2 168/12/2
f 64/14/2 66/393/2 59/15/2
f 72/17/2 76/56/2 75/18/2
f 81/20/2 48/156/2 52/21/2
f 84/23/2 87/269/2 86/24/2
f 79/22/2 52/21/2 77/26/2
f 101/28/2 104/320/2 105/29/2
f 113/31/2 117/594/2 116/32/2
f 150/34/2 151/416/2 147/35/2
f 124/37/2 125/339/2 121/38/2
f 131/40/2 133/44/2 130/41/2
f 132/43/2 123/140/2 130/41/2
f 93/45/2 97/381/2 96/46/2
f 142/48/2 143/571/2 144/49/2
f 158/51/2 149/137/2 156/52/2
f 121/38/2 115/406/2 114/54/2
f 179/55/2 174/100/2 76/56/2
f 184/58/3 187/62/4 185/59/4
f 189/61/5 188/87/5 185/59/4
f 193/63/6 192/432/6 190/64/7
f 197/66/8 196/80/8 194/67/9
f 209/69/10 208/78/10 206/70/11
f 207/71/11 206/70/11 204/72/12
f 215/74/13 214/431/13 212/75/14
f 211/77/15 210/433/15 208/78/10
f 199/79/16 198/435/16 196/80/8
f 203/81/17 202/446/17 200/82/18
f 7/84/2 8/245/2 9/85/2
f 189/61/5 191/65/7 190/64/7
f 54/88/19 404/581/19 396/89/20
f 229/91/17 243/560/17 244/92/17
f 159/53/21 349/558/21 361/94/22
f 24/96/23 26/550/181 9/85/24
f 13/98/26 28/438/317 31/99/27
f 174/100/29 179/55/30 372/101/30
f 6/103/6 5/366/32 246/104/32
f 265/106/9 501/243/9 499/107/6
f 3/109/8 2/364/33 249/110/33
f 170/112/34 357/443/34 352/113/35
f 17/114/36 253/606/36 252/115/37
f 21/117/38 23/121/39 256/118/39
f 15/120/10 257/331/10 256/118/39
f 233/122/7 234/603/7 235/123/7
f 388/125/1 387/481/1 386/126/1
f 376/128/1 377/477/1 375/129/1
f 218/131/40 183/425/318 216/132/41
f 219/134/43 220/165/44 286/135/44
f 149/137/45 277/148/45 279/138/46
f 132/43/47 285/168/47 287/139/48
f 223/141/49 292/176/49 290/142/50
f 81/20/51 94/47/52 303/144/52
f 218/131/53 219/134/43 284/136/43
f 145/50/46 279/138/46 281/147/54
f 158/51/55 275/174/55 277/148/45
f 36/149/56 304/152/58 302/150/57
f 304/152/58 35/378/168 37/8/59
f 37/8/59 43/7/61 308/154/61
f 43/7/61 46/10/62 309/155/62
f 48/156/63 81/20/51 305/145/51
f 119/158/64 123/140/48 287/139/48
f 99/160/65 101/28/66 297/161/66
f 112/33/67 116/32/68 291/163/68
f 220/165/44 221/451/69 288/166/69
f 138/167/70 283/455/70 285/168/47
f 228/151/57 302/150/57 300/169/71
f 175/171/72 276/178/72 274/172/73
f 164/173/73 274/172/73 275/174/55
f 224/175/74 294/427/74 292/176/49
f 181/177/75 278/180/77 276/178/72
f 181/177/75 182/424/172 280/179/76
f 355/181/1 354/463/1 352/182/1
f 364/184/1 365/489/1 363/185/1
f 448/187/1 450/516/1 449/188/1
f 368/190/1 371/474/1 370/191/1
f 382/193/1 383/480/1 381/194/1
f 391/196/1 388/125/1 389/127/1
f 392/198/1 393/482/1 391/196/1
f 381/194/1 379/448/1 378/199/1
f 395/200/1 393/482/1 392/198/1
f 466/202/1 468/517/1 467/203/1
f 407/205/1 406/597/1 405/206/1
f 408/207/1 410/491/1 409/208/1
f 416/209/1 413/494/1 417/210/1
f 419/212/1 418/211/1 417/210/1
f 432/214/1 436/223/1 435/215/1
f 445/217/1 446/224/1 444/218/1
f 405/206/1 406/597/1 403/220/1
f 441/219/1 440/237/1 439/222/1
f 448/187/1 447/189/1 446/224/1
f 465/204/1 464/601/1 463/225/1
f 487/226/1 488/529/1 486/227/1
f 477/229/1 478/524/1 475/230/1
f 457/232/1 479/523/1 481/233/1
f 475/230/1 473/522/1 474/235/1
f 489/236/1 491/531/1 439/222/1
f 495/238/1 493/533/1 494/239/1
f 500/241/7 261/535/7 263/108/6
f 265/106/9 267/554/8 503/242/8
f 30/244/78 24/96/319 10/97/79
f 177/246/81 165/420/82 365/247/82
f 506/249/3 260/256/3 258/250/4
f 269/252/16 271/543/18 507/253/18
f 508/255/13 262/598/13 260/256/3
f 154/257/83 146/414/84 467/258/84
f 512/260/15 266/599/15 264/261/14
f 513/263/11 270/600/11 268/264/10
f 456/266/1 457/232/1 455/234/1
f 341/268/86 339/302/87 87/269/87
f 313/270/88 311/547/89 166/271/89
f 314/273/90 78/276/90 171/11/91
f 316/275/92 75/18/92 78/276/90
f 71/277/93 73/281/96 320/278/94
f 74/19/95 75/18/92 316/275/92
f 73/281/96 74/19/95 318/280/95
f 341/268/86 84/23/86 80/27/97
f 324/283/99 70/394/99 71/277/93
f 63/284/100 68/290/107 328/285/101
f 344/287/103 64/14/103 60/16/104
f 327/289/105 325/313/128 127/42/106
f 68/290/107 69/292/108 326/291/108
f 69/292/108 70/394/99 324/283/99
f 331/293/109 329/545/175 122/39/110
f 331/293/109 114/54/109 106/294/111
f 55/296/113 61/388/320 334/297/114
f 332/299/116 62/390/116 63/284/100
f 53/300/117 55/296/113 336/298/115
f 339/302/87 337/310/125 90/303/118
f 56/304/119 53/300/117 338/301/117
f 313/270/88 157/272/88 153/306/121
f 171/11/91 169/13/123 310/308/123
f 335/309/124 95/399/124 90/303/118
f 345/311/126 343/282/98 80/27/97
f 323/312/127 131/40/127 127/42/106
f 242/314/15 241/561/15 239/315/15
f 173/317/129 359/577/129 358/318/130
f 104/320/131 439/357/131 492/321/132
f 147/35/133 475/576/133 478/323/134
f 52/21/135 50/385/206 412/325/136
f 229/327/16 230/607/16 231/328/16
f 16/330/137 33/608/137 257/331/10
f 100/332/138 98/361/139 434/333/139
f 156/52/140 155/417/141 470/335/141
f 240/316/13 239/315/13 238/337/13
f 125/339/13 483/596/13 486/340/3
f 59/15/142 417/584/205 413/341/143
f 120/343/12 118/407/17 449/344/17
f 163/346/144 162/419/145 362/347/145
f 41/6/146 40/380/147 401/349/147
f 89/351/148 88/396/211 427/352/149
f 82/354/150 425/588/150 423/355/151
f 104/320/131 103/401/152 438/356/152
f 137/358/153 136/413/154 459/359/154
f 98/361/139 97/381/155 433/362/155
f 98/361/2 99/160/2 96/46/2
f 139/382/2 143/571/2 142/48/2
f 58/389/2 61/388/2 55/296/2
f 15/120/2 2/364/2 4/365/2
f 147/35/2 141/324/2 140/397/2
f 157/272/2 159/53/2 156/52/2
f 59/15/2 57/342/2 56/304/2
f 116/32/2 117/594/2 118/407/2
f 168/12/2 167/421/2 166/271/2
f 42/387/2 39/386/2 38/379/2
f 224/175/74 225/449/156 296/426/156
f 463/225/1 464/601/1 462/428/1
f 215/74/13 184/602/3 186/430/3
f 195/68/9 194/67/9 192/432/6
f 31/99/27 33/608/137 16/330/137
f 211/77/15 213/76/14 212/75/14
f 32/434/157 30/244/78 8/245/80
f 201/83/18 200/82/18 198/435/16
f 165/420/2 177/246/2 175/171/2
f 231/328/9 234/603/9 233/122/9
f 236/124/4 235/123/4 237/338/4
f 110/404/9 109/403/6 442/436/6
f 14/368/158 29/441/164 28/438/159
f 103/401/152 102/400/161 437/439/161
f 1/363/162 247/553/162 246/104/32
f 14/368/158 11/86/163 27/440/163
f 258/250/4 259/605/5 502/442/5
f 172/319/130 358/318/130 357/443/34
f 11/86/163 12/367/165 25/444/165
f 18/369/18 251/591/18 250/445/166
f 205/73/12 204/72/12 202/446/17
f 254/447/12 253/606/36 17/114/36
f 379/448/1 377/477/1 376/128/1
f 183/425/167 218/131/53 282/146/53
f 225/449/156 226/454/169 298/450/169
f 119/158/64 289/159/64 291/163/68
f 221/451/69 222/143/50 290/142/50
f 96/46/170 99/160/65 299/162/65
f 107/30/171 112/33/67 293/164/67
f 227/170/71 300/169/71 298/450/169
f 138/167/70 142/48/54 281/147/54
f 94/47/52 96/46/170 301/452/170
f 48/156/63 307/157/63 309/155/62
f 101/28/66 107/30/171 295/453/171
f 351/461/1 347/458/1 352/182/1
f 402/221/1 403/220/1 401/469/1
f 430/471/1 429/505/1 428/472/1
f 386/126/1 387/481/1 385/478/1
f 385/478/1 383/480/1 382/193/1
f 366/488/1 367/604/1 365/489/1
f 461/429/1 462/428/1 460/490/1
f 497/497/1 498/534/1 495/238/1
f 90/303/2 91/398/2 86/24/2
f 369/192/1 367/604/1 366/488/1
f 450/516/1 452/267/1 451/511/1
f 105/29/2 104/320/2 95/399/2
f 486/227/1 483/527/1 484/528/1
f 502/442/5 259/605/5 261/535/7
f 146/414/84 144/49/173 465/536/173
f 139/382/174 137/358/153 460/360/153
f 2/364/33 19/370/166 250/445/166
f 129/410/10 128/409/11 453/538/11
f 108/402/5 490/565/5 440/540/7
f 272/541/12 270/600/11 513/263/11
f 271/543/18 273/562/17 509/544/17
f 268/264/10 266/599/15 512/260/15
f 327/289/105 124/37/105 122/39/110
f 317/546/176 315/307/122 153/306/121
f 77/26/126 64/14/103 344/287/103
f 311/547/89 310/308/123 169/13/123
f 323/312/127 321/548/178 140/397/177
f 342/288/104 60/16/104 56/304/119
f 321/548/178 319/549/180 148/36/179
f 334/297/114 61/388/320 62/390/116
f 335/309/124 333/295/112 106/294/111
f 319/549/180 317/546/176 150/34/176
f 12/367/165 9/85/24 26/550/181
f 130/41/15 455/556/15 482/551/14
f 168/12/35 352/113/35 347/552/182
f 3/109/8 248/111/8 247/553/162
f 269/252/16 505/254/16 503/242/8
f 152/415/183 156/52/140 471/336/140
f 129/410/10 454/539/10 455/556/15
f 79/22/151 423/355/151 426/557/184
f 160/418/185 346/585/185 349/558/21
f 162/419/145 161/95/22 361/94/22
f 51/90/20 396/89/20 399/559/186
f 242/314/11 244/92/11 243/560/11
f 272/541/12 511/542/12 509/544/17
f 49/384/187 47/383/188 409/563/188
f 115/406/4 488/580/4 490/565/5
f 45/9/189 44/582/202 406/566/190
f 179/55/30 180/423/191 370/568/191
f 152/415/183 472/555/183 473/569/192
f 133/44/194 457/573/194 458/570/195
f 143/571/196 139/382/174 462/537/174
f 134/411/197 480/574/197 457/573/194
f 141/324/134 478/323/134 480/574/197
f 178/422/198 177/246/81 367/248/81
f 151/416/193 473/569/192 475/576/133
f 109/403/6 105/29/7 440/540/7
f 135/412/195 458/570/195 459/359/154
f 173/317/129 174/100/29 373/102/31
f 155/417/141 154/257/83 469/259/85
f 91/398/199 493/586/199 495/578/200
f 40/380/147 38/379/201 400/579/201
f 21/117/38 255/119/38 254/447/12
f 121/38/3 486/340/3 488/580/4
f 57/342/143 413/341/143 404/581/19
f 44/582/202 41/6/146 403/350/146
f 67/392/203 422/589/209 421/583/204
f 66/393/204 421/583/204 417/584/205
f 38/379/201 39/386/186 399/559/186
f 167/421/182 347/552/182 346/585/185
f 92/322/132 492/321/132 493/586/199
f 128/409/11 120/343/12 451/345/12
f 180/423/191 178/422/198 369/575/198
f 50/385/206 49/384/187 411/564/187
f 93/45/207 89/351/148 428/353/148
f 83/25/208 498/590/210 425/588/150
f 97/381/155 93/45/207 429/587/207
f 52/21/135 414/326/135 422/589/209
f 47/383/188 45/9/189 407/567/189
f 86/24/200 495/578/200 498/590/210
f 144/49/173 143/571/196 464/572/196
f 20/116/37 252/115/37 251/591/18
f 102/400/161 100/332/138 435/334/138
f 6/103/6 245/105/6 32/434/157
f 264/261/14 262/598/13 508/255/13
f 111/405/8 110/404/9 443/437/9
f 165/420/82 163/346/144 363/348/144
f 113/31/16 111/405/8 444/592/8
f 117/594/18 113/31/16 446/593/16
f 126/408/14 482/551/14 483/596/13
f 118/407/17 117/594/18 447/595/18
f 88/396/211 85/395/184 426/557/184
f 544/2/2 538/373/2 542/1/2
f 547/4/2 546/5/2 544/2/2
f 555/6/1 551/8/1 557/7/1
f 559/9/1 558/582/1 557/7/1
f 682/12/1 684/112/1 685/11/1
f 578/14/1 574/16/1 573/15/1
f 586/17/1 588/19/1 589/18/1
f 595/20/1 593/22/1 566/21/1
f 598/23/1 597/25/1 600/24/1
f 591/26/1 566/21/1 593/22/1
f 619/29/1 618/320/1 615/28/1
f 627/31/1 626/33/1 630/32/1
f 664/34/1 662/36/1 661/35/1
f 638/37/1 636/39/1 635/38/1
f 645/40/1 641/42/1 644/41/1
f 644/41/1 637/140/1 646/43/1
f 607/45/1 608/47/1 610/46/1
f 658/49/1 657/571/1 656/48/1
f 670/52/1 663/137/1 672/51/1
f 628/54/1 629/406/1 635/38/1
f 590/56/1 688/100/1 693/55/1
f 698/58/3 700/60/3 699/59/4
f 699/59/4 702/87/5 703/61/5
f 704/64/7 706/432/6 707/63/6
f 708/67/9 710/80/8 711/66/8
f 720/70/11 722/78/10 723/69/10
f 718/72/12 720/70/11 721/71/11
f 726/75/14 728/431/13 729/74/13
f 722/78/10 724/433/15 725/77/15
f 710/80/8 712/435/16 713/79/16
f 714/82/18 716/446/17 717/81/17
f 523/85/1 522/245/1 521/84/1
f 703/61/5 702/87/5 704/64/7
f 902/89/20 910/581/19 568/88/19
f 230/93/17 244/92/17 750/560/17
f 867/94/22 855/558/21 673/53/21
f 523/85/212 540/550/181 538/96/213
f 545/99/215 542/438/321 527/98/216
f 878/101/30 693/55/30 688/100/29
f 520/103/6 751/105/6 752/104/32
f 1005/107/6 1007/243/9 771/106/9
f 517/109/8 754/111/8 755/110/33
f 858/113/35 863/443/34 684/112/34
f 758/115/37 759/606/36 531/114/36
f 535/117/38 761/119/38 762/118/39
f 762/118/39 763/331/10 529/120/10
f 235/123/7 234/603/7 745/122/7
f 892/126/2 893/481/2 894/125/2
f 882/128/2 880/130/2 881/129/2
f 730/132/217 697/425/322 732/131/218
f 733/134/220 790/136/220 792/135/221
f 785/138/222 783/148/223 663/137/223
f 793/139/224 791/168/225 646/43/225
f 796/142/226 798/176/227 737/141/227
f 595/20/228 811/145/228 809/144/229
f 732/131/230 788/146/230 790/136/220
f 787/147/231 785/138/222 659/50/222
f 783/148/223 781/174/232 672/51/232
f 808/150/233 810/152/236 550/149/234
f 551/8/235 549/378/307 810/152/236
f 551/8/235 812/153/237 814/154/238
f 557/7/238 814/154/238 815/155/239
f 562/156/240 813/157/240 811/145/228
f 633/158/241 795/159/241 793/139/224
f 613/160/242 805/162/242 803/161/243
f 626/33/244 799/164/244 797/163/245
f 734/165/221 792/135/221 794/166/246
f 791/168/225 789/455/247 652/167/247
f 806/169/248 808/150/233 742/151/233
f 780/172/249 782/178/250 689/171/250
f 672/51/232 781/174/232 780/172/249
f 798/176/227 800/427/251 738/175/251
f 782/178/250 784/180/323 695/177/252
f 695/177/252 784/180/323 786/179/253
f 858/182/2 860/463/2 861/181/2
f 870/184/2 866/186/2 869/185/2
f 954/187/2 953/189/2 955/188/2
f 874/190/2 875/192/2 876/191/2
f 888/193/2 886/195/2 887/194/2
f 895/127/2 894/125/2 897/196/2
f 898/198/2 896/197/2 897/196/2
f 884/199/2 885/448/2 887/194/2
f 898/198/2 899/482/2 901/200/2
f 972/202/2 971/204/2 973/203/2
f 911/206/2 912/597/2 913/205/2
f 914/207/2 913/205/2 915/208/2
f 923/210/2 919/494/2 922/209/2
f 923/210/2 924/211/2 925/212/2
f 938/214/2 940/216/2 941/215/2
f 951/217/2 947/219/2 950/218/2
f 911/206/2 908/221/2 909/220/2
f 945/222/2 946/237/2 947/219/2
f 954/187/2 951/217/2 952/224/2
f 969/225/2 970/601/2 971/204/2
f 993/226/2 991/228/2 992/227/2
f 983/229/2 982/231/2 981/230/2
f 987/233/2 985/523/2 963/232/2
f 980/235/2 979/522/2 981/230/2
f 995/236/2 946/237/2 945/222/2
f 1000/239/2 999/533/2 1001/238/2
f 1006/241/7 1005/107/6 769/108/6
f 771/106/9 1007/243/9 1009/242/8
f 524/97/255 538/96/324 544/244/256
f 871/247/82 679/420/82 691/246/81
f 1012/249/3 1010/251/4 764/250/4
f 775/252/16 1011/254/16 1013/253/18
f 1014/255/13 1012/249/3 766/256/3
f 973/258/84 660/414/84 668/257/83
f 1018/260/15 1016/262/14 770/261/14
f 1019/263/11 1020/265/10 774/264/10
f 962/266/2 958/267/2 961/234/2
f 847/268/257 598/23/257 601/269/258
f 671/272/259 680/271/260 817/547/260
f 820/273/261 818/274/262 685/11/262
f 822/275/263 820/273/261 592/276/261
f 826/278/264 587/281/268 585/277/265
f 822/275/263 589/18/263 588/19/267
f 824/280/267 588/19/267 587/281/268
f 594/27/269 598/23/257 847/268/257
f 830/283/271 828/279/266 585/277/265
f 834/285/272 582/290/281 577/284/273
f 850/287/275 848/288/276 574/16/276
f 833/289/277 638/37/277 641/42/278
f 832/291/280 583/292/280 582/290/281
f 830/283/271 584/394/271 583/292/280
f 837/293/282 628/54/282 636/39/283
f 620/294/285 628/54/282 837/293/282
f 840/297/287 575/388/316 569/296/288
f 838/299/290 836/286/274 577/284/273
f 842/298/289 569/296/288 567/300/291
f 845/302/258 601/269/258 604/303/292
f 844/301/291 567/300/291 570/304/294
f 667/306/296 671/272/259 819/270/259
f 816/308/298 683/13/298 685/11/262
f 604/303/292 609/399/299 841/309/299
f 851/311/300 591/26/300 594/27/269
f 641/42/278 645/40/301 829/312/301
f 748/315/15 749/561/15 242/314/15
f 864/318/130 865/577/129 687/317/129
f 998/321/132 945/357/131 618/320/131
f 984/323/134 981/576/133 661/35/133
f 918/325/136 564/385/206 566/21/135
f 231/328/16 230/607/16 743/327/16
f 763/331/10 547/608/137 530/330/137
f 940/333/139 612/361/139 614/332/138
f 976/335/141 669/417/141 670/52/140
f 747/337/13 748/315/13 240/316/13
f 992/340/3 989/596/13 639/339/13
f 919/341/143 923/584/205 573/15/142
f 955/344/17 632/407/17 634/343/12
f 868/347/145 676/419/145 677/346/144
f 907/349/147 554/380/147 555/6/146
f 933/352/149 602/396/211 603/351/148
f 929/355/151 931/588/150 596/354/150
f 944/356/152 617/401/152 618/320/131
f 965/359/154 650/413/154 651/358/153
f 939/362/155 611/381/155 612/361/139
f 612/361/1 611/381/1 610/46/1
f 653/382/1 652/167/1 656/48/1
f 572/389/1 556/387/1 569/296/1
f 529/120/1 521/84/1 518/365/1
f 654/397/1 655/324/1 661/35/1
f 671/272/1 667/306/1 670/52/1
f 570/304/1 571/342/1 573/15/1
f 632/407/1 631/594/1 630/32/1
f 680/271/1 681/421/1 682/12/1
f 552/379/1 553/386/1 556/387/1
f 738/175/251 800/427/251 802/426/302
f 969/225/2 967/429/2 968/428/2
f 729/74/13 728/431/13 700/430/3
f 706/432/6 708/67/9 709/68/9
f 530/330/137 547/608/137 545/99/215
f 725/77/15 724/433/15 726/75/14
f 522/245/80 544/244/256 546/434/157
f 712/435/16 714/82/18 715/83/18
f 679/420/1 678/173/1 689/171/1
f 231/328/9 744/329/9 745/122/9
f 237/338/4 235/123/4 746/124/4
f 948/436/6 623/403/6 624/404/9
f 542/438/303 543/441/164 528/368/304
f 943/439/161 616/400/161 617/401/152
f 752/104/32 753/553/162 515/363/162
f 541/440/163 525/86/163 528/368/304
f 1008/442/5 765/605/5 764/250/4
f 863/443/34 864/318/130 686/319/130
f 539/444/165 526/367/165 525/86/163
f 756/445/166 757/591/18 532/369/18
f 716/446/17 718/72/12 719/73/12
f 531/114/36 759/606/36 760/447/12
f 882/128/2 883/477/2 885/448/2
f 697/425/306 786/179/253 788/146/230
f 739/449/302 802/426/302 804/450/308
f 797/163/245 795/159/241 633/158/241
f 735/451/246 794/166/246 796/142/226
f 610/46/309 807/452/309 805/162/242
f 621/30/310 801/453/310 799/164/244
f 804/450/308 806/169/248 741/170/248
f 652/167/247 789/455/247 787/147/231
f 608/47/229 809/144/229 807/452/309
f 815/155/239 813/157/240 562/156/240
f 615/28/243 803/161/243 801/453/310
f 858/182/2 853/458/2 857/461/2
f 908/221/2 903/470/2 907/469/2
f 934/472/2 935/505/2 936/471/2
f 892/126/2 890/479/2 891/478/2
f 888/193/2 889/480/2 891/478/2
f 872/488/2 870/184/2 871/489/2
f 967/429/2 962/266/2 966/490/2
f 1003/497/2 1002/240/2 1001/238/2
f 604/303/1 601/269/1 600/24/1
f 875/192/2 874/190/2 872/488/2
f 956/516/2 955/188/2 957/511/2
f 609/399/1 618/320/1 619/29/1
f 990/528/2 989/527/2 992/227/2
f 1008/442/5 1006/241/7 767/535/7
f 971/536/173 658/49/173 660/414/84
f 966/360/153 651/358/153 653/382/174
f 516/364/33 755/110/33 756/445/166
f 959/538/11 642/409/11 643/410/10
f 946/540/7 996/565/5 622/402/5
f 778/541/12 1017/542/12 1019/263/11
f 777/543/18 1013/253/18 1015/544/17
f 1018/260/15 772/599/15 774/264/10
f 636/39/283 638/37/277 833/289/277
f 823/546/311 664/34/311 667/306/296
f 850/287/275 578/14/275 591/26/300
f 817/547/260 680/271/260 683/13/298
f 829/312/301 645/40/301 654/397/312
f 848/288/276 846/305/295 570/304/294
f 827/548/313 654/397/312 662/36/314
f 840/297/287 838/299/290 576/390/290
f 841/309/299 609/399/299 620/294/285
f 825/549/315 662/36/314 664/34/311
f 540/550/181 523/85/212 526/367/165
f 988/551/14 961/556/15 644/41/15
f 853/552/182 858/113/35 682/12/35
f 753/553/162 754/111/8 517/109/8
f 1009/242/8 1011/254/16 775/252/16
f 977/336/140 670/52/140 666/415/183
f 961/556/15 960/539/10 643/410/10
f 932/557/184 929/355/151 593/22/151
f 855/558/21 852/585/185 674/418/185
f 867/94/22 675/95/22 676/419/145
f 905/559/186 902/89/20 565/90/20
f 749/561/11 750/560/11 244/92/11
f 1015/544/17 1017/542/12 778/541/12
f 915/563/188 561/383/188 563/384/187
f 996/565/5 994/580/4 629/406/4
f 912/566/190 558/582/202 559/9/189
f 876/568/191 694/423/191 693/55/30
f 979/569/192 978/555/183 666/415/183
f 964/570/195 963/573/194 647/44/194
f 968/537/174 653/382/174 657/571/196
f 963/573/194 986/574/197 648/411/197
f 986/574/197 984/323/134 655/324/134
f 873/248/81 691/246/81 692/422/198
f 981/576/133 979/569/192 665/416/193
f 946/540/7 619/29/7 623/403/6
f 965/359/154 964/570/195 649/412/195
f 879/102/31 688/100/29 687/317/129
f 975/259/85 668/257/83 669/417/141
f 1001/578/200 999/586/199 605/398/199
f 906/579/201 552/379/201 554/380/147
f 760/447/12 761/119/38 535/117/38
f 994/580/4 992/340/3 635/38/3
f 910/581/19 919/341/143 571/342/143
f 909/350/146 555/6/146 558/582/202
f 927/583/204 928/589/209 581/392/203
f 923/584/205 927/583/204 580/393/204
f 905/559/186 553/386/186 552/379/201
f 852/585/185 853/552/182 681/421/182
f 999/586/199 998/321/132 606/322/132
f 957/345/12 634/343/12 642/409/11
f 875/575/198 692/422/198 694/423/191
f 917/564/187 563/384/187 564/385/206
f 934/353/148 603/351/148 607/45/207
f 931/588/150 1004/590/210 597/25/208
f 935/587/207 607/45/207 611/381/155
f 928/589/209 920/326/135 566/21/135
f 913/567/189 559/9/189 561/383/188
f 1004/590/210 1001/578/200 600/24/200
f 970/572/196 657/571/196 658/49/173
f 757/591/18 758/115/37 534/116/37
f 941/334/138 614/332/138 616/400/161
f 546/434/157 751/105/6 520/103/6
f 1014/255/13 768/598/13 770/261/14
f 949/437/9 624/404/9 625/405/8
f 869/348/144 677/346/144 679/420/82
f 950/592/8 625/405/8 627/31/16
f 952/593/16 627/31/16 631/594/18
f 989/596/13 988/551/14 640/408/14
f 953/595/18 631/594/18 632/407/17
f 932/557/184 599/395/184 602/396/211
